"Kod";"Nazwa";"ogółem;2014;[%]";"ogółem;2015;[%]";"ogółem;2016;[%]";"ogółem;2017;[%]";"ogółem;2018;[%]";"ogółem;2019;[%]";"ogółem;2020;[%]";"ogółem;2021;[%]";"ogółem;2022;[%]";"ogółem;2023;[%]";"ogółem;2024;[%]";"ogółem;2025;[%]";
0000000;"POLSKA";7,5;6,5;5,6;4,6;4,2;3,8;4,6;4,0;3,7;3,6;3,6;4,1;
0200000;"DOLNOŚLĄSKIE";6,6;5,5;4,8;3,9;3,6;3,2;4,0;3,4;3,2;3,1;3,3;3,8;
0201000;"Powiat bolesławiecki";4,9;4,2;3,3;2,5;2,3;2,4;3,6;3,0;1,9;1,7;1,9;2,4;
0201011;"Bolesławiec (1)";4,8;4,1;3,2;2,4;2,2;2,3;3,6;2,9;1,9;1,8;2,1;2,6;
0201022;"Bolesławiec (2)";4,8;3,9;2,9;2,2;2,2;2,1;3,1;2,7;1,6;1,5;1,7;2,3;
0201032;"Gromadka (2)";5,5;5,3;4,6;2,7;2,7;2,3;3,8;4,1;2,3;1,5;2,0;1,8;
0201043;"Nowogrodziec (3)";4,1;3,8;3,1;2,5;2,2;2,4;3,7;2,8;1,8;1,7;1,4;1,8;
0201044;"Nowogrodziec - miasto (4)";0,0;0,0;0,0;0,0;0,0;2,3;3,3;2,4;1,6;1,9;1,4;2,1;
0201045;"Nowogrodziec - obszar wiejski (5)";0,0;0,0;0,0;0,0;0,0;2,5;3,9;3,0;1,8;1,7;1,4;1,7;
0201052;"Osiecznica (2)";5,2;4,7;3,6;3,0;2,8;2,9;3,8;3,3;2,1;2,0;1,9;2,3;
0201062;"Warta Bolesławiecka (2)";5,5;4,1;3,5;2,6;2,4;2,5;3,9;3,3;2,1;2,0;2,1;2,9;
0202000;"Powiat dzierżoniowski";7,3;5,3;4,5;3,4;2,9;2,5;3,4;2,7;2,8;3,0;3,3;4,0;
0202011;"Bielawa (1)";6,6;4,7;4,0;2,6;2,2;1,9;2,6;2,3;2,6;2,7;3,1;3,9;
0202021;"Dzierżoniów (1)";7,1;5,4;4,6;3,7;2,9;2,7;3,8;2,9;2,8;2,9;3,3;4,1;
0202031;"Pieszyce (1)";8,4;6,0;;;;;;;;;;;
0202033;"Pieszyce (3)";;;4,7;3,5;3,4;2,7;3,8;2,7;2,8;3,1;3,4;4,2;
0202034;"Pieszyce - miasto (4)";;;0,0;0,0;0,0;3,1;4,2;2,9;3,0;3,4;3,7;4,4;
0202035;"Pieszyce - obszar wiejski (5)";;;0,0;0,0;0,0;1,3;2,4;1,9;2,1;2,4;2,4;3,4;
0202041;"Piława Górna (1)";9,5;6,9;5,8;4,5;3,7;3,4;4,6;3,6;4,0;4,0;4,2;4,8;
0202052;"Dzierżoniów (2)";8,3;6,2;5,2;4,0;3,3;2,6;3,6;2,9;2,6;3,4;3,3;3,8;
0202062;"Łagiewniki (2)";6,0;4,1;3,5;2,9;2,7;2,2;2,8;2,5;2,5;3,0;3,0;3,2;
0202073;"Niemcza (3)";8,2;5,8;5,6;4,1;3,8;2,7;4,1;3,1;2,4;2,5;3,5;4,5;
0202074;"Niemcza - miasto (4)";0,0;0,0;0,0;0,0;0,0;2,9;4,0;3,4;2,3;2,6;3,5;4,5;
0202075;"Niemcza - obszar wiejski (5)";0,0;0,0;0,0;0,0;0,0;2,4;4,3;2,8;2,6;2,4;3,6;4,4;
0203000;"Powiat głogowski";7,2;6,5;5,4;4,8;4,9;3,9;4,4;4,2;3,6;3,7;3,7;4,2;
0203011;"Głogów (1)";6,7;6,0;5,1;4,5;4,5;3,7;4,3;4,1;3,5;3,6;3,7;4,2;
0203022;"Głogów (2)";7,2;7,0;5,5;5,0;5,2;3,6;4,3;4,2;2,9;3,1;3,1;3,6;
0203032;"Jerzmanowa (2)";6,0;5,6;4,4;3,7;3,8;3,5;3,6;3,2;2,5;3,0;2,9;2,9;
0203042;"Kotla (2)";10,3;9,2;7,6;7,5;6,9;4,9;6,1;5,3;4,8;4,5;4,9;4,8;
0203052;"Pęcław (2)";13,8;12,4;9,8;9,4;9,0;7,1;6,9;6,1;6,4;6,0;5,1;6,8;
0203062;"Żukowice (2)";10,8;9,5;7,7;6,7;7,4;5,4;5,4;5,9;5,0;4,3;4,4;4,9;
0204000;"Powiat górowski";11,8;11,4;9,2;8,3;7,7;7,2;8,6;7,8;6,7;6,9;7,0;7,9;
0204013;"Góra (3)";11,5;11,0;8,9;8,0;7,3;7,1;8,4;7,8;6,8;6,9;6,8;8,1;
0204014;"Góra - miasto (4)";0,0;0,0;0,0;0,0;0,0;6,5;7,8;7,2;6,4;6,3;6,6;7,8;
0204015;"Góra - obszar wiejski (5)";0,0;0,0;0,0;0,0;0,0;7,9;9,3;8,6;7,3;7,7;7,1;8,4;
0204022;"Jemielno (2)";13,8;13,7;11,6;9,9;9,0;8,0;9,9;9,6;7,6;8,1;8,4;9,3;
0204032;"Niechlów (2)";13,1;11,6;8,8;8,4;7,8;6,8;9,0;7,7;6,3;6,7;6,8;7,0;
0204043;"Wąsosz (3)";11,1;11,3;9,4;8,1;8,4;7,5;8,5;7,3;6,4;6,4;7,1;7,5;
0204044;"Wąsosz - miasto (4)";0,0;0,0;0,0;0,0;0,0;7,3;8,1;6,7;5,7;5,7;7,0;7,0;
0204045;"Wąsosz - obszar wiejski (5)";0,0;0,0;0,0;0,0;0,0;7,6;8,6;7,6;6,8;6,8;7,2;7,8;
0205000;"Powiat jaworski";9,2;8,5;7,9;6,8;6,3;5,6;6,6;5,8;5,8;5,7;5,8;6,6;
0205011;"Jawor (1)";7,5;6,5;6,2;5,4;4,8;4,2;5,1;4,5;4,6;4,9;5,0;5,8;
0205023;"Bolków (3)";13,8;13,4;12,5;10,6;10,7;9,1;10,9;9,7;9,7;8,8;8,6;9,4;
0205024;"Bolków - miasto (4)";0,0;0,0;0,0;0,0;0,0;7,6;9,6;8,5;8,4;7,8;7,4;8,4;
0205025;"Bolków - obszar wiejski (5)";0,0;0,0;0,0;0,0;0,0;10,5;12,1;10,9;10,9;9,7;9,6;10,3;
0205032;"Męcinka (2)";9,5;9,2;8,0;6,5;5,4;4,7;5,5;4,8;4,7;4,8;4,9;5,6;
0205042;"Mściwojów (2)";9,7;9,2;8,0;6,8;6,0;5,6;6,5;6,0;5,4;5,6;5,8;6,6;
0205052;"Paszowice (2)";8,6;7,6;7,1;6,4;5,4;6,3;6,3;5,0;5,5;4,4;5,8;6,0;
0205062;"Wądroże Wielkie (2)";7,4;6,4;6,4;5,6;6,0;4,7;5,7;5,3;4,9;5,2;5,0;5,5;
0206000;"Powiat karkonoski";7,4;6,0;5,5;4,5;4,4;4,1;5,3;5,4;4,6;4,6;4,7;4,9;
0206011;"Karpacz (1)";6,0;5,0;4,9;3,9;3,7;3,6;4,8;4,6;3,7;3,8;4,0;4,3;
0206021;"Kowary (1)";7,7;6,6;6,0;4,8;4,8;4,6;5,8;6,3;5,6;5,4;5,7;6,0;
0206031;"Piechowice (1)";6,5;4,7;4,6;3,7;3,3;3,4;4,8;4,7;3,9;4,1;4,8;4,7;
0206041;"Szklarska Poręba (1)";7,4;5,4;4,9;3,6;3,8;3,0;4,6;4,6;4,1;3,8;4,0;3,9;
0206052;"Janowice Wielkie (2)";7,8;7,1;6,2;6,3;6,5;5,3;6,0;6,0;5,0;5,6;4,6;5,6;
0206062;"Jeżów Sudecki (2)";6,4;4,8;4,7;3,4;3,1;3,1;3,7;3,8;3,1;3,2;3,7;3,9;
0206072;"Mysłakowice (2)";7,9;6,9;6,3;5,3;5,4;4,9;6,4;6,1;5,7;5,4;5,1;5,4;
0206082;"Podgórzyn (2)";7,8;6,2;5,5;4,4;4,5;4,4;5,4;5,3;4,5;4,7;4,4;5,0;
0206092;"Stara Kamienica (2)";8,5;6,9;5,6;4,9;4,5;4,4;5,8;6,5;5,2;5,1;5,0;4,5;
0207000;"Powiat kamiennogórski";7,8;5,8;5,2;3,7;3,1;3,0;4,3;3,3;3,1;3,1;3,8;4,4;
0207011;"Kamienna Góra (1)";7,6;6,1;5,5;4,0;3,1;3,0;4,4;3,4;3,0;3,3;3,9;4,9;
0207022;"Kamienna Góra (2)";7,7;5,3;4,9;3,9;3,0;2,7;4,0;2,8;2,7;2,6;3,4;3,5;
0207033;"Lubawka (3)";7,3;5,2;4,8;3,1;2,9;2,9;4,1;3,2;3,1;3,2;3,9;4,6;
0207034;"Lubawka - miasto (4)";0,0;0,0;0,0;0,0;0,0;2,5;3,7;2,9;2,8;2,7;3,9;4,6;
0207035;"Lubawka - obszar wiejski (5)";0,0;0,0;0,0;0,0;0,0;3,2;4,5;3,6;3,5;3,7;4,0;4,6;
0207042;"Marciszów (2)";9,9;6,9;5,8;3,9;3,7;3,5;4,9;3,9;3,9;3,1;4,1;4,2;
0208000;"Powiat kłodzki";12,0;10,0;8,1;6,3;6,0;5,7;7,0;6,6;6,4;6,4;7,0;7,4;
0208011;"Duszniki-Zdrój (1)";10,6;10,9;7,1;5,5;5,2;4,7;5,7;5,9;5,6;5,3;5,5;6,0;
0208021;"Kłodzko (1)";11,3;9,4;7,3;5,6;5,3;4,8;6,3;6,2;5,6;5,9;6,6;7,3;
0208031;"Kudowa-Zdrój (1)";14,9;11,8;9,0;6,5;5,1;4,6;5,8;5,4;5,1;5,0;5,8;6,1;
0208041;"Nowa Ruda (1)";10,4;8,8;7,1;5,7;5,3;5,1;6,2;5,7;5,9;6,4;6,4;7,1;
0208051;"Polanica-Zdrój (1)";12,1;9,5;7,2;5,3;4,9;4,8;5,4;5,6;5,5;5,4;6,1;7,0;
0208063;"Bystrzyca Kłodzka (3)";12,8;10,5;8,7;7,3;7,6;7,2;8,5;7,4;7,6;7,6;8,1;8,0;
0208064;"Bystrzyca Kłodzka - miasto (4)";0,0;0,0;0,0;0,0;0,0;7,5;9,5;8,0;8,2;7,8;8,5;8,8;
0208065;"Bystrzyca Kłodzka - obszar wiejski (5)";0,0;0,0;0,0;0,0;0,0;6,8;7,5;6,9;7,0;7,5;7,6;7,2;
0208072;"Kłodzko (2)";12,5;10,7;8,9;6,1;5,6;5,4;6,6;6,5;6,4;6,2;7,2;7,5;
0208083;"Lądek-Zdrój (3)";10,2;8,0;6,9;6,3;6,1;5,3;7,3;6,8;6,9;6,8;8,4;7,1;
0208084;"Lądek-Zdrój - miasto (4)";0,0;0,0;0,0;0,0;0,0;4,6;6,9;6,5;6,5;6,6;8,2;6,9;
0208085;"Lądek-Zdrój - obszar wiejski (5)";0,0;0,0;0,0;0,0;0,0;6,8;8,1;7,4;7,7;7,1;8,8;7,6;
0208092;"Lewin Kłodzki (2)";17,0;14,3;11,2;7,6;6,3;5,4;7,4;6,4;7,0;6,5;7,1;7,1;
0208103;"Międzylesie (3)";13,4;11,2;10,4;9,0;8,5;7,6;8,5;8,7;8,4;8,2;8,6;9,2;
0208104;"Międzylesie - miasto (4)";0,0;0,0;0,0;0,0;0,0;7,2;7,4;8,0;6,5;6,4;7,5;7,9;
0208105;"Międzylesie - obszar wiejski (5)";0,0;0,0;0,0;0,0;0,0;7,9;9,2;9,2;9,5;9,2;9,2;9,9;
0208112;"Nowa Ruda (2)";11,5;9,9;8,4;6,7;6,5;6,2;7,8;7,3;7,1;6,4;7,5;8,3;
0208123;"Radków (3)";12,7;10,3;7,3;6,0;5,1;5,6;6,6;6,7;5,9;6,1;7,1;7,9;
0208124;"Radków - miasto (4)";0,0;0,0;0,0;0,0;0,0;6,4;7,1;7,0;6,8;6,7;7,8;9,8;
0208125;"Radków - obszar wiejski (5)";0,0;0,0;0,0;0,0;0,0;5,3;6,4;6,6;5,6;5,9;6,9;7,2;
0208133;"Stronie Śląskie (3)";12,0;9,5;8,6;6,7;6,5;7,9;8,6;7,4;6,8;6,3;7,2;7,4;
0208134;"Stronie Śląskie - miasto (4)";0,0;0,0;0,0;0,0;0,0;4,8;5,2;4,5;4,1;3,8;4,3;4,0;
0208135;"Stronie Śląskie - obszar wiejski (5)";0,0;0,0;0,0;0,0;0,0;16,8;17,6;14,8;13,6;12,6;14,1;15,1;
0208143;"Szczytna (3)";12,8;10,7;8,4;5,1;6,2;5,3;7,7;7,0;6,2;5,9;6,1;6,8;
0208144;"Szczytna - miasto (4)";0,0;0,0;0,0;0,0;0,0;5,2;7,5;6,3;5,5;5,5;5,6;6,2;
0208145;"Szczytna - obszar wiejski (5)";0,0;0,0;0,0;0,0;0,0;5,6;8,1;8,4;7,8;6,8;7,2;7,9;
0209000;"Powiat legnicki";8,8;7,4;6,7;6,1;5,6;4,9;5,9;5,3;5,2;4,8;4,6;5,1;
0209011;"Chojnów (1)";11,7;9,4;8,5;8,1;7,6;6,8;8,2;7,1;7,6;6,8;7,0;7,8;
0209022;"Chojnów (2)";12,0;9,9;8,9;8,8;8,2;7,6;8,0;7,1;7,1;6,7;6,2;7,0;
0209032;"Krotoszyce (2)";4,9;5,3;4,1;4,4;3,6;2,9;3,7;4,4;3,7;3,7;3,5;2,9;
0209042;"Kunice (2)";5,9;5,1;4,9;3,2;3,3;2,9;3,8;3,8;3,6;3,1;3,0;3,4;
0209052;"Legnickie Pole (2)";4,9;4,6;3,5;3,8;3,4;3,0;3,2;2,9;2,7;2,3;2,6;2,6;
0209062;"Miłkowice (2)";8,0;7,0;6,8;5,1;5,1;4,1;5,2;4,7;4,1;4,0;3,4;3,8;
0209073;"Prochowice (3)";6,4;5,5;5,2;4,7;4,1;3,1;4,9;4,4;4,6;3,8;3,6;4,6;
0209074;"Prochowice - miasto (4)";0,0;0,0;0,0;0,0;0,0;2,8;4,4;3,9;4,0;3,5;3,2;4,4;
0209075;"Prochowice - obszar wiejski (5)";0,0;0,0;0,0;0,0;0,0;3,4;5,3;4,9;5,2;4,1;4,0;4,8;
0209082;"Ruja (2)";9,4;7,3;7,3;5,7;5,0;3,8;5,7;4,7;4,3;5,4;4,9;3,9;
0210000;"Powiat lubański";8,9;6,9;5,6;4,6;3,7;3,5;4,8;3,9;3,5;3,4;3,6;3,9;
0210011;"Lubań (1)";7,0;5,3;4,3;3,3;2,6;2,4;3,4;2,8;2,8;2,8;3,1;3,4;
0210021;"Świeradów-Zdrój (1)";9,1;8,1;5,6;4,8;4,6;3,8;5,5;4,3;3,1;3,2;3,6;3,7;
0210033;"Leśna (3)";12,3;10,6;8,4;7,3;5,3;5,5;6,8;5,4;5,3;4,9;4,8;5,3;
0210034;"Leśna - miasto (4)";0,0;0,0;0,0;0,0;0,0;5,1;6,0;5,0;5,3;4,7;4,9;5,5;
0210035;"Leśna - obszar wiejski (5)";0,0;0,0;0,0;0,0;0,0;5,7;7,4;5,8;5,3;5,0;4,7;5,2;
0210042;"Lubań (2)";9,0;7,8;6,0;4,7;3,4;3,7;4,7;3,7;3,1;2,9;3,3;3,6;
0210053;"Olszyna (3)";9,7;5,7;5,6;5,1;4,5;3,9;5,7;4,6;3,8;3,6;3,3;3,8;
0210054;"Olszyna - miasto (4)";0,0;0,0;0,0;0,0;0,0;3,4;5,0;4,3;3,4;3,3;3,0;3,5;
0210055;"Olszyna - obszar wiejski (5)";0,0;0,0;0,0;0,0;0,0;4,9;7,0;5,1;4,7;4,2;4,1;4,6;
0210062;"Platerówka (2)";9,1;6,2;5,1;4,0;3,3;3,6;4,8;3,2;3,0;2,7;3,2;3,0;
0210072;"Siekierczyn (2)";7,7;5,5;5,1;3,9;3,4;3,5;5,1;4,2;3,4;3,2;3,9;4,4;
0211000;"Powiat lubiński";4,9;3,9;3,4;2,9;2,8;2,4;2,9;2,3;2,2;2,1;2,3;3,0;
0211011;"Lubin (1)";4,5;3,6;3,1;2,6;2,5;2,2;2,8;2,2;2,2;2,1;2,3;3,1;
0211022;"Lubin (2)";4,6;3,8;2,9;2,8;2,6;2,1;2,6;1,6;1,8;1,7;1,8;2,3;
0211032;"Rudna (2)";7,0;5,0;4,7;3,7;3,7;3,5;3,9;3,1;2,7;2,6;3,0;3,6;
0211043;"Ścinawa (3)";7,0;5,2;5,3;4,3;4,3;3,3;3,4;3,2;2,8;2,9;2,9;3,3;
0211044;"Ścinawa - miasto (4)";0,0;0,0;0,0;0,0;0,0;3,0;2,9;2,8;2,5;2,6;2,5;2,7;
0211045;"Ścinawa - obszar wiejski (5)";0,0;0,0;0,0;0,0;0,0;3,6;3,9;3,8;3,2;3,4;3,3;4,0;
0212000;"Powiat lwówecki";10,9;9,4;8,1;6,1;5,8;5,3;5,8;4,3;4,1;4,2;4,2;4,8;
0212013;"Gryfów Śląski (3)";9,1;8,2;6,7;5,7;4,9;4,9;5,2;3,9;3,7;4,0;3,7;4,5;
0212014;"Gryfów Śląski - miasto (4)";0,0;0,0;0,0;0,0;0,0;4,9;5,1;3,9;3,7;3,8;3,5;4,2;
0212015;"Gryfów Śląski - obszar wiejski (5)";0,0;0,0;0,0;0,0;0,0;5,1;5,3;4,0;3,8;4,5;4,2;5,0;
0212023;"Lubomierz (3)";11,5;9,8;8,0;6,4;6,3;5,4;6,2;3,9;3,9;3,8;4,0;4,9;
0212024;"Lubomierz - miasto (4)";0,0;0,0;0,0;0,0;0,0;4,7;6,6;3,3;4,1;4,0;3,9;4,9;
0212025;"Lubomierz - obszar wiejski (5)";0,0;0,0;0,0;0,0;0,0;5,7;6,0;4,2;3,8;3,8;4,0;4,9;
0212033;"Lwówek Śląski (3)";10,2;8,1;7,3;5,0;5,1;4,7;5,2;3,9;3,5;3,8;4,1;4,7;
0212034;"Lwówek Śląski - miasto (4)";0,0;0,0;0,0;0,0;0,0;4,2;5,0;3,4;3,2;3,1;3,2;4,3;
0212035;"Lwówek Śląski - obszar wiejski (5)";0,0;0,0;0,0;0,0;0,0;5,1;5,4;4,3;3,7;4,4;4,8;5,1;
0212043;"Mirsk (3)";13,6;12,5;11,4;8,3;7,5;6,8;7,7;5,3;5,0;4,5;4,4;5,1;
0212044;"Mirsk - miasto (4)";0,0;0,0;0,0;0,0;0,0;5,9;7,0;4,4;4,2;3,4;3,3;4,0;
0212045;"Mirsk - obszar wiejski (5)";0,0;0,0;0,0;0,0;0,0;7,4;8,2;5,9;5,7;5,4;5,2;6,0;
0212053;"Wleń (3)";12,0;10,1;8,3;6,8;6,3;5,3;5,9;4,9;6,0;5,8;5,8;5,3;
0212054;"Wleń - miasto (4)";0,0;0,0;0,0;0,0;0,0;4,6;5,7;4,0;5,3;4,8;4,8;4,9;
0212055;"Wleń - obszar wiejski (5)";0,0;0,0;0,0;0,0;0,0;5,7;6,0;5,4;6,5;6,4;6,4;5,6;
0213000;"Powiat milicki";8,2;6,8;5,7;4,5;4,0;3,9;4,5;3,5;3,9;3,8;3,6;4,4;
0213012;"Cieszków (2)";10,4;8,1;7,3;5,6;5,5;4,8;5,6;4,5;4,8;4,8;4,0;4,4;
0213022;"Krośnice (2)";7,3;5,8;5,0;4,1;3,3;3,4;3,8;3,0;3,6;3,4;3,3;4,1;
0213033;"Milicz (3)";8,0;6,9;5,6;4,5;4,0;3,9;4,5;3,5;3,8;3,8;3,7;4,5;
0213034;"Milicz - miasto (4)";0,0;0,0;0,0;0,0;0,0;3,7;4,3;2,7;3,3;3,8;3,5;4,4;
0213035;"Milicz - obszar wiejski (5)";0,0;0,0;0,0;0,0;0,0;4,1;4,6;4,1;4,1;3,8;3,8;4,6;
0214000;"Powiat oleśnicki";6,5;5,4;4,4;3,4;3,1;3,0;4,1;3,4;3,5;3,5;3,6;4,3;
0214011;"Oleśnica (1)";5,3;4,5;3,8;2,7;2,2;2,3;3,7;2,6;2,8;2,6;3,0;3,9;
0214023;"Bierutów (3)";7,4;6,2;5,3;5,4;5,2;5,2;6,3;5,4;5,3;5,3;5,2;5,4;
0214024;"Bierutów - miasto (4)";0,0;0,0;0,0;0,0;0,0;5,2;6,3;5,7;5,0;5,2;5,0;5,7;
0214025;"Bierutów - obszar wiejski (5)";0,0;0,0;0,0;0,0;0,0;5,2;6,3;5,2;5,5;5,3;5,3;5,2;
0214032;"Dobroszyce (2)";5,3;4,3;3,4;2,0;2,0;2,4;3,2;2,3;2,1;2,0;2,0;2,6;
0214042;"Dziadowa Kłoda (2)";7,7;6,2;5,9;5,1;4,7;4,3;4,8;4,3;5,3;4,4;4,5;5,2;
0214053;"Międzybórz (3)";8,2;7,1;6,0;4,4;3,9;3,4;4,8;4,6;5,3;5,0;5,0;5,3;
0214054;"Międzybórz - miasto (4)";0,0;0,0;0,0;0,0;0,0;2,7;3,9;3,9;4,3;4,5;4,4;4,7;
0214055;"Międzybórz - obszar wiejski (5)";0,0;0,0;0,0;0,0;0,0;4,0;5,5;5,2;6,0;5,4;5,5;5,9;
0214062;"Oleśnica (2)";5,6;4,5;3,6;2,3;2,1;2,1;2,9;2,3;1,9;2,2;2,2;3,2;
0214073;"Syców (3)";7,5;6,7;5,2;4,6;4,2;3,8;4,5;4,3;4,6;4,6;4,6;5,0;
0214074;"Syców - miasto (4)";0,0;0,0;0,0;0,0;0,0;3,8;4,8;4,3;4,5;4,6;4,8;5,3;
0214075;"Syców - obszar wiejski (5)";0,0;0,0;0,0;0,0;0,0;3,8;4,1;4,2;4,6;4,5;4,5;4,7;
0214083;"Twardogóra (3)";8,4;5,8;4,6;2,8;2,9;3,1;4,3;4,1;4,7;4,7;4,7;5,9;
0214084;"Twardogóra - miasto (4)";0,0;0,0;0,0;0,0;0,0;3,1;4,5;4,2;4,6;4,5;4,8;6,0;
0214085;"Twardogóra - obszar wiejski (5)";0,0;0,0;0,0;0,0;0,0;3,1;4,0;4,0;4,8;4,9;4,7;5,9;
0215000;"Powiat oławski";6,4;5,8;5,4;4,5;4,4;3,5;4,0;3,1;3,4;3,2;3,5;4,1;
0215011;"Oława (1)";7,1;6,3;5,8;5,1;4,8;3,9;4,2;3,1;3,6;3,6;3,7;4,2;
0215022;"Domaniów (2)";7,5;7,1;6,5;5,0;4,6;3,8;4,1;4,2;4,0;3,3;3,8;4,8;
0215033;"Jelcz-Laskowice (3)";4,5;4,0;3,9;2,9;3,2;2,8;3,4;2,5;2,9;2,7;3,2;3,8;
0215034;"Jelcz-Laskowice - miasto (4)";0,0;0,0;0,0;0,0;0,0;2,8;3,6;2,6;3,1;3,0;3,5;4,2;
0215035;"Jelcz-Laskowice - obszar wiejski (5)";0,0;0,0;0,0;0,0;0,0;2,8;3,0;2,3;2,6;2,4;2,8;3,4;
0215042;"Oława (2)";7,6;7,1;6,5;5,5;5,2;3,8;4,6;3,5;3,5;3,2;3,6;4,1;
0216000;"Powiat polkowicki";7,2;6,1;5,6;4,5;4,3;4,2;4,9;4,6;4,3;4,1;4,1;4,4;
0216013;"Chocianów (3)";8,1;7,0;6,7;5,5;5,2;5,2;6,4;6,3;4,7;5,4;4,9;5,2;
0216014;"Chocianów - miasto (4)";0,0;0,0;0,0;0,0;0,0;5,7;7,0;6,9;5,1;6,2;5,5;5,5;
0216015;"Chocianów - obszar wiejski (5)";0,0;0,0;0,0;0,0;0,0;4,5;5,5;5,3;4,2;4,3;4,2;4,7;
0216022;"Gaworzyce (2)";9,4;6,8;5,2;4,0;3,9;3,3;4,1;3,4;4,1;3,5;3,9;4,0;
0216032;"Grębocice (2)";8,9;7,5;6,5;5,4;4,2;4,5;5,6;4,7;4,9;4,0;3,9;4,7;
0216043;"Polkowice (3)";5,3;4,3;4,1;3,1;3,3;3,0;3,6;3,3;3,3;3,1;3,5;4,0;
0216044;"Polkowice - miasto (4)";0,0;0,0;0,0;0,0;0,0;3,1;3,7;3,4;3,5;3,4;3,8;4,3;
0216045;"Polkowice - obszar wiejski (5)";0,0;0,0;0,0;0,0;0,0;2,9;3,2;3,1;2,6;2,0;2,5;3,1;
0216053;"Przemków (3)";9,7;8,9;8,2;6,8;6,5;6,6;6,6;7,0;6,6;6,3;5,5;5,5;
0216054;"Przemków - miasto (4)";0,0;0,0;0,0;0,0;0,0;6,3;6,2;6,9;6,8;6,1;5,6;5,4;
0216055;"Przemków - obszar wiejski (5)";0,0;0,0;0,0;0,0;0,0;7,5;7,8;7,1;6,2;6,7;5,3;5,6;
0216062;"Radwanice (2)";7,3;5,7;5,8;5,2;4,2;4,6;4,9;4,6;3,8;3,5;3,5;3,5;
0217000;"Powiat strzeliński";7,9;6,9;6,5;5,9;5,7;5,3;6,4;6,1;5,7;5,6;5,8;6,6;
0217012;"Borów (2)";5,6;4,7;4,8;4,3;4,2;4,1;4,9;5,3;4,8;4,4;4,8;5,4;
0217022;"Kondratowice (2)";10,3;8,8;7,8;6,6;7,5;6,8;7,9;7,9;7,4;7,1;7,7;9,2;
0217032;"Przeworno (2)";10,1;8,4;7,6;6,3;6,7;6,0;7,5;6,5;6,1;6,2;5,6;6,6;
0217043;"Strzelin (3)";7,8;6,8;6,5;6,2;5,5;5,4;6,4;5,9;5,7;5,6;5,9;6,7;
0217044;"Strzelin - miasto (4)";0,0;0,0;0,0;0,0;0,0;5,7;6,7;5,8;5,5;5,4;5,9;6,7;
0217045;"Strzelin - obszar wiejski (5)";0,0;0,0;0,0;0,0;0,0;5,0;6,0;6,1;5,8;5,9;6,0;6,6;
0217053;"Wiązów (3)";7,1;6,9;6,3;5,4;5,6;4,7;6,1;5,9;5,3;5,3;4,9;5,9;
0217054;"Wiązów - miasto (4)";0,0;0,0;0,0;0,0;0,0;5,0;6,3;6,3;5,4;5,1;4,3;5,7;
0217055;"Wiązów - obszar wiejski (5)";0,0;0,0;0,0;0,0;0,0;4,6;6,0;5,6;5,2;5,4;5,1;6,0;
0218000;"Powiat średzki";5,7;4,5;4,2;3,6;3,4;3,1;3,8;3,5;3,0;2,9;3,2;3,5;
0218012;"Kostomłoty (2)";6,4;5,4;5,1;4,7;4,7;4,1;4,7;4,7;3,9;3,8;4,1;4,5;
0218022;"Malczyce (2)";6,6;4,4;3,7;2,9;3,2;3,1;3,9;3,5;3,5;3,6;3,9;4,3;
0218032;"Miękinia (2)";5,0;3,9;3,7;3,1;2,9;2,5;3,2;2,8;2,1;;;;
0218033;"Miękinia (3)";;;;;;;;;;2,1;2,3;2,4;
0218034;"Miękinia - miasto (4)";;;;;;;;;;1,7;2,9;3,0;
0218035;"Miękinia - obszar wiejski (5)";;;;;;;;;;2,1;2,2;2,3;
0218043;"Środa Śląska (3)";5,7;4,4;3,8;3,4;3,2;2,8;3,7;3,4;3,1;3,0;3,4;3,9;
0218044;"Środa Śląska - miasto (4)";0,0;0,0;0,0;0,0;0,0;2,4;2,9;2,8;2,7;2,9;2,9;3,6;
0218045;"Środa Śląska - obszar wiejski (5)";0,0;0,0;0,0;0,0;0,0;3,3;4,4;4,0;3,4;3,1;3,8;4,3;
0218052;"Udanin (2)";6,0;5,8;6,0;5,3;4,6;4,8;5,3;5,1;4,5;4,3;5,0;5,4;
0219000;"Powiat świdnicki";6,4;5,7;5,1;4,1;3,8;3,5;4,5;3,7;3,6;3,9;4,1;4,7;
0219011;"Świdnica (1)";5,4;4,8;4,3;3,5;3,1;2,9;4,0;3,0;3,0;3,2;3,4;4,2;
0219021;"Świebodzice (1)";7,4;7,3;6,3;5,0;5,3;5,0;5,9;5,6;5,4;5,6;5,6;6,3;
0219032;"Dobromierz (2)";10,9;10,4;9,8;8,7;7,5;7,1;7,7;6,9;7,0;6,6;6,7;7,3;
0219043;"Jaworzyna Śląska (3)";6,0;5,3;4,5;3,3;3,4;3,0;3,9;2,7;2,8;3,4;4,2;4,4;
0219044;"Jaworzyna Śląska - miasto (4)";0,0;0,0;0,0;0,0;0,0;2,7;3,8;3,0;3,2;3,5;4,6;4,7;
0219045;"Jaworzyna Śląska - obszar wiejski (5)";0,0;0,0;0,0;0,0;0,0;3,4;4,1;2,5;2,4;3,4;3,8;4,2;
0219052;"Marcinowice (2)";4,7;4,8;4,7;3,7;3,4;2,7;3,5;2,4;2,5;3,1;2,5;3,7;
0219063;"Strzegom (3)";8,4;6,8;6,4;5,2;4,7;4,4;5,5;4,9;4,9;5,3;5,6;5,9;
0219064;"Strzegom - miasto (4)";0,0;0,0;0,0;0,0;0,0;4,2;5,4;4,7;4,8;5,3;5,5;6,0;
0219065;"Strzegom - obszar wiejski (5)";0,0;0,0;0,0;0,0;0,0;4,7;5,6;5,2;5,0;5,4;5,7;5,8;
0219072;"Świdnica (2)";5,9;5,2;4,2;3,2;2,9;2,6;3,5;2,6;2,6;2,5;3,0;3,6;
0219083;"Żarów (3)";4,6;4,0;3,4;2,9;2,4;2,2;3,2;2,1;2,3;2,4;3,0;3,0;
0219084;"Żarów - miasto (4)";0,0;0,0;0,0;0,0;0,0;2,0;3,6;2,1;2,4;2,5;2,9;3,3;
0219085;"Żarów - obszar wiejski (5)";0,0;0,0;0,0;0,0;0,0;2,6;2,8;2,1;2,2;2,2;3,2;2,6;
0220000;"Powiat trzebnicki";5,6;4,7;4,3;3,6;3,3;2,9;3,2;2,7;2,7;2,8;2,9;3,4;
0220013;"Oborniki Śląskie (3)";5,0;4,0;3,7;3,2;2,5;2,3;2,6;2,0;2,0;2,2;2,3;2,8;
0220014;"Oborniki Śląskie - miasto (4)";0,0;0,0;0,0;0,0;0,0;2,1;2,3;1,9;2,0;2,1;2,0;2,7;
0220015;"Oborniki Śląskie - obszar wiejski (5)";0,0;0,0;0,0;0,0;0,0;2,4;2,7;2,0;2,0;2,2;2,5;2,8;
0220023;"Prusice (3)";6,3;5,4;4,8;3,7;3,4;2,9;3,1;2,6;2,6;2,7;3,0;3,7;
0220024;"Prusice - miasto (4)";0,0;0,0;0,0;0,0;0,0;3,8;4,0;3,4;3,4;4,3;4,7;4,8;
0220025;"Prusice - obszar wiejski (5)";0,0;0,0;0,0;0,0;0,0;2,6;2,8;2,4;2,3;2,2;2,4;3,4;
0220033;"Trzebnica (3)";5,5;4,4;3,9;3,1;3,1;2,6;3,0;2,4;2,4;2,6;2,5;3,3;
0220034;"Trzebnica - miasto (4)";0,0;0,0;0,0;0,0;0,0;2,5;2,7;2,4;2,3;2,5;2,7;3,4;
0220035;"Trzebnica - obszar wiejski (5)";0,0;0,0;0,0;0,0;0,0;2,8;3,2;2,4;2,5;2,7;2,3;3,1;
0220042;"Wisznia Mała (2)";4,1;3,7;3,1;2,3;2,1;1,9;2,1;1,6;1,6;1,6;1,6;1,9;
0220052;"Zawonia (2)";5,6;4,7;4,5;3,6;3,6;2,6;2,9;3,0;2,9;2,7;3,2;4,6;
0220063;"Żmigród (3)";7,2;6,4;6,1;5,8;5,4;5,3;5,6;5,2;5,3;5,3;5,6;5,5;
0220064;"Żmigród - miasto (4)";0,0;0,0;0,0;0,0;0,0;5,3;5,0;4,8;4,5;4,8;4,8;5,2;
0220065;"Żmigród - obszar wiejski (5)";0,0;0,0;0,0;0,0;0,0;5,3;6,1;5,5;6,0;5,7;6,2;5,8;
0221000;"Powiat wałbrzyski";9,8;8,3;7,1;5,1;5,0;4,6;5,7;5,1;4,6;4,6;4,6;4,2;
0221011;"Boguszów-Gorce (1)";12,5;10,2;9,2;7,0;7,0;5,9;7,4;6,7;6,4;6,3;6,4;5,4;
0221021;"Jedlina-Zdrój (1)";8,0;7,0;6,0;4,0;3,9;4,9;5,1;4,4;3,5;3,1;3,2;3,3;
0221031;"Szczawno-Zdrój (1)";7,1;6,1;5,4;3,9;4,0;3,0;4,0;2,9;2,8;2,6;2,9;3,7;
0221042;"Czarny Bór (2)";10,3;9,1;6,8;6,1;4,8;4,0;5,5;5,7;5,1;5,2;5,2;4,0;
0221053;"Głuszyca (3)";8,6;7,6;5,4;3,1;2,8;2,9;5,0;3,9;3,4;3,4;4,1;3,7;
0221054;"Głuszyca - miasto (4)";0,0;0,0;0,0;0,0;0,0;2,8;4,9;4,0;3,5;3,5;4,2;3,9;
0221055;"Głuszyca - obszar wiejski (5)";0,0;0,0;0,0;0,0;0,0;3,1;5,3;3,7;3,3;3,4;4,0;3,1;
0221063;"Mieroszów (3)";8,6;8,0;6,6;4,4;4,3;4,2;4,6;4,5;4,4;3,8;3,3;3,6;
0221064;"Mieroszów - miasto (4)";0,0;0,0;0,0;0,0;0,0;3,9;4,6;4,3;4,4;3,7;3,6;3,8;
0221065;"Mieroszów - obszar wiejski (5)";0,0;0,0;0,0;0,0;0,0;4,8;4,6;4,9;4,5;3,8;2,9;3,3;
0221072;"Stare Bogaczowice (2)";7,8;6,3;5,5;4,0;4,4;3,8;4,2;3,3;2,4;2,9;3,5;3,5;
0221082;"Walim (2)";10,5;9,1;8,9;5,6;6,6;6,6;7,4;6,7;5,9;6,5;5,4;4,7;
0222000;"Powiat wołowski";9,8;8,0;8,2;7,1;6,6;6,3;7,2;7,0;6,7;6,7;6,2;6,7;
0222013;"Brzeg Dolny (3)";7,6;5,9;6,1;4,3;4,2;3,7;4,8;4,3;4,3;4,3;4,2;5,3;
0222014;"Brzeg Dolny - miasto (4)";0,0;0,0;0,0;0,0;0,0;3,6;4,5;3,8;4,1;3,8;3,9;4,9;
0222015;"Brzeg Dolny - obszar wiejski (5)";0,0;0,0;0,0;0,0;0,0;3,8;5,9;6,0;5,3;5,9;5,3;6,7;
0222022;"Wińsko (2)";12,2;10,5;10,3;9,8;8,6;8,2;9,0;9,1;9,5;9,4;8,3;8,7;
0222033;"Wołów (3)";10,5;8,5;8,8;8,0;7,5;7,4;8,3;8,1;7,5;7,5;7,0;7,1;
0222034;"Wołów - miasto (4)";0,0;0,0;0,0;0,0;0,0;7,0;7,9;7,7;7,2;7,3;6,9;7,1;
0222035;"Wołów - obszar wiejski (5)";0,0;0,0;0,0;0,0;0,0;7,9;8,9;8,7;7,7;7,6;7,1;7,1;
0223000;"Powiat wrocławski";2,9;2,5;2,1;1,6;1,5;1,3;1,6;1,4;1,2;1,1;1,2;1,5;
0223012;"Czernica (2)";3,2;2,7;2,1;1,7;1,7;1,4;1,5;1,5;1,1;0,9;1,1;1,3;
0223022;"Długołęka (2)";2,5;2,0;1,8;1,3;1,2;1,0;1,6;1,3;0,9;1,0;1,1;1,4;
0223032;"Jordanów Śląski (2)";3,0;3,2;3,4;2,1;1,9;1,1;1,7;1,6;1,6;1,1;0,9;1,8;
0223043;"Kąty Wrocławskie (3)";2,6;2,1;1,9;1,5;1,4;1,2;1,5;1,3;1,1;1,0;1,0;1,3;
0223044;"Kąty Wrocławskie - miasto (4)";0,0;0,0;0,0;0,0;0,0;1,2;1,3;1,0;1,4;1,1;1,1;1,3;
0223045;"Kąty Wrocławskie - obszar wiejski (5)";0,0;0,0;0,0;0,0;0,0;1,2;1,6;1,4;1,1;1,0;1,0;1,4;
0223052;"Kobierzyce (2)";2,5;2,2;1,9;1,4;1,4;1,4;1,8;1,4;1,1;1,0;1,0;1,5;
0223062;"Mietków (2)";3,3;3,1;2,1;2,3;2,1;2,2;2,7;2,2;1,9;2,0;2,0;2,1;
0223073;"Sobótka (3)";3,8;3,5;2,9;2,1;1,8;1,5;2,3;2,2;2,2;1,8;1,8;2,5;
0223074;"Sobótka - miasto (4)";0,0;0,0;0,0;0,0;0,0;1,4;2,0;2,0;2,1;1,7;1,7;2,6;
0223075;"Sobótka - obszar wiejski (5)";0,0;0,0;0,0;0,0;0,0;1,6;2,5;2,3;2,4;1,9;1,9;2,4;
0223083;"Siechnice (3)";2,9;2,5;2,3;1,6;1,4;1,2;1,4;1,4;1,1;1,1;1,3;1,7;
0223084;"Siechnice - miasto (4)";0,0;0,0;0,0;0,0;0,0;1,1;1,4;1,4;1,0;1,1;1,5;1,7;
0223085;"Siechnice - obszar wiejski (5)";0,0;0,0;0,0;0,0;0,0;1,3;1,5;1,3;1,1;1,1;1,2;1,6;
0223092;"Żórawina (2)";3,4;3,3;2,4;1,9;1,8;1,5;1,8;1,7;1,3;1,3;1,3;1,6;
0224000;"Powiat ząbkowicki";10,1;8,0;7,6;6,4;6,0;5,2;6,0;5,0;5,2;5,6;5,8;6,5;
0224013;"Bardo (3)";12,0;8,7;8,0;7,1;5,4;5,5;5,5;4,5;5,0;5,2;5,7;6,6;
0224014;"Bardo - miasto (4)";0,0;0,0;0,0;0,0;0,0;5,0;4,9;4,5;4,8;5,0;6,3;7,5;
0224015;"Bardo - obszar wiejski (5)";0,0;0,0;0,0;0,0;0,0;5,9;6,1;4,4;5,2;5,5;5,1;5,9;
0224022;"Ciepłowody (2)";11,7;9,4;7,5;6,3;6,0;6,1;6,1;5,0;5,2;6,7;6,4;7,0;
0224032;"Kamieniec Ząbkowicki (2)";8,9;7,4;6,3;5,3;5,6;5,2;5,7;;;;;;
0224033;"Kamieniec Ząbkowicki (3)";;;;;;;;4,2;5,0;4,9;5,0;5,5;
0224034;"Kamieniec Ząbkowicki - miasto (4)";;;;;;;;3,4;3,6;3,9;4,5;4,9;
0224035;"Kamieniec Ząbkowicki - obszar wiejski (5)";;;;;;;;5,4;6,9;6,2;5,6;6,3;
0224042;"Stoszowice (2)";10,0;8,2;8,3;8,7;8,0;5,3;5,2;4,9;5,1;5,5;5,1;5,3;
0224053;"Ząbkowice Śląskie (3)";9,0;7,3;7,4;6,2;5,9;4,5;5,1;4,3;4,4;4,8;5,0;6,2;
0224054;"Ząbkowice Śląskie - miasto (4)";0,0;0,0;0,0;0,0;0,0;4,4;5,0;4,3;4,4;4,8;5,1;6,4;
0224055;"Ząbkowice Śląskie - obszar wiejski (5)";0,0;0,0;0,0;0,0;0,0;4,9;5,3;4,4;4,3;4,8;4,8;5,8;
0224063;"Ziębice (3)";9,6;7,5;7,1;5,7;5,6;5,0;6,9;5,8;5,9;6,1;6,7;6,8;
0224064;"Ziębice - miasto (4)";0,0;0,0;0,0;0,0;0,0;4,8;6,4;5,4;5,5;5,8;7,1;7,2;
0224065;"Ziębice - obszar wiejski (5)";0,0;0,0;0,0;0,0;0,0;5,2;7,3;6,1;6,4;6,5;6,3;6,4;
0224073;"Złoty Stok (3)";16,2;11,5;11,7;8,0;7,5;7,6;8,7;7,4;7,8;8,3;8,5;10,0;
0224074;"Złoty Stok - miasto (4)";0,0;0,0;0,0;0,0;0,0;7,2;8,7;7,6;8,1;8,4;9,1;11,1;
0224075;"Złoty Stok - obszar wiejski (5)";0,0;0,0;0,0;0,0;0,0;8,1;8,6;7,0;7,3;8,1;7,6;8,4;
0225000;"Powiat zgorzelecki";6,3;4,5;3,9;2,7;2,6;2,5;3,1;2,8;2,6;2,5;2,8;3,0;
0225011;"Zawidów (1)";5,4;3,7;2,6;1,3;1,7;2,3;3,2;2,2;1,9;1,9;1,9;1,8;
0225021;"Zgorzelec (1)";5,6;4,1;3,5;2,5;2,4;2,1;2,7;2,4;2,4;2,3;2,5;2,8;
0225033;"Bogatynia (3)";6,0;3,7;3,6;2,4;2,1;2,2;2,5;2,6;2,2;2,1;2,4;2,6;
0225034;"Bogatynia - miasto (4)";0,0;0,0;0,0;0,0;0,0;1,9;2,2;2,3;2,1;2,0;2,3;2,6;
0225035;"Bogatynia - obszar wiejski (5)";0,0;0,0;0,0;0,0;0,0;3,2;3,3;3,4;2,6;2,3;2,5;2,8;
0225043;"Pieńsk (3)";7,4;6,3;5,2;3,9;3,5;3,7;4,3;3,5;3,3;3,7;4,1;4,2;
0225044;"Pieńsk - miasto (4)";0,0;0,0;0,0;0,0;0,0;3,6;4,3;3,4;3,2;3,6;3,8;3,8;
0225045;"Pieńsk - obszar wiejski (5)";0,0;0,0;0,0;0,0;0,0;3,8;4,4;3,8;3,5;4,0;4,7;4,8;
0225052;"Sulików (2)";8,8;6,6;5,4;3,8;3,5;3,4;4,0;4,2;3,7;4,1;3,6;3,4;
0225063;"Węgliniec (3)";6,6;4,9;4,6;3,7;3,5;3,6;4,5;3,9;3,4;3,1;3,6;3,7;
0225064;"Węgliniec - miasto (4)";0,0;0,0;0,0;0,0;0,0;2,8;3,5;2,8;2,0;2,2;2,7;3,0;
0225065;"Węgliniec - obszar wiejski (5)";0,0;0,0;0,0;0,0;0,0;4,0;5,1;4,5;4,0;3,5;4,1;4,1;
0225072;"Zgorzelec (2)";6,2;4,8;3,8;2,2;2,5;2,0;2,6;2,2;2,1;2,2;2,5;2,6;
0226000;"Powiat złotoryjski";12,4;10,5;9,4;8,0;7,4;6,8;7,7;6,8;7,2;7,0;7,5;7,7;
0226011;"Wojcieszów (1)";14,2;12,9;12,4;9,5;8,2;8,0;8,9;8,7;8,8;8,4;9,6;10,2;
0226021;"Złotoryja (1)";9,7;7,7;7,0;6,0;5,8;5,4;5,6;5,2;5,8;6,2;6,5;6,5;
0226032;"Pielgrzymka (2)";14,7;12,8;11,3;9,9;10,0;8,4;9,4;8,2;8,3;7,9;8,6;8,7;
0226043;"Świerzawa (3)";16,8;14,0;12,5;10,5;9,4;8,8;10,8;9,2;9,5;9,0;9,0;9,7;
0226044;"Świerzawa - miasto (4)";0,0;0,0;0,0;0,0;0,0;9,2;11,5;10,3;11,0;10,3;8,8;9,6;
0226045;"Świerzawa - obszar wiejski (5)";0,0;0,0;0,0;0,0;0,0;8,6;10,5;8,7;8,9;8,4;9,1;9,7;
0226052;"Zagrodno (2)";12,4;10,7;9,7;8,3;7,2;6,2;7,7;6,7;6,8;6,0;6,1;6,9;
0226062;"Złotoryja (2)";11,4;10,1;8,4;7,6;6,8;6,3;6,8;5,7;6,3;6,2;6,9;6,9;
0261000;"Powiat m. Jelenia Góra";5,1;3,9;3,2;2,6;2,6;2,4;3,5;2,9;2,8;3,0;3,2;3,4;
0261011;"Jelenia Góra (1)";5,1;3,9;3,2;2,6;2,6;2,4;3,5;2,9;2,8;3,0;3,2;3,4;
0262000;"Powiat m. Legnica";6,1;5,2;4,8;4,1;3,8;3,3;4,6;4,3;4,3;3,7;4,0;4,7;
0262011;"Legnica (1)";6,1;5,2;4,8;4,1;3,8;3,3;4,6;4,3;4,3;3,7;4,0;4,7;
0264000;"Powiat m. Wrocław";3,6;3,0;2,6;2,1;1,9;1,7;2,3;1,9;1,6;1,5;1,6;2,2;
0264011;"Wrocław (1)";3,6;3,0;2,6;2,1;1,9;1,7;2,3;1,9;1,6;1,5;1,6;2,2;
0265000;"Powiat m. Wałbrzych od 2013";8,0;6,3;5,6;4,5;3,7;3,0;4,0;3,1;2,8;2,9;3,5;4,0;
0265011;"Wałbrzych od 2013 (1)";8,0;6,3;5,6;4,5;3,7;3,0;4,0;3,1;2,8;2,9;3,5;4,0;
0400000;"KUJAWSKO-POMORSKIE";9,6;8,2;7,6;6,4;5,7;5,1;6,1;5,2;4,8;4,7;4,8;5,2;
0401000;"Powiat aleksandrowski";13,1;10,9;9,8;8,3;7,6;7,3;9,2;7,2;6,5;6,3;5,9;7,0;
0401011;"Aleksandrów Kujawski (1)";13,8;11,7;10,2;8,7;8,1;8,1;10,5;8,3;7,2;7,0;6,7;8,9;
0401021;"Ciechocinek (1)";10,5;9,4;9,0;8,1;7,2;6,7;8,9;6,8;6,4;6,1;6,0;6,7;
0401031;"Nieszawa (1)";17,4;15,3;13,4;11,2;10,8;9,1;11,7;9,0;6,9;7,2;6,3;8,2;
0401042;"Aleksandrów Kujawski (2)";14,2;11,2;9,9;8,5;7,8;7,4;9,6;7,2;6,3;6,3;5,8;6,7;
0401052;"Bądkowo (2)";10,6;8,2;7,6;6,2;5,0;4,8;5,3;4,7;4,8;5,4;4,7;5,5;
0401062;"Koneck (2)";14,6;11,1;9,8;7,5;7,9;7,5;8,0;6,7;7,1;6,5;5,2;5,8;
0401072;"Raciążek (2)";12,7;9,5;9,0;7,7;7,1;6,7;8,9;6,8;5,1;5,1;5,1;6,2;
0401082;"Waganiec (2)";14,1;12,0;11,4;9,1;8,4;8,1;9,9;8,2;7,4;6,7;6,5;7,0;
0401092;"Zakrzewo (2)";12,5;11,0;9,7;7,5;6,6;6,7;8,3;6,6;5,8;5,4;5,4;5,7;
0402000;"Powiat brodnicki";8,2;7,1;6,2;5,0;4,6;4,6;5,5;4,0;4,3;4,2;4,2;4,7;
0402011;"Brodnica (1)";7,3;6,8;5,9;4,7;4,5;4,5;5,4;3,8;4,0;4,2;4,3;5,2;
0402022;"Bobrowo (2)";9,7;8,4;7,5;6,2;5,4;4,9;6,7;5,0;5,2;4,9;4,7;5,3;
0402032;"Brodnica (2)";7,5;5,6;5,0;3,9;3,8;3,5;4,4;2,9;3,4;3,0;3,4;3,5;
0402042;"Brzozie (2)";7,2;5,9;5,7;4,7;4,8;3,8;4,9;4,1;4,3;3,8;3,7;3,7;
0402053;"Górzno (3)";7,3;5,4;4,5;3,7;3,4;3,2;3,5;2,7;3,8;3,6;2,8;3,4;
0402054;"Górzno - miasto (4)";0,0;0,0;0,0;0,0;0,0;2,0;2,4;2,4;2,2;3,0;2,2;2,6;
0402055;"Górzno - obszar wiejski (5)";0,0;0,0;0,0;0,0;0,0;3,9;4,1;2,9;4,8;4,0;3,2;3,8;
0402062;"Bartniczka (2)";7,2;6,2;5,3;3,9;4,1;4,3;4,6;3,3;3,5;3,3;3,7;3,6;
0402073;"Jabłonowo Pomorskie (3)";10,3;8,4;7,5;5,7;5,4;5,9;7,1;4,8;5,3;5,3;4,8;5,5;
0402074;"Jabłonowo Pomorskie - miasto (4)";0,0;0,0;0,0;0,0;0,0;5,0;6,5;4,2;4,7;4,4;4,4;5,4;
0402075;"Jabłonowo Pomorskie - obszar wiejski (5)";0,0;0,0;0,0;0,0;0,0;6,5;7,5;5,2;5,8;6,0;5,1;5,6;
0402082;"Osiek (2)";9,8;8,4;7,1;6,3;5,1;4,8;6,5;4,3;4,7;4,8;4,8;4,7;
0402092;"Świedziebnia (2)";8,7;7,1;6,6;5,2;4,9;5,0;5,7;4,1;4,2;3,8;4,1;4,9;
0402102;"Zbiczno (2)";9,5;9,2;8,2;6,5;5,4;5,8;6,1;5,5;5,7;5,1;5,1;5,1;
0403000;"Powiat bydgoski";6,5;4,8;4,3;3,6;3,2;2,4;3,0;2,2;1,9;1,7;1,8;1,9;
0403012;"Białe Błota (2)";4,7;3,4;2,9;2,6;2,6;1,9;2,2;1,7;1,3;1,3;1,5;1,5;
0403022;"Dąbrowa Chełmińska (2)";6,5;5,0;4,7;4,0;3,6;2,5;3,2;2,6;2,5;2,2;2,5;2,4;
0403032;"Dobrcz (2)";6,7;4,7;4,3;3,6;3,0;2,2;3,0;2,0;1,6;1,4;1,9;1,7;
0403043;"Koronowo (3)";10,5;8,2;6,7;5,3;4,4;3,2;4,1;3,0;2,5;2,3;2,3;2,4;
0403044;"Koronowo - miasto (4)";0,0;0,0;0,0;0,0;0,0;3,1;3,9;2,8;2,4;2,2;2,2;2,3;
0403045;"Koronowo - obszar wiejski (5)";0,0;0,0;0,0;0,0;0,0;3,3;4,3;3,1;2,6;2,4;2,3;2,4;
0403052;"Nowa Wieś Wielka (2)";5,8;3,8;3,7;3,1;3,1;2,2;3,1;2,5;2,2;2,1;1,8;2,1;
0403062;"Osielsko (2)";4,3;3,2;3,3;2,7;2,6;1,9;2,2;1,4;1,4;1,3;1,4;1,5;
0403072;"Sicienko (2)";6,2;4,4;4,1;3,4;3,3;2,8;3,6;2,5;2,2;2,0;1,8;1,9;
0403083;"Solec Kujawski (3)";5,1;3,8;3,8;3,4;2,9;2,2;2,7;1,9;1,9;1,7;1,9;2,0;
0403084;"Solec Kujawski - miasto (4)";0,0;0,0;0,0;0,0;0,0;2,2;2,7;1,8;1,9;1,7;1,9;2,0;
0403085;"Solec Kujawski - obszar wiejski (5)";0,0;0,0;0,0;0,0;0,0;2,2;3,0;2,9;1,8;2,2;1,6;1,8;
0404000;"Powiat chełmiński";11,1;9,3;8,5;7,5;6,8;6,3;7,6;6,6;6,7;6,4;6,9;7,3;
0404011;"Chełmno (1)";10,4;9,1;8,6;7,4;7,0;6,5;7,4;6,7;7,2;6,8;7,1;7,9;
0404022;"Chełmno (2)";9,5;8,0;7,0;5,7;5,6;5,5;7,0;6,2;6,4;6,4;6,7;6,9;
0404032;"Kijewo Królewskie (2)";10,8;8,3;8,1;6,6;6,0;5,7;6,6;6,0;6,4;5,6;6,6;6,5;
0404042;"Lisewo (2)";11,6;10,4;8,5;8,2;6,1;5,6;7,4;5,8;5,2;4,8;5,2;6,0;
0404052;"Papowo Biskupie (2)";15,9;13,1;13,1;12,4;9,8;10,0;11,1;9,6;9,2;8,6;8,6;8,8;
0404062;"Stolno (2)";11,8;10,7;8,9;7,7;7,6;6,9;8,0;7,2;7,2;6,4;7,5;8,0;
0404072;"Unisław (2)";10,6;7,6;6,6;6,0;5,6;4,6;6,7;5,1;5,5;5,8;6,4;6,3;
0405000;"Powiat golubsko-dobrzyński";12,8;10,7;8,8;7,1;6,7;6,7;8,4;7,4;7,0;6,8;7,1;7,5;
0405011;"Golub-Dobrzyń (1)";13,7;11,9;10,3;8,8;8,3;8,2;10,3;8,9;8,2;8,3;8,4;9,4;
0405022;"Ciechocin (2)";10,4;8,9;7,2;5,9;5,4;5,0;7,1;5,8;5,6;5,5;5,3;5,2;
0405032;"Golub-Dobrzyń (2)";12,8;10,2;8,2;6,6;6,7;6,1;7,6;7,1;6,9;6,6;7,5;7,5;
0405043;"Kowalewo Pomorskie (3)";11,5;9,4;7,2;5,7;5,4;5,7;7,1;6,4;6,1;5,9;6,2;6,3;
0405044;"Kowalewo Pomorskie - miasto (4)";0,0;0,0;0,0;0,0;0,0;5,3;7,2;7,2;5,6;5,9;6,3;6,1;
0405045;"Kowalewo Pomorskie - obszar wiejski (5)";0,0;0,0;0,0;0,0;0,0;5,9;7,0;6,0;6,4;5,9;6,2;6,4;
0405052;"Radomin (2)";11,5;10,8;8,5;6,0;6,0;6,2;7,6;6,6;5,8;6,0;5,5;6,2;
0405062;"Zbójno (2)";16,4;12,6;11,2;9,0;7,9;8,2;10,2;8,8;8,7;7,6;8,7;9,6;
0406000;"Powiat grudziądzki";11,6;9,4;9,4;8,0;7,6;6,2;8,0;7,9;7,1;6,4;6,7;6,8;
0406012;"Grudziądz (2)";9,3;7,5;7,6;6,8;5,9;4,5;5,8;5,3;4,8;4,7;4,6;4,8;
0406022;"Gruta (2)";10,7;8,5;8,4;7,7;7,4;5,5;8,0;8,0;8,1;6,5;7,4;6,8;
0406033;"Łasin (3)";12,4;10,1;10,2;7,9;8,2;7,0;9,1;8,6;8,0;6,8;7,8;7,8;
0406034;"Łasin - miasto (4)";0,0;0,0;0,0;0,0;0,0;5,8;8,3;7,9;7,2;6,4;7,1;7,9;
0406035;"Łasin - obszar wiejski (5)";0,0;0,0;0,0;0,0;0,0;7,8;9,7;9,1;8,6;7,1;8,2;7,7;
0406043;"Radzyń Chełmiński (3)";13,6;11,7;10,2;9,0;8,4;7,3;9,3;10,1;8,8;7,7;7,8;8,7;
0406044;"Radzyń Chełmiński - miasto (4)";0,0;0,0;0,0;0,0;0,0;7,9;9,8;9,9;8,8;8,1;7,8;9,2;
0406045;"Radzyń Chełmiński - obszar wiejski (5)";0,0;0,0;0,0;0,0;0,0;7,0;8,9;10,3;8,8;7,4;7,8;8,4;
0406052;"Rogóźno (2)";14,2;9,0;10,5;8,8;8,4;7,1;8,5;9,1;8,2;8,3;8,0;7,9;
0406062;"Świecie nad Osą (2)";13,4;12,7;12,3;10,2;9,9;8,6;11,6;11,4;9,2;8,5;9,5;8,8;
0407000;"Powiat inowrocławski";11,8;10,6;10,2;8,7;7,6;6,7;8,2;7,6;6,5;6,7;6,8;7,7;
0407011;"Inowrocław (1)";11,6;10,2;9,9;8,6;7,5;6,6;8,2;7,6;6,5;6,8;6,9;8,0;
0407022;"Dąbrowa Biskupia (2)";12,4;11,4;11,0;9,1;7,5;7,4;8,4;8,1;7,7;7,7;7,6;8,0;
0407033;"Gniewkowo (3)";12,2;10,8;10,6;9,7;8,6;6,9;9,1;8,2;6,9;7,4;7,6;8,9;
0407034;"Gniewkowo - miasto (4)";0,0;0,0;0,0;0,0;0,0;7,4;9,0;7,9;6,9;7,5;7,0;8,7;
0407035;"Gniewkowo - obszar wiejski (5)";0,0;0,0;0,0;0,0;0,0;6,5;9,3;8,6;7,0;7,3;8,1;9,1;
0407042;"Inowrocław (2)";12,0;10,4;10,4;9,0;7,5;6,3;7,6;6,8;6,1;5,8;6,1;6,5;
0407053;"Janikowo (3)";11,0;10,3;9,0;7,7;6,6;6,0;6,7;6,3;5,5;5,9;6,0;6,7;
0407054;"Janikowo - miasto (4)";0,0;0,0;0,0;0,0;0,0;5,7;6,0;5,9;5,2;5,6;5,7;6,3;
0407055;"Janikowo - obszar wiejski (5)";0,0;0,0;0,0;0,0;0,0;6,8;8,0;7,2;6,2;6,5;6,5;7,6;
0407063;"Kruszwica (3)";11,9;10,8;10,7;8,5;7,8;6,8;8,3;8,2;6,7;6,4;6,8;7,5;
0407064;"Kruszwica - miasto (4)";0,0;0,0;0,0;0,0;0,0;6,5;7,4;7,1;6,1;6,0;6,2;6,7;
0407065;"Kruszwica - obszar wiejski (5)";0,0;0,0;0,0;0,0;0,0;7,2;9,2;9,3;7,5;6,9;7,4;8,4;
0407073;"Pakość (3)";12,7;12,2;11,1;9,0;8,0;7,2;8,2;7,8;6,5;6,4;6,7;7,3;
0407074;"Pakość - miasto (4)";0,0;0,0;0,0;0,0;0,0;7,4;8,4;8,1;6,8;6,9;6,6;7,1;
0407075;"Pakość - obszar wiejski (5)";0,0;0,0;0,0;0,0;0,0;7,0;8,1;7,4;6,1;5,8;6,9;7,5;
0407082;"Rojewo (2)";11,8;11,7;11,1;8,6;8,2;7,1;7,9;8,3;7,3;7,5;7,5;8,3;
0407092;"Złotniki Kujawskie (2)";12,5;11,8;10,7;9,4;8,0;6,7;8,8;7,5;6,3;6,3;6,5;6,8;
0408000;"Powiat lipnowski";14,7;12,2;12,8;10,0;9,5;8,6;9,4;7,5;6,7;6,8;7,0;7,6;
0408011;"Lipno (1)";12,2;10,8;11,1;8,8;8,9;7,9;8,3;7,0;6,7;7,3;7,0;8,2;
0408022;"Bobrowniki (2)";16,3;12,5;13,1;10,6;10,3;8,7;9,5;6,7;5,9;6,8;;;
0408023;"Bobrowniki (3)";;;;;;;;;;;8,1;8,0;
0408024;"Bobrowniki - miasto (4)";;;;;;;;;;;7,0;7,1;
0408025;"Bobrowniki - obszar wiejski (5)";;;;;;;;;;;8,8;8,6;
0408032;"Chrostkowo (2)";13,1;11,7;10,5;8,4;7,6;7,2;7,1;6,8;6,8;5,9;5,7;6,3;
0408043;"Dobrzyń nad Wisłą (3)";15,9;13,9;14,2;12,4;11,5;10,1;11,3;9,6;8,5;8,0;8,1;8,4;
0408044;"Dobrzyń nad Wisłą - miasto (4)";0,0;0,0;0,0;0,0;0,0;12,0;13,4;10,4;8,3;8,5;8,6;9,4;
0408045;"Dobrzyń nad Wisłą - obszar wiejski (5)";0,0;0,0;0,0;0,0;0,0;9,3;10,5;9,2;8,5;7,7;7,9;8,0;
0408052;"Kikół (2)";14,5;10,7;13,3;9,4;9,8;9,0;9,9;8,6;7,4;7,3;;;
0408053;"Kikół (3)";;;;;;;;;;;7,4;8,6;
0408054;"Kikół - miasto (4)";;;;;;;;;;;8,3;10,0;
0408055;"Kikół - obszar wiejski (5)";;;;;;;;;;;6,9;8,0;
0408062;"Lipno (2)";16,5;13,1;13,7;10,7;8,8;8,3;9,8;7,2;6,2;5,9;6,1;7,1;
0408073;"Skępe (3)";15,6;13,7;14,3;10,3;10,8;9,7;10,7;6,9;5,6;6,7;7,0;7,2;
0408074;"Skępe - miasto (4)";0,0;0,0;0,0;0,0;0,0;8,4;9,1;5,7;4,7;5,1;5,6;6,1;
0408075;"Skępe - obszar wiejski (5)";0,0;0,0;0,0;0,0;0,0;10,8;12,2;8,0;6,5;8,2;8,2;8,1;
0408082;"Tłuchowo (2)";13,8;11,1;11,5;8,7;7,9;7,6;8,7;7,1;5,5;5,3;6,8;6,3;
0408092;"Wielgie (2)";15,3;12,2;12,4;10,0;9,4;9,2;8,6;7,5;7,4;7,4;7,7;7,7;
0409000;"Powiat mogileński";11,0;9,3;8,2;6,8;6,5;5,9;6,9;6,2;6,0;6,1;6,1;6,4;
0409012;"Dąbrowa (2)";10,8;9,0;7,7;6,6;6,6;5,8;7,3;6,2;6,4;6,4;6,7;6,3;
0409022;"Jeziora Wielkie (2)";12,3;10,8;9,4;8,7;7,9;7,2;8,1;7,2;7,1;7,7;7,5;7,5;
0409033;"Mogilno (3)";10,2;8,5;7,4;6,3;6,0;5,4;6,4;5,7;5,6;5,5;5,6;5,9;
0409034;"Mogilno - miasto (4)";0,0;0,0;0,0;0,0;0,0;5,1;6,2;5,3;5,4;5,2;5,2;5,8;
0409035;"Mogilno - obszar wiejski (5)";0,0;0,0;0,0;0,0;0,0;5,7;6,7;6,1;5,7;5,7;5,9;5,9;
0409043;"Strzelno (3)";12,1;10,5;9,6;7,2;6,9;6,4;7,3;6,7;6,4;6,7;6,4;7,1;
0409044;"Strzelno - miasto (4)";0,0;0,0;0,0;0,0;0,0;6,2;7,4;7,3;6,5;7,0;6,4;7,6;
0409045;"Strzelno - obszar wiejski (5)";0,0;0,0;0,0;0,0;0,0;6,6;7,3;6,1;6,3;6,3;6,4;6,6;
0410000;"Powiat nakielski";10,6;8,8;8,1;6,8;6,1;5,6;7,2;6,0;5,8;5,4;5,6;5,7;
0410013;"Kcynia (3)";12,4;10,2;9,0;7,2;6,7;5,7;8,1;6,7;6,2;5,6;6,1;6,0;
0410014;"Kcynia - miasto (4)";0,0;0,0;0,0;0,0;0,0;5,3;8,3;6,8;6,3;5,5;5,9;5,9;
0410015;"Kcynia - obszar wiejski (5)";0,0;0,0;0,0;0,0;0,0;6,0;7,9;6,7;6,2;5,6;6,2;6,1;
0410023;"Mrocza (3)";12,8;11,0;10,2;8,6;7,5;7,6;8,9;7,9;7,5;7,3;7,4;7,6;
0410024;"Mrocza - miasto (4)";0,0;0,0;0,0;0,0;0,0;6,2;7,6;7,0;6,7;7,2;6,7;7,2;
0410025;"Mrocza - obszar wiejski (5)";0,0;0,0;0,0;0,0;0,0;8,8;9,9;8,7;8,3;7,5;8,0;8,0;
0410033;"Nakło nad Notecią (3)";9,8;8,3;7,7;6,7;6,4;5,8;7,1;6,2;5,9;5,6;6,0;6,1;
0410034;"Nakło nad Notecią - miasto (4)";0,0;0,0;0,0;0,0;0,0;6,2;7,3;6,7;6,3;6,1;6,2;6,8;
0410035;"Nakło nad Notecią - obszar wiejski (5)";0,0;0,0;0,0;0,0;0,0;5,3;6,9;5,5;5,4;5,0;5,7;5,3;
0410042;"Sadki (2)";11,2;9,7;9,2;7,3;6,6;5,9;7,4;6,4;6,3;6,0;6,5;5,9;
0410053;"Szubin (3)";9,5;7,7;6,9;5,8;4,9;4,3;6,2;4,8;4,6;4,0;4,0;4,2;
0410054;"Szubin - miasto (4)";0,0;0,0;0,0;0,0;0,0;4,5;6,3;5,1;4,7;4,2;4,3;5,1;
0410055;"Szubin - obszar wiejski (5)";0,0;0,0;0,0;0,0;0,0;4,2;6,1;4,6;4,5;3,9;3,9;3,8;
0411000;"Powiat radziejowski";14,0;13,1;12,6;11,2;10,4;10,5;11,0;10,2;9,6;9,9;9,3;9,6;
0411011;"Radziejów (1)";13,0;12,6;12,1;11,1;10,2;10,2;11,2;9,8;9,8;10,9;10,1;10,1;
0411022;"Bytoń (2)";14,2;12,2;11,0;10,5;9,7;8,8;9,7;9,2;9,2;9,4;9,1;9,7;
0411032;"Dobre (2)";17,3;14,7;15,4;13,8;12,8;12,4;13,8;13,5;12,1;12,5;10,9;11,7;
0411042;"Osięciny (2)";14,9;14,7;13,7;12,7;11,8;12,1;11,8;10,9;9,7;10,0;9,7;10,0;
0411053;"Piotrków Kujawski (3)";14,5;13,0;12,8;10,9;10,0;11,1;11,5;10,6;9,5;9,8;9,2;9,3;
0411054;"Piotrków Kujawski - miasto (4)";0,0;0,0;0,0;0,0;0,0;11,5;10,9;10,2;8,9;9,1;8,7;9,0;
0411055;"Piotrków Kujawski - obszar wiejski (5)";0,0;0,0;0,0;0,0;0,0;10,6;12,0;11,0;10,1;10,5;9,7;9,5;
0411062;"Radziejów (2)";10,7;11,4;10,6;8,8;7,7;7,8;8,0;7,3;7,5;7,0;6,7;7,0;
0411072;"Topólka (2)";11,9;11,6;11,0;9,4;9,0;8,9;9,3;8,4;8,6;9,0;9,1;9,0;
0412000;"Powiat rypiński";11,1;9,6;8,6;7,3;7,1;6,1;6,9;5,9;5,4;5,5;6,2;6,6;
0412011;"Rypin (1)";11,0;9,2;8,7;7,7;7,8;7,0;7,3;6,1;5,5;5,8;6,6;7,1;
0412022;"Brzuze (2)";12,3;10,7;9,7;8,1;7,3;6,4;7,6;6,3;5,7;5,5;6,6;5,7;
0412032;"Rogowo (2)";11,5;9,9;8,2;6,8;7,1;5,8;6,5;5,1;5,2;5,2;5,6;6,5;
0412042;"Rypin (2)";10,8;8,9;7,9;6,4;6,1;4,6;5,7;5,1;4,7;4,9;5,6;5,9;
0412052;"Skrwilno (2)";10,5;9,8;8,4;6,7;6,6;5,7;6,8;6,0;5,3;4,9;5,9;6,4;
0412062;"Wąpielsk (2)";11,0;10,2;8,9;8,1;6,8;6,5;7,4;6,9;6,1;6,2;6,5;7,8;
0413000;"Powiat sępoleński";11,7;10,6;9,6;8,1;7,4;6,9;7,8;7,0;6,9;7,3;6,9;7,0;
0413013;"Kamień Krajeński (3)";11,7;10,3;9,7;8,2;7,1;6,8;8,1;7,4;7,3;7,5;7,9;7,8;
0413014;"Kamień Krajeński - miasto (4)";0,0;0,0;0,0;0,0;0,0;5,8;6,8;6,1;5,7;6,3;5,6;6,4;
0413015;"Kamień Krajeński - obszar wiejski (5)";0,0;0,0;0,0;0,0;0,0;7,2;8,8;8,1;8,1;8,1;9,1;8,5;
0413023;"Sępólno Krajeńskie (3)";11,8;11,0;9,1;7,9;7,3;6,8;7,9;6,6;6,5;7,1;6,2;6,6;
0413024;"Sępólno Krajeńskie - miasto (4)";0,0;0,0;0,0;0,0;0,0;6,3;7,1;6,0;5,7;6,6;6,0;6,3;
0413025;"Sępólno Krajeńskie - obszar wiejski (5)";0,0;0,0;0,0;0,0;0,0;7,5;9,0;7,4;7,5;7,7;6,6;7,0;
0413032;"Sośno (2)";12,4;11,0;10,2;8,9;7,9;7,8;8,6;8,9;8,5;8,4;8,7;8,0;
0413043;"Więcbork (3)";11,4;10,1;9,8;8,0;7,4;6,7;7,3;6,5;6,6;7,0;6,5;6,7;
0413044;"Więcbork - miasto (4)";0,0;0,0;0,0;0,0;0,0;6,4;7,4;6,3;6,7;6,4;6,4;6,7;
0413045;"Więcbork - obszar wiejski (5)";0,0;0,0;0,0;0,0;0,0;6,9;7,2;6,6;6,4;7,4;6,5;6,7;
0414000;"Powiat świecki";8,3;6,6;5,6;4,7;4,2;4,0;4,3;3,6;3,7;3,8;3,9;4,1;
0414012;"Bukowiec (2)";8,0;6,1;5,1;4,9;4,1;3,7;4,5;3,6;4,4;5,1;4,6;4,2;
0414022;"Dragacz (2)";8,6;6,8;6,2;5,0;4,4;3,7;4,4;4,7;4,0;3,4;3,6;4,1;
0414032;"Drzycim (2)";10,1;7,5;5,7;4,6;4,3;4,2;4,6;3,6;4,3;4,0;3,8;4,2;
0414042;"Jeżewo (2)";7,7;6,0;4,8;4,0;3,5;3,6;4,0;4,0;3,7;3,3;3,8;4,1;
0414052;"Lniano (2)";7,9;6,5;5,2;3,9;3,9;3,1;3,1;2,5;3,5;3,2;2,8;2,8;
0414063;"Nowe (3)";14,0;11,4;10,6;9,1;7,7;7,3;7,2;5,5;5,8;5,9;6,4;6,1;
0414064;"Nowe - miasto (4)";0,0;0,0;0,0;0,0;0,0;5,8;6,2;4,8;5,0;5,2;5,8;5,9;
0414065;"Nowe - obszar wiejski (5)";0,0;0,0;0,0;0,0;0,0;9,1;8,5;6,4;6,7;6,7;7,1;6,4;
0414072;"Osie (2)";6,5;5,7;4,2;3,6;3,7;3,4;3,0;2,6;2,5;2,8;3,0;3,6;
0414082;"Pruszcz (2)";6,7;4,9;4,0;3,3;2,9;3,2;3,5;2,9;;;;;
0414083;"Pruszcz (3)";;;;;;;;;2,6;2,8;2,7;3,0;
0414084;"Pruszcz - miasto (4)";;;;;;;;;1,9;2,1;2,1;2,8;
0414085;"Pruszcz - obszar wiejski (5)";;;;;;;;;3,0;3,0;2,9;3,1;
0414093;"Świecie (3)";6,8;5,6;4,5;3,8;3,5;3,4;3,5;3,0;3,1;3,4;3,4;4,0;
0414094;"Świecie - miasto (4)";0,0;0,0;0,0;0,0;0,0;3,0;3,3;2,7;2,8;3,0;3,2;3,8;
0414095;"Świecie - obszar wiejski (5)";0,0;0,0;0,0;0,0;0,0;4,5;4,3;3,9;4,1;4,5;4,2;4,4;
0414102;"Świekatowo (2)";7,8;5,2;5,1;3,8;3,2;3,1;3,3;3,1;3,5;3,3;3,1;2,6;
0414112;"Warlubie (2)";10,0;8,8;8,4;6,7;6,4;5,2;6,6;5,1;4,9;5,5;5,8;5,7;
0415000;"Powiat toruński";9,4;8,3;7,2;6,4;5,7;4,8;5,6;5,0;4,3;3,9;4,1;4,2;
0415011;"Chełmża (1)";14,0;11,7;10,2;9,0;7,6;7,4;9,2;7,5;6,5;5,8;6,2;6,6;
0415022;"Chełmża (2)";11,7;9,6;8,2;6,3;5,7;4,9;6,3;5,4;4,8;4,5;4,4;4,6;
0415032;"Czernikowo (2)";15,7;14,9;13,1;13,2;11,9;8,0;8,8;8,2;6,6;6,1;6,1;6,8;
0415042;"Lubicz (2)";7,0;6,4;5,7;4,7;4,6;4,0;4,5;4,3;3,8;3,4;3,6;3,6;
0415052;"Łubianka (2)";6,7;5,9;5,2;4,5;3,6;3,3;4,1;3,5;3,0;3,0;3,3;3,0;
0415062;"Łysomice (2)";7,7;7,3;5,9;4,8;3,9;3,5;4,3;3,6;3,1;3,3;3,4;3,2;
0415072;"Obrowo (2)";8,1;7,3;6,4;6,3;5,5;4,6;4,8;4,4;3,6;3,6;3,6;3,9;
0415082;"Wielka Nieszawka (2)";6,1;5,5;4,8;4,6;5,0;4,0;4,4;4,4;3,7;3,2;3,7;4,1;
0415092;"Zławieś Wielka (2)";6,9;5,8;5,3;4,6;4,4;3,8;4,3;4,4;3,8;3,2;3,2;3,3;
0416000;"Powiat tucholski";11,0;9,9;9,0;7,6;6,8;6,0;7,2;6,5;6,3;6,6;6,6;6,7;
0416012;"Cekcyn (2)";10,8;10,0;9,1;7,4;6,4;5,6;6,8;5,8;5,9;6,3;5,9;5,8;
0416022;"Gostycyn (2)";11,4;9,4;9,4;7,8;6,5;6,3;7,2;7,1;6,0;6,5;6,7;6,7;
0416032;"Kęsowo (2)";11,3;10,7;9,1;7,5;7,3;6,5;8,3;7,7;6,8;6,7;6,8;6,9;
0416042;"Lubiewo (2)";9,7;8,3;7,3;6,7;5,6;4,9;5,9;5,5;6,0;5,4;5,3;5,8;
0416052;"Śliwice (2)";11,6;8,8;7,9;6,7;5,9;5,1;7,0;6,1;6,2;6,1;6,3;6,1;
0416063;"Tuchola (3)";11,2;10,7;9,6;8,1;7,5;6,6;7,6;6,7;6,6;7,2;7,3;7,6;
0416064;"Tuchola - miasto (4)";0,0;0,0;0,0;0,0;0,0;6,6;7,2;6,6;6,5;7,2;7,0;7,9;
0416065;"Tuchola - obszar wiejski (5)";0,0;0,0;0,0;0,0;0,0;6,7;8,4;6,9;6,8;7,4;7,6;6,9;
0417000;"Powiat wąbrzeski";12,4;11,0;10,2;8,4;7,4;7,2;8,9;7,6;7,7;7,4;6,5;6,5;
0417011;"Wąbrzeźno (1)";12,4;11,1;10,0;8,4;7,6;7,4;8,8;7,3;7,7;7,3;6,8;7,0;
0417022;"Dębowa Łąka (2)";11,6;10,2;10,1;8,3;7,7;7,5;9,5;8,5;7,6;7,8;6,8;6,2;
0417032;"Książki (2)";12,5;10,8;9,9;8,2;6,4;6,7;8,5;6,8;7,2;6,7;6,0;5,7;
0417042;"Płużnica (2)";11,8;10,2;9,8;7,9;7,1;6,9;8,6;8,0;7,5;6,9;6,0;6,5;
0417052;"Ryńsk (2)";13,1;11,6;10,9;8,7;7,8;7,3;9,3;8,0;8,2;7,7;6,6;6,4;
0418000;"Powiat włocławski";15,5;14,1;13,5;11,2;9,6;8,7;10,0;8,7;8,1;7,8;8,1;8,6;
0418011;"Kowal (1)";15,5;13,0;13,1;9,8;7,9;7,6;9,7;7,7;7,4;7,5;8,3;7,6;
0418022;"Baruchowo (2)";15,6;14,6;13,8;10,2;8,4;7,6;10,0;7,9;9,1;8,6;9,6;10,2;
0418032;"Boniewo (2)";19,2;18,2;17,1;16,4;13,9;13,6;14,6;14,7;13,8;13,1;14,0;13,1;
0418043;"Brześć Kujawski (3)";14,6;13,7;12,6;10,7;8,9;8,3;8,4;7,8;7,0;6,4;6,9;8,0;
0418044;"Brześć Kujawski - miasto (4)";0,0;0,0;0,0;0,0;0,0;9,7;9,9;9,0;8,8;7,6;8,1;9,7;
0418045;"Brześć Kujawski - obszar wiejski (5)";0,0;0,0;0,0;0,0;0,0;7,3;7,3;7,0;5,7;5,5;6,0;6,8;
0418052;"Choceń (2)";19,2;16,6;16,2;14,5;11,4;11,0;11,9;9,1;8,4;7,9;8,2;8,2;
0418063;"Chodecz (3)";17,9;16,3;15,5;13,2;11,4;9,6;11,6;9,8;9,1;8,7;9,2;9,1;
0418064;"Chodecz - miasto (4)";0,0;0,0;0,0;0,0;0,0;8,6;13,5;7,5;6,9;8,1;8,1;9,5;
0418065;"Chodecz - obszar wiejski (5)";0,0;0,0;0,0;0,0;0,0;10,0;11,1;10,8;10,1;9,0;9,6;8,9;
0418072;"Fabianki (2)";13,8;11,9;11,0;8,1;7,1;5,8;6,7;5,4;4,9;5,0;5,1;5,3;
0418083;"Izbica Kujawska (3)";15,1;14,2;13,7;11,4;9,5;10,0;11,8;11,5;10,3;10,6;11,1;11,9;
0418084;"Izbica Kujawska - miasto (4)";0,0;0,0;0,0;0,0;0,0;10,7;12,2;12,2;11,1;10,7;10,8;11,9;
0418085;"Izbica Kujawska - obszar wiejski (5)";0,0;0,0;0,0;0,0;0,0;9,6;11,6;11,1;9,9;10,5;11,2;11,9;
0418092;"Kowal (2)";12,8;11,8;10,9;7,6;6,7;7,0;7,8;6,1;5,9;5,5;7,0;6,8;
0418102;"Lubanie (2)";12,5;11,5;10,6;8,6;6,9;6,0;6,9;6,7;6,1;6,1;6,9;6,4;
0418113;"Lubień Kujawski (3)";15,2;14,6;14,5;12,2;11,7;10,3;12,6;10,1;9,5;8,7;8,8;9,7;
0418114;"Lubień Kujawski - miasto (4)";0,0;0,0;0,0;0,0;0,0;10,3;13,2;10,2;9,8;8,1;8,3;8,2;
0418115;"Lubień Kujawski - obszar wiejski (5)";0,0;0,0;0,0;0,0;0,0;10,3;12,4;10,1;9,4;8,9;8,9;10,1;
0418123;"Lubraniec (3)";15,7;14,6;14,3;12,9;11,2;10,2;12,2;11,0;10,5;10,9;10,4;12,0;
0418124;"Lubraniec - miasto (4)";0,0;0,0;0,0;0,0;0,0;10,8;13,0;11,4;10,9;11,6;10,5;12,3;
0418125;"Lubraniec - obszar wiejski (5)";0,0;0,0;0,0;0,0;0,0;10,0;11,8;10,8;10,3;10,7;10,4;11,9;
0418132;"Włocławek (2)";15,3;13,4;12,5;9,8;8,8;7,0;7,9;7,3;6,4;6,0;5,9;6,5;
0419000;"Powiat żniński";10,8;9,5;9,0;6,9;6,1;5,4;6,1;5,4;5,1;5,2;5,3;6,0;
0419013;"Barcin (3)";9,6;9,1;9,3;7,1;6,2;4,8;5,6;5,3;5,0;4,8;4,9;5,5;
0419014;"Barcin - miasto (4)";0,0;0,0;0,0;0,0;0,0;4,5;5,1;4,9;4,6;4,8;4,9;5,5;
0419015;"Barcin - obszar wiejski (5)";0,0;0,0;0,0;0,0;0,0;5,1;6,1;5,7;5,3;4,8;4,8;5,5;
0419022;"Gąsawa (2)";12,1;10,7;10,5;8,4;7,6;7,1;8,1;7,2;6,4;7,2;;;
0419023;"Gąsawa (3)";;;;;;;;;;;6,6;7,9;
0419024;"Gąsawa - miasto (4)";;;;;;;;;;;4,5;6,3;
0419025;"Gąsawa - obszar wiejski (5)";;;;;;;;;;;7,5;8,5;
0419033;"Janowiec Wielkopolski (3)";11,8;10,5;10,1;8,2;7,1;7,3;7,5;6,7;6,2;6,3;6,5;7,8;
0419034;"Janowiec Wielkopolski - miasto (4)";0,0;0,0;0,0;0,0;0,0;6,9;7,5;6,3;6,0;5,7;6,2;7,3;
0419035;"Janowiec Wielkopolski - obszar wiejski (5)";0,0;0,0;0,0;0,0;0,0;7,6;7,5;7,0;6,4;6,7;6,8;8,2;
0419043;"Łabiszyn (3)";10,3;9,1;8,5;7,2;6,4;5,0;5,8;5,0;4,3;4,7;5,1;5,5;
0419044;"Łabiszyn - miasto (4)";0,0;0,0;0,0;0,0;0,0;5,4;6,4;5,4;4,2;4,8;5,1;5,4;
0419045;"Łabiszyn - obszar wiejski (5)";0,0;0,0;0,0;0,0;0,0;4,6;5,4;4,7;4,4;4,7;5,2;5,5;
0419052;"Rogowo (2)";11,4;9,4;7,8;7,0;6,3;5,8;6,4;6,4;6,1;6,6;6,4;6,6;
0419063;"Żnin (3)";10,8;9,2;8,5;5,8;5,1;4,7;5,6;4,5;4,5;4,5;4,6;5,4;
0419064;"Żnin - miasto (4)";0,0;0,0;0,0;0,0;0,0;4,4;5,0;3,8;4,1;4,1;4,1;5,2;
0419065;"Żnin - obszar wiejski (5)";0,0;0,0;0,0;0,0;0,0;5,1;6,4;5,4;5,1;5,2;5,2;5,6;
0461000;"Powiat m. Bydgoszcz";5,5;4,0;3,8;3,1;2,9;2,4;3,0;2,1;1,9;1,9;2,0;2,1;
0461011;"Bydgoszcz (1)";5,5;4,0;3,8;3,1;2,9;2,4;3,0;2,1;1,9;1,9;2,0;2,1;
0462000;"Powiat m. Grudziądz";9,7;8,3;7,8;6,5;5,8;5,2;7,4;7,2;6,3;5,7;6,1;6,5;
0462011;"Grudziądz (1)";9,7;8,3;7,8;6,5;5,8;5,2;7,4;7,2;6,3;5,7;6,1;6,5;
0463000;"Powiat m. Toruń";5,8;4,9;4,5;3,9;3,7;3,3;3,7;3,2;2,9;2,5;2,6;3,1;
0463011;"Toruń (1)";5,8;4,9;4,5;3,9;3,7;3,3;3,7;3,2;2,9;2,5;2,6;3,1;
0464000;"Powiat m. Włocławek";13,1;11,8;11,4;9,2;7,6;6,5;8,0;6,4;6,1;6,1;6,5;7,4;
0464011;"Włocławek (1)";13,1;11,8;11,4;9,2;7,6;6,5;8,0;6,4;6,1;6,1;6,5;7,4;
0600000;"LUBELSKIE";8,7;8,1;7,3;6,3;5,8;5,5;6,3;5,6;5,2;4,9;4,9;5,4;
0601000;"Powiat bialski";9,2;8,1;7,7;6,5;6,5;6,2;7,5;6,4;5,9;5,4;5,7;6,1;
0601011;"Międzyrzec Podlaski (1)";11,2;9,9;9,3;7,8;8,2;7,0;9,0;7,4;7,7;7,4;7,5;8,4;
0601021;"Terespol (1)";8,5;7,7;7,4;6,3;5,4;6,2;7,6;6,6;6,7;5,7;6,2;6,5;
0601032;"Biała Podlaska (2)";8,6;7,7;7,0;5,8;6,1;6,2;6,7;5,5;4,7;4,3;4,6;5,2;
0601042;"Drelów (2)";8,3;7,5;7,2;5,4;5,7;4,5;6,1;5,6;5,2;4,8;5,1;5,6;
0601052;"Janów Podlaski (2)";9,2;8,1;7,5;7,5;7,9;7,4;7,8;7,0;6,0;5,7;6,5;6,3;
0601062;"Kodeń (2)";10,3;9,3;8,2;6,8;6,1;5,8;7,9;6,5;6,4;5,6;5,4;5,1;
0601072;"Konstantynów (2)";9,5;7,8;7,9;7,3;7,3;6,6;7,8;6,7;5,7;4,3;4,8;4,9;
0601082;"Leśna Podlaska (2)";9,5;7,7;7,9;6,3;6,3;5,9;7,4;6,8;5,2;4,7;5,7;5,6;
0601092;"Łomazy (2)";6,8;5,6;5,7;5,0;4,9;5,0;6,1;5,2;4,9;4,5;4,4;5,2;
0601102;"Międzyrzec Podlaski (2)";8,2;6,9;6,2;5,4;5,7;5,0;6,4;5,0;5,0;4,7;4,7;5,1;
0601112;"Piszczac (2)";8,8;7,6;8,1;7,0;6,6;6,6;8,4;7,1;6,1;5,7;;;
0601113;"Piszczac (3)";;;;;;;;;;;6,4;6,2;
0601114;"Piszczac - miasto (4)";;;;;;;;;;;6,6;5,9;
0601115;"Piszczac - obszar wiejski (5)";;;;;;;;;;;6,3;6,3;
0601122;"Rokitno (2)";9,7;7,8;8,5;7,5;7,2;7,5;8,6;8,1;5,8;6,1;5,8;6,2;
0601132;"Rossosz (2)";7,5;7,4;6,8;6,1;6,3;5,8;6,9;7,2;5,9;5,1;4,5;5,7;
0601142;"Sławatycze (2)";10,8;9,9;9,8;7,5;8,4;8,3;9,2;8,2;7,8;6,7;7,0;7,6;
0601152;"Sosnówka (2)";6,3;6,1;6,3;5,0;4,8;5,0;5,4;4,6;4,8;3,8;4,0;3,6;
0601162;"Terespol (2)";9,7;8,5;7,4;6,1;5,5;6,4;7,4;5,9;6,8;6,1;6,4;6,8;
0601172;"Tuczna (2)";8,3;7,2;7,0;6,1;5,7;6,1;6,8;6,4;5,8;5,3;6,1;5,7;
0601182;"Wisznice (2)";8,9;8,4;8,1;7,1;7,1;6,3;7,1;6,5;6,5;6,0;6,6;6,8;
0601192;"Zalesie (2)";9,8;8,7;9,0;7,3;7,0;7,3;8,3;7,4;5,7;5,7;6,4;7,2;
0602000;"Powiat biłgorajski";6,1;5,9;4,9;4,3;3,8;3,9;4,3;3,8;3,7;3,7;3,6;4,2;
0602011;"Biłgoraj (1)";6,0;5,9;4,8;4,5;4,2;4,3;4,6;4,2;4,0;4,0;4,1;4,7;
0602022;"Aleksandrów (2)";6,3;5,5;4,8;4,8;4,3;3,7;4,6;3,7;3,9;4,5;3,6;3,5;
0602032;"Biłgoraj (2)";7,6;7,0;6,3;5,2;4,3;4,5;4,9;4,0;3,7;3,8;4,0;4,4;
0602042;"Biszcza (2)";7,3;6,6;5,3;5,4;3,8;4,6;4,4;3,9;4,0;3,8;4,3;4,5;
0602053;"Frampol (3)";6,5;5,9;4,7;4,2;3,8;4,1;4,2;4,2;4,5;4,5;3,5;4,8;
0602054;"Frampol - miasto (4)";0,0;0,0;0,0;0,0;0,0;3,5;4,6;4,4;5,3;4,2;3,8;4,4;
0602055;"Frampol - obszar wiejski (5)";0,0;0,0;0,0;0,0;0,0;4,3;4,1;4,2;4,3;4,5;3,5;5,0;
0602062;"Goraj (2)";6,1;5,5;4,4;4,1;3,2;3,9;4,9;;;;;;
0602063;"Goraj (3)";;;;;;;;4,3;3,8;4,0;4,0;4,7;
0602064;"Goraj - miasto (4)";;;;;;;;4,3;4,5;3,4;5,5;5,2;
0602065;"Goraj - obszar wiejski (5)";;;;;;;;4,3;3,6;4,1;3,5;4,6;
0602073;"Józefów (3)";7,1;7,3;5,6;4,1;4,3;4,5;5,0;4,3;4,8;4,5;4,6;4,7;
0602074;"Józefów - miasto (4)";0,0;0,0;0,0;0,0;0,0;4,3;4,8;4,5;5,0;3,8;4,5;5,1;
0602075;"Józefów - obszar wiejski (5)";0,0;0,0;0,0;0,0;0,0;4,6;5,1;4,3;4,6;5,0;4,6;4,5;
0602082;"Księżpol (2)";6,2;5,6;4,8;4,2;3,6;3,4;4,3;3,3;2,6;2,7;3,2;3,5;
0602092;"Łukowa (2)";4,2;3,8;3,5;3,1;2,4;2,3;2,7;2,4;2,8;2,8;2,4;2,4;
0602102;"Obsza (2)";4,3;4,1;3,8;2,9;2,7;2,7;3,4;2,9;2,8;2,6;2,2;3,2;
0602112;"Potok Górny (2)";4,7;4,6;3,6;3,3;3,1;3,0;3,1;3,3;3,0;2,7;1,9;2,8;
0602123;"Tarnogród (3)";5,4;5,5;3,8;3,5;3,3;2,8;3,2;2,8;3,2;3,3;3,0;3,9;
0602124;"Tarnogród - miasto (4)";0,0;0,0;0,0;0,0;0,0;3,6;3,3;2,9;2,9;3,0;2,7;3,6;
0602125;"Tarnogród - obszar wiejski (5)";0,0;0,0;0,0;0,0;0,0;2,1;3,1;2,6;3,5;3,6;3,2;4,2;
0602132;"Tereszpol (2)";7,7;8,2;6,6;5,3;4,1;4,0;4,0;3,3;3,7;3,4;3,7;3,7;
0602142;"Turobin (2)";5,2;5,5;4,1;3,7;3,6;3,7;4,1;4,1;4,1;3,9;;;
0602143;"Turobin (3)";;;;;;;;;;;3,8;4,6;
0602144;"Turobin - miasto (4)";;;;;;;;;;;6,0;7,0;
0602145;"Turobin - obszar wiejski (5)";;;;;;;;;;;3,4;4,2;
0603000;"Powiat chełmski";11,0;10,4;9,7;8,7;8,3;7,5;8,7;7,4;6,5;5,7;5,8;6,3;
0603011;"Rejowiec Fabryczny (1)";11,3;10,8;9,7;7,6;7,8;7,0;8,2;7,6;7,3;6,4;6,2;6,3;
0603022;"Białopole (2)";11,5;9,8;9,6;9,2;9,8;7,4;8,6;7,4;6,4;5,4;5,0;5,2;
0603032;"Chełm (2)";8,1;7,9;7,2;6,6;6,1;5,7;6,7;5,8;5,1;4,4;4,4;4,8;
0603042;"Dorohusk (2)";13,4;13,6;13,0;12,0;10,4;9,7;11,3;9,2;8,1;6,8;6,9;7,8;
0603052;"Dubienka (2)";11,4;10,9;10,1;9,3;8,6;8,2;9,8;9,6;8,7;7,5;8,1;8,1;
0603062;"Kamień (2)";10,4;10,0;8,7;8,2;8,0;7,3;8,4;7,2;6,1;5,5;5,5;6,0;
0603072;"Leśniowice (2)";10,5;10,3;9,7;9,6;9,1;8,3;9,3;8,0;8,1;6,0;5,8;6,4;
0603082;"Rejowiec Fabryczny (2)";15,1;14,3;12,3;10,6;11,1;9,8;11,0;9,3;8,1;6,7;7,4;7,9;
0603092;"Ruda-Huta (2)";12,6;12,5;11,7;10,1;9,4;8,9;11,0;8,8;7,2;7,6;7,2;8,3;
0603102;"Sawin (2)";9,8;9,2;8,3;7,6;7,4;6,7;7,9;7,0;5,9;5,2;5,3;6,3;
0603112;"Siedliszcze (2)";9,7;9,0;;;;;;;;;;;
0603113;"Siedliszcze (3)";;;8,8;8,0;7,8;6,2;7,1;5,7;5,3;4,8;4,6;5,9;
0603114;"Siedliszcze - miasto (4)";;;0,0;0,0;0,0;5,2;5,7;4,6;5,5;4,7;4,8;6,2;
0603115;"Siedliszcze - obszar wiejski (5)";;;0,0;0,0;0,0;6,5;7,4;6,0;5,2;4,8;4,5;5,8;
0603122;"Wierzbica (2)";10,7;9,3;9,9;8,4;8,4;7,0;8,2;7,0;5,1;5,0;5,5;5,5;
0603132;"Wojsławice (2)";10,1;9,9;9,4;8,6;8,1;7,5;8,9;7,0;6,7;6,3;5,9;6,8;
0603142;"Żmudź (2)";10,8;9,3;8,5;7,7;8,0;7,8;8,1;6,4;6,1;5,9;5,4;5,1;
0603152;"Rejowiec (2)";13,8;12,8;12,3;;;;;;;;;;
0603153;"Rejowiec (3)";;;;10,8;10,2;9,0;10,9;9,4;8,5;7,1;8,0;8,1;
0603154;"Rejowiec - miasto (4)";;;;0,0;0,0;9,4;10,7;8,7;9,1;7,8;8,7;9,6;
0603155;"Rejowiec - obszar wiejski (5)";;;;0,0;0,0;8,8;11,0;9,8;8,2;6,8;7,7;7,3;
0604000;"Powiat hrubieszowski";12,6;12,3;11,2;9,9;9,2;9,5;9,8;9,6;8,9;8,7;8,9;9,5;
0604011;"Hrubieszów (1)";12,0;11,8;10,4;9,3;8,6;8,8;9,2;9,1;8,2;8,0;7,8;8,4;
0604022;"Dołhobyczów (2)";14,8;13,8;13,0;12,3;10,2;11,0;11,6;10,3;10,3;9,3;9,8;10,3;
0604032;"Horodło (2)";16,3;16,2;14,6;12,7;12,7;13,0;12,9;13,4;11,8;12,1;13,1;13,6;
0604042;"Hrubieszów (2)";13,6;13,4;12,6;10,9;10,2;10,4;10,1;9,8;9,6;9,1;9,1;9,9;
0604052;"Mircze (2)";10,0;9,5;8,0;7,2;7,4;6,5;7,3;7,2;7,0;7,1;7,4;8,1;
0604062;"Trzeszczany (2)";12,6;12,6;11,8;10,5;9,9;10,0;10,1;10,1;9,8;9,7;10,2;9,9;
0604072;"Uchanie (2)";12,8;11,5;10,9;8,4;8,3;9,2;9,4;10,3;9,8;10,2;9,5;9,4;
0604082;"Werbkowice (2)";11,5;11,8;10,8;9,7;8,4;9,0;9,6;9,3;7,6;7,7;8,1;9,3;
0605000;"Powiat janowski";11,1;10,3;9,5;7,0;7,2;7,4;8,5;8,1;7,7;7,4;7,1;7,4;
0605012;"Batorz (2)";10,1;8,9;8,7;6,8;5,6;6,9;7,8;7,5;6,9;6,4;6,2;6,9;
0605022;"Chrzanów (2)";9,3;8,6;7,7;5,8;4,8;4,9;5,5;5,7;5,3;4,8;3,8;5,2;
0605032;"Dzwola (2)";14,2;13,0;12,0;7,9;8,8;8,6;9,1;8,7;8,6;7,9;8,0;7,7;
0605042;"Godziszów (2)";9,4;8,3;7,9;5,8;6,0;5,9;6,4;6,4;5,9;5,8;5,5;5,8;
0605053;"Janów Lubelski (3)";11,2;10,8;9,9;7,6;7,8;8,0;9,5;8,7;8,5;8,5;8,2;8,5;
0605054;"Janów Lubelski - miasto (4)";0,0;0,0;0,0;0,0;0,0;7,6;8,9;8,2;7,8;7,9;8,1;8,2;
0605055;"Janów Lubelski - obszar wiejski (5)";0,0;0,0;0,0;0,0;0,0;9,3;11,2;10,3;10,2;9,9;8,3;9,3;
0605063;"Modliborzyce (3)";10,9;9,8;9,2;6,7;7,4;7,8;9,1;8,3;7,8;7,2;7,1;7,4;
0605064;"Modliborzyce - miasto (4)";0,0;0,0;0,0;0,0;0,0;7,9;8,8;7,3;7,5;7,2;6,4;6,8;
0605065;"Modliborzyce - obszar wiejski (5)";0,0;0,0;0,0;0,0;0,0;7,7;9,2;8,5;7,9;7,2;7,3;7,5;
0605072;"Potok Wielki (2)";10,8;9,9;9,2;6,1;6,2;6,4;7,8;8,4;7,7;7,7;7,2;7,5;
0606000;"Powiat krasnostawski";11,2;11,0;10,1;9,4;8,7;8,4;9,4;8,9;8,6;8,3;8,0;8,5;
0606011;"Krasnystaw (1)";10,4;10,2;9,0;8,2;7,4;7,0;8,3;7,3;7,5;7,0;6,2;6,8;
0606022;"Fajsławice (2)";8,2;7,8;7,8;6,5;6,3;6,3;6,5;5,9;5,0;4,7;5,1;5,3;
0606032;"Gorzków (2)";10,2;10,2;8,6;8,3;7,9;7,3;7,8;8,1;7,6;7,2;7,2;6,6;
0606042;"Izbica (2)";13,7;14,1;13,6;12,8;11,3;11,5;12,8;12,7;;;;;
0606043;"Izbica (3)";;;;;;;;;12,1;12,4;12,2;13,1;
0606044;"Izbica - miasto (4)";;;;;;;;;12,3;12,6;11,5;13,9;
0606045;"Izbica - obszar wiejski (5)";;;;;;;;;12,0;12,4;12,3;12,8;
0606052;"Krasnystaw (2)";11,0;10,6;9,4;9,8;9,1;8,3;9,0;8,5;8,2;7,3;6,7;7,3;
0606062;"Kraśniczyn (2)";11,3;12,2;11,0;10,8;10,3;10,3;10,9;10,6;10,2;10,7;10,1;10,6;
0606072;"Łopiennik Górny (2)";10,3;10,5;9,6;9,2;8,7;8,2;8,8;8,0;8,6;8,9;8,4;9,0;
0606092;"Rudnik (2)";13,4;12,6;11,1;10,7;10,8;10,3;11,2;11,0;10,7;10,0;10,0;11,2;
0606102;"Siennica Różana (2)";11,3;10,5;10,8;9,3;8,5;8,6;10,2;10,7;9,6;9,3;9,8;9,2;
0606112;"Żółkiewka (2)";13,1;12,5;10,9;9,9;8,7;8,1;9,6;8,9;8,5;8,6;8,3;9,1;
0607000;"Powiat kraśnicki";9,9;9,3;9,7;8,1;7,6;7,7;8,7;6,5;6,6;6,6;6,1;6,9;
0607011;"Kraśnik (1)";9,1;8,5;9,0;8,0;6,9;7,6;8,7;6,3;6,6;6,7;6,2;7,4;
0607023;"Annopol (3)";13,9;12,1;13,2;10,7;10,0;9,4;9,8;8,2;8,3;7,8;6,7;7,1;
0607024;"Annopol - miasto (4)";0,0;0,0;0,0;0,0;0,0;8,2;9,1;7,6;7,9;6,6;5,1;5,2;
0607025;"Annopol - obszar wiejski (5)";0,0;0,0;0,0;0,0;0,0;9,9;10,1;8,4;8,4;8,3;7,3;7,9;
0607032;"Dzierzkowice (2)";9,3;8,6;9,8;8,0;8,2;7,9;9,4;6,5;6,8;6,7;6,5;7,6;
0607042;"Gościeradów (2)";11,5;11,1;10,8;8,6;9,2;9,2;10,6;7,9;8,1;7,5;6,6;7,1;
0607052;"Kraśnik (2)";11,7;11,9;13,2;10,9;10,8;10,0;10,5;7,5;6,8;7,5;8,0;8,3;
0607062;"Szastarka (2)";10,7;9,7;8,8;7,3;6,7;7,1;7,9;6,0;5,6;5,3;4,9;5,4;
0607072;"Trzydnik Duży (2)";8,9;8,8;8,5;6,3;6,2;5,7;7,5;6,0;7,0;6,5;5,7;6,4;
0607082;"Urzędów (2)";9,2;8,4;;;;;;;;;;;
0607083;"Urzędów (3)";;;8,8;7,7;7,2;7,2;7,7;5,9;5,9;6,1;5,4;6,3;
0607084;"Urzędów - miasto (4)";;;0,0;0,0;0,0;7,7;7,2;5,5;5,4;7,1;6,4;7,9;
0607085;"Urzędów - obszar wiejski (5)";;;0,0;0,0;0,0;7,1;7,8;6,0;6,0;5,8;5,2;5,8;
0607092;"Wilkołaz (2)";7,6;7,2;7,9;6,2;5,4;5,5;6,7;5,2;5,0;5,2;4,6;5,0;
0607102;"Zakrzówek (2)";9,2;8,4;8,0;6,4;6,6;6,3;7,5;5,6;5,2;4,9;5,0;5,4;
0608000;"Powiat lubartowski";10,4;9,3;8,7;8,0;7,4;7,2;8,3;7,8;7,1;6,9;6,7;7,3;
0608011;"Lubartów (1)";9,5;8,8;7,9;7,3;6,8;6,6;7,5;7,3;7,3;7,0;6,9;7,7;
0608022;"Abramów (2)";7,4;6,6;6,0;5,4;4,6;4,8;6,4;5,2;4,5;4,5;4,6;4,2;
0608032;"Firlej (2)";13,6;11,5;11,2;10,7;9,3;8,9;10,9;10,3;9,8;9,3;8,6;9,0;
0608042;"Jeziorzany (2)";12,4;10,3;9,2;10,5;8,6;8,7;9,8;9,9;9,2;8,9;8,2;7,5;
0608052;"Kamionka (2)";10,0;8,3;8,0;7,3;6,7;6,7;7,5;;;;;;
0608053;"Kamionka (3)";;;;;;;;7,1;6,6;6,6;6,1;6,5;
0608054;"Kamionka - miasto (4)";;;;;;;;7,8;7,2;6,7;6,6;8,4;
0608055;"Kamionka - obszar wiejski (5)";;;;;;;;6,8;6,4;6,6;5,9;5,8;
0608063;"Kock (3)";16,0;12,7;12,8;11,6;11,1;11,2;12,6;11,9;10,4;10,0;9,6;10,7;
0608064;"Kock - miasto (4)";0,0;0,0;0,0;0,0;0,0;11,3;12,6;12,2;10,6;9,4;8,9;9,4;
0608065;"Kock - obszar wiejski (5)";0,0;0,0;0,0;0,0;0,0;11,0;12,6;11,6;10,2;10,7;10,2;11,8;
0608072;"Lubartów (2)";9,8;8,9;7,9;6,8;6,2;6,0;7,1;6,7;5,8;5,6;5,4;6,2;
0608082;"Michów (2)";12,3;11,1;11,0;9,3;8,8;8,4;9,1;8,6;7,5;7,6;6,8;7,3;
0608092;"Niedźwiada (2)";10,4;9,9;8,9;8,7;8,2;7,4;8,8;7,7;6,8;7,2;6,9;7,6;
0608103;"Ostrów Lubelski (3)";7,3;6,9;7,0;6,1;5,6;5,1;5,6;5,3;5,5;5,1;5,1;5,8;
0608104;"Ostrów Lubelski - miasto (4)";0,0;0,0;0,0;0,0;0,0;4,5;5,4;4,9;5,5;5,1;4,5;5,5;
0608105;"Ostrów Lubelski - obszar wiejski (5)";0,0;0,0;0,0;0,0;0,0;5,5;5,8;5,5;5,5;5,1;5,5;6,0;
0608112;"Ostrówek (2)";10,6;9,1;9,9;8,8;8,0;8,2;9,0;8,5;7,8;7,4;7,5;8,2;
0608122;"Serniki (2)";9,4;8,6;7,6;7,5;6,7;7,0;8,4;7,6;6,4;6,0;6,5;6,2;
0608132;"Uścimów (2)";9,3;8,1;7,5;7,3;7,5;7,0;7,3;7,4;5,7;5,3;5,7;7,0;
0609000;"Powiat lubelski";6,5;5,9;5,1;4,3;3,8;3,4;3,5;2,7;2,7;2,7;2,6;3,0;
0609013;"Bełżyce (3)";8,9;8,7;8,0;6,3;5,5;4,8;5,9;4,8;4,7;4,7;4,7;4,7;
0609014;"Bełżyce - miasto (4)";0,0;0,0;0,0;0,0;0,0;4,6;6,2;4,5;4,7;4,3;5,1;5,0;
0609015;"Bełżyce - obszar wiejski (5)";0,0;0,0;0,0;0,0;0,0;5,0;5,6;5,0;4,7;5,0;4,4;4,6;
0609022;"Borzechów (2)";6,8;7,9;6,3;4,5;4,9;3,6;4,4;3,6;4,1;3,6;3,6;3,7;
0609033;"Bychawa (3)";8,2;7,6;6,2;5,9;4,9;4,2;4,9;3,9;3,9;3,6;3,7;4,0;
0609034;"Bychawa - miasto (4)";0,0;0,0;0,0;0,0;0,0;4,6;5,3;4,3;4,0;3,2;3,4;3,7;
0609035;"Bychawa - obszar wiejski (5)";0,0;0,0;0,0;0,0;0,0;3,9;4,7;3,7;3,9;3,8;3,9;4,1;
0609042;"Garbów (2)";5,9;4,5;4,4;3,4;2,6;2,7;2,6;1,9;2,1;2,0;1,8;2,7;
0609052;"Głusk (2)";4,4;3,6;2,8;2,3;2,2;2,1;2,1;1,3;1,8;1,6;1,4;1,8;
0609062;"Jabłonna (2)";7,4;7,5;5,8;4,7;4,5;4,4;4,2;3,1;2,7;3,1;2,9;3,1;
0609072;"Jastków (2)";5,7;4,9;3,9;2,9;2,6;2,6;2,5;1,7;1,8;1,6;1,8;2,0;
0609082;"Konopnica (2)";4,7;3,8;3,3;2,7;2,2;2,1;2,2;1,5;1,5;1,7;1,7;2,0;
0609092;"Krzczonów (2)";6,3;6,5;4,7;5,8;4,8;3,9;4,0;3,4;3,6;3,9;3,1;4,0;
0609102;"Niedrzwica Duża (2)";7,7;7,2;6,7;5,9;5,4;4,8;5,0;4,3;4,1;4,3;3,9;3,9;
0609112;"Niemce (2)";5,6;4,5;3,5;3,0;2,7;2,5;2,4;1,9;1,5;1,8;1,6;2,2;
0609122;"Strzyżewice (2)";7,3;6,4;5,3;5,6;4,8;4,2;4,5;3,5;3,3;3,4;3,2;4,0;
0609132;"Wojciechów (2)";8,4;8,7;8,3;7,0;6,2;5,0;5,2;3,9;4,1;4,1;4,3;4,7;
0609142;"Wólka (2)";5,4;4,5;4,0;3,3;2,4;2,4;2,7;1,8;1,9;1,7;1,7;2,2;
0609152;"Wysokie (2)";7,8;7,8;6,4;6,7;6,0;5,1;5,4;4,4;4,2;4,8;4,4;4,5;
0609162;"Zakrzew (2)";6,4;6,9;7,7;6,6;6,1;5,4;4,7;4,1;3,0;3,2;4,0;4,0;
0610000;"Powiat łęczyński";5,9;5,7;4,8;4,2;4,0;4,0;4,4;4,0;3,7;3,5;3,4;3,9;
0610012;"Cyców (2)";6,7;6,5;5,2;4,6;4,2;4,1;5,0;4,2;4,1;4,1;3,8;4,5;
0610022;"Ludwin (2)";6,4;6,4;5,5;4,8;4,7;4,6;4,9;4,2;3,7;3,9;3,3;4,0;
0610033;"Łęczna (3)";5,1;5,0;4,2;3,9;3,6;3,5;4,0;3,8;3,6;3,3;3,2;3,8;
0610034;"Łęczna - miasto (4)";0,0;0,0;0,0;0,0;0,0;3,4;4,1;3,8;3,6;3,3;3,3;3,8;
0610035;"Łęczna - obszar wiejski (5)";0,0;0,0;0,0;0,0;0,0;3,9;3,7;3,9;3,3;3,1;2,9;3,6;
0610042;"Milejów (2)";7,5;6,6;5,5;4,5;4,4;4,4;5,0;4,3;4,2;3,8;4,3;4,7;
0610052;"Puchaczów (2)";4,6;5,2;4,3;3,6;3,7;3,7;3,8;3,9;3,6;2,9;3,0;3,2;
0610062;"Spiczyn (2)";6,6;6,3;5,5;4,7;4,5;4,5;4,6;3,7;3,0;3,6;3,2;3,5;
0611000;"Powiat łukowski";7,3;6,0;4,5;3,5;3,1;3,1;3,7;2,9;2,9;2,7;2,8;3,0;
0611011;"Łuków (1)";7,3;6,0;4,5;3,5;3,4;3,2;4,1;3,2;3,3;3,1;3,2;3,7;
0611021;"Stoczek Łukowski (1)";7,3;5,5;4,1;3,5;3,4;3,4;3,3;2,4;2,7;2,1;3,0;3,0;
0611032;"Adamów (2)";7,8;6,4;4,7;3,8;3,0;3,3;4,0;3,3;3,0;3,0;2,9;3,5;
0611042;"Krzywda (2)";8,4;7,3;5,5;4,4;3,6;4,1;4,6;3,5;3,8;3,6;3,7;3,7;
0611052;"Łuków (2)";7,7;6,1;4,6;3,4;3,2;2,9;3,6;2,4;2,6;2,2;2,5;2,6;
0611062;"Serokomla (2)";8,7;7,8;5,8;4,2;3,2;3,5;4,8;4,2;3,6;3,9;3,3;3,4;
0611072;"Stanin (2)";7,2;6,3;4,1;3,3;3,0;2,5;3,2;2,5;2,4;2,6;2,4;2,8;
0611082;"Stoczek Łukowski (2)";5,1;4,6;3,3;2,6;2,4;2,3;2,4;2,0;1,9;1,7;1,8;1,8;
0611092;"Trzebieszów (2)";4,8;3,9;2,8;2,4;2,3;2,1;2,9;1,9;2,1;1,8;1,7;1,7;
0611102;"Wojcieszków (2)";8,7;7,1;5,5;3,9;3,5;3,5;4,0;3,4;3,1;2,5;3,0;3,0;
0611112;"Wola Mysłowska (2)";6,1;5,1;4,3;3,0;2,7;2,5;2,8;2,7;2,3;2,7;2,0;2,0;
0612000;"Powiat opolski";10,1;9,4;8,5;6,6;6,8;6,2;7,5;6,0;5,8;5,8;5,9;6,6;
0612012;"Chodel (2)";9,2;9,2;8,1;5,3;5,5;5,7;6,7;5,5;5,1;5,1;5,4;5,4;
0612022;"Józefów nad Wisłą (2)";11,9;10,6;10,2;7,5;;;;;;;;;
0612023;"Józefów nad Wisłą (3)";;;;;7,5;6,3;7,7;6,7;6,7;6,3;6,4;7,5;
0612024;"Józefów nad Wisłą - miasto (4)";;;;;0,0;6,1;8,6;7,6;8,5;8,4;7,8;8,7;
0612025;"Józefów nad Wisłą - obszar wiejski (5)";;;;;0,0;6,3;7,6;6,6;6,4;6,0;6,2;7,3;
0612032;"Karczmiska (2)";10,0;10,0;8,1;6,4;7,0;6,0;8,3;6,2;6,3;6,7;6,1;7,3;
0612042;"Łaziska (2)";8,6;7,7;6,7;6,2;6,0;5,2;6,8;4,8;4,8;4,3;4,7;5,6;
0612053;"Opole Lubelskie (3)";9,2;8,9;7,8;6,5;6,4;6,1;7,0;5,5;5,4;5,7;5,9;6,6;
0612054;"Opole Lubelskie - miasto (4)";0,0;0,0;0,0;0,0;0,0;5,9;7,1;5,6;5,6;5,9;5,8;6,4;
0612055;"Opole Lubelskie - obszar wiejski (5)";0,0;0,0;0,0;0,0;0,0;6,2;6,9;5,5;5,2;5,6;6,0;6,7;
0612063;"Poniatowa (3)";11,3;10,1;9,8;7,5;8,3;7,0;8,9;7,3;6,8;6,4;6,9;7,6;
0612064;"Poniatowa - miasto (4)";0,0;0,0;0,0;0,0;0,0;7,2;9,1;7,4;7,2;6,5;7,1;7,9;
0612065;"Poniatowa - obszar wiejski (5)";0,0;0,0;0,0;0,0;0,0;6,8;8,4;7,2;6,2;6,2;6,5;7,1;
0612072;"Wilków (2)";9,6;8,3;7,4;5,4;5,6;5,5;6,7;5,1;4,7;4,6;4,7;5,2;
0613000;"Powiat parczewski";8,7;8,2;6,7;5,4;4,9;4,6;5,3;5,0;5,2;5,0;5,2;5,7;
0613012;"Dębowa Kłoda (2)";11,5;10,5;8,8;7,3;6,4;6,3;6,8;6,3;7,2;6,2;6,0;6,4;
0613022;"Jabłoń (2)";6,7;6,3;5,2;4,5;4,4;3,8;4,9;4,4;4,8;4,8;4,2;4,7;
0613032;"Milanów (2)";8,7;8,8;6,5;5,7;5,4;4,6;5,1;5,6;5,4;4,2;4,8;5,5;
0613043;"Parczew (3)";8,1;7,5;6,1;4,8;4,3;4,2;5,0;4,6;4,8;4,8;5,1;5,9;
0613044;"Parczew - miasto (4)";0,0;0,0;0,0;0,0;0,0;4,2;4,8;4,5;5,0;4,8;5,1;5,9;
0613045;"Parczew - obszar wiejski (5)";0,0;0,0;0,0;0,0;0,0;4,2;5,5;4,9;4,2;4,7;5,0;5,7;
0613052;"Podedwórze (2)";8,8;7,9;7,3;4,8;5,2;4,1;6,4;5,7;3,8;4,4;4,7;4,4;
0613062;"Siemień (2)";8,6;8,5;7,1;5,6;4,5;4,7;4,9;4,6;5,0;5,3;5,2;5,6;
0613072;"Sosnowica (2)";10,7;9,8;8,2;7,0;6,9;5,5;5,5;4,7;6,1;6,6;6,9;6,8;
0614000;"Powiat puławski";7,2;6,4;5,5;4,3;4,6;3,8;5,2;4,4;3,7;3,8;3,7;4,2;
0614011;"Puławy (1)";6,6;5,9;5,4;4,3;4,7;4,0;5,5;4,8;3,8;4,2;4,1;5,0;
0614022;"Baranów (2)";7,0;6,7;5,8;4,3;4,2;3,6;4,9;4,4;3,8;4,0;3,7;3,5;
0614032;"Janowiec (2)";7,2;5,9;4,9;3,9;4,4;3,0;4,2;4,4;3,5;3,1;3,4;4,2;
0614043;"Kazimierz Dolny (3)";7,7;6,6;6,0;4,5;4,6;3,4;5,1;4,3;3,8;3,0;3,0;3,8;
0614044;"Kazimierz Dolny - miasto (4)";0,0;0,0;0,0;0,0;0,0;4,0;4,2;3,8;3,0;2,3;2,4;2,7;
0614045;"Kazimierz Dolny - obszar wiejski (5)";0,0;0,0;0,0;0,0;0,0;3,1;6,0;4,8;4,7;3,8;3,6;4,9;
0614052;"Końskowola (2)";7,3;6,7;5,5;4,3;4,3;3,3;4,8;4,3;3,9;3,5;3,3;;
0614053;"Końskowola (3)";;;;;;;;;;;;3,7;
0614054;"Końskowola - miasto (4)";;;;;;;;;;;;4,2;
0614055;"Końskowola - obszar wiejski (5)";;;;;;;;;;;;3,6;
0614062;"Kurów (2)";9,0;7,7;6,1;4,6;5,2;3,9;5,9;4,2;3,6;3,8;3,7;;
0614063;"Kurów (3)";;;;;;;;;;;;4,0;
0614064;"Kurów - miasto (4)";;;;;;;;;;;;4,7;
0614065;"Kurów - obszar wiejski (5)";;;;;;;;;;;;3,5;
0614072;"Markuszów (2)";8,4;6,4;5,5;4,9;5,0;3,8;4,4;3,6;3,4;3,1;3,2;3,6;
0614083;"Nałęczów (3)";7,3;6,6;5,3;4,9;5,0;3,7;5,0;4,0;3,7;3,7;3,6;3,8;
0614084;"Nałęczów - miasto (4)";0,0;0,0;0,0;0,0;0,0;3,7;4,9;3,9;3,4;3,8;3,2;4,2;
0614085;"Nałęczów - obszar wiejski (5)";0,0;0,0;0,0;0,0;0,0;3,7;5,1;4,0;3,9;3,6;3,8;3,5;
0614092;"Puławy (2)";7,0;6,1;5,1;4,1;4,2;3,9;4,9;4,0;3,5;3,4;3,2;3,5;
0614102;"Wąwolnica (2)";7,6;6,8;5,9;4,3;4,7;4,1;4,7;4,7;4,7;3,9;3,6;;
0614103;"Wąwolnica (3)";;;;;;;;;;;;4,3;
0614104;"Wąwolnica - miasto (4)";;;;;;;;;;;;5,5;
0614105;"Wąwolnica - obszar wiejski (5)";;;;;;;;;;;;3,9;
0614112;"Żyrzyn (2)";7,7;7,1;5,6;3,9;3,7;3,5;4,7;3,6;3,0;3,3;3,0;3,9;
0615000;"Powiat radzyński";9,7;8,9;7,3;5,7;4,9;4,1;5,1;4,9;5,0;4,8;4,4;5,2;
0615011;"Radzyń Podlaski (1)";9,0;8,6;6,6;5,6;5,0;4,2;5,5;5,7;5,9;5,5;5,2;6,3;
0615022;"Borki (2)";11,2;10,3;8,4;6,2;4,8;4,5;5,5;5,5;5,5;5,2;4,9;5,8;
0615032;"Czemierniki (2)";10,3;10,1;7,5;5,7;5,6;4,6;5,8;4,5;4,5;4,7;;;
0615033;"Czemierniki (3)";;;;;;;;;;;4,1;5,3;
0615034;"Czemierniki - miasto (4)";;;;;;;;;;;4,7;6,4;
0615035;"Czemierniki - obszar wiejski (5)";;;;;;;;;;;3,8;4,8;
0615042;"Kąkolewnica (2)";8,9;7,9;7,0;4,9;4,1;3,2;4,5;4,4;4,4;4,3;4,2;4,2;
0615052;"Komarówka Podlaska (2)";8,6;7,4;7,0;5,2;4,7;3,5;4,0;3,9;4,6;4,2;3,9;4,0;
0615062;"Radzyń Podlaski (2)";10,5;9,1;8,0;6,3;5,0;4,2;5,2;4,7;4,6;4,4;4,1;4,9;
0615072;"Ulan-Majorat (2)";9,7;8,2;6,5;5,1;4,6;3,5;4,1;3,8;4,0;3,7;3,2;3,7;
0615082;"Wohyń (2)";10,3;9,7;8,6;6,4;5,5;4,6;5,6;5,4;5,6;5,2;4,5;5,8;
0616000;"Powiat rycki";8,8;7,8;7,1;6,0;5,3;4,7;5,6;4,9;4,3;4,0;4,0;4,5;
0616011;"Dęblin (1)";7,3;6,9;6,6;5,4;5,0;4,9;5,8;5,1;4,7;4,3;4,5;5,0;
0616022;"Kłoczew (2)";8,4;7,2;6,0;5,7;4,5;4,1;5,3;4,7;4,3;3,4;3,4;4,2;
0616032;"Nowodwór (2)";9,2;8,4;7,5;5,7;5,0;4,4;5,4;4,0;3,2;4,0;3,9;4,0;
0616043;"Ryki (3)";9,6;8,4;7,8;6,7;5,7;5,0;5,8;5,1;4,5;4,2;3,9;4,4;
0616044;"Ryki - miasto (4)";0,0;0,0;0,0;0,0;0,0;4,6;5,5;4,7;4,6;4,1;4,1;4,4;
0616045;"Ryki - obszar wiejski (5)";0,0;0,0;0,0;0,0;0,0;5,3;6,1;5,4;4,5;4,3;3,7;4,4;
0616052;"Stężyca (2)";9,2;7,8;6,0;5,2;4,7;3,7;4,7;3,7;3,3;3,5;3,4;4,0;
0616062;"Ułęż (2)";10,8;9,4;8,9;7,9;6,8;5,4;5,9;5,7;4,1;4,1;5,8;6,0;
0617000;"Powiat świdnicki";8,6;8,6;7,6;6,2;5,6;5,2;6,1;5,4;4,6;4,1;4,2;4,8;
0617011;"Świdnik (1)";8,0;8,0;7,1;5,8;5,2;4,9;5,9;5,1;4,4;3,9;4,1;4,7;
0617022;"Mełgiew (2)";8,4;7,8;7,6;5,9;5,2;5,1;5,3;4,6;3,8;3,3;3,4;4,0;
0617033;"Piaski (3)";9,3;9,8;8,0;6,5;6,4;5,2;6,5;5,9;4,7;4,9;4,8;5,4;
0617034;"Piaski - miasto (4)";0,0;0,0;0,0;0,0;0,0;4,6;7,2;6,7;4,8;5,3;5,0;6,0;
0617035;"Piaski - obszar wiejski (5)";0,0;0,0;0,0;0,0;0,0;5,3;6,3;5,7;4,7;4,8;4,7;5,2;
0617042;"Rybczewice (2)";8,4;8,1;7,4;5,3;5,4;4,7;5,8;6,0;5,1;3,9;5,1;4,6;
0617052;"Trawniki (2)";10,7;10,8;9,5;8,3;7,3;7,1;7,6;6,9;5,9;5,2;4,7;5,3;
0618000;"Powiat tomaszowski";9,2;8,8;6,9;5,6;4,8;5,0;6,1;5,4;5,5;5,8;5,3;6,1;
0618011;"Tomaszów Lubelski (1)";7,8;7,5;5,9;4,8;3,9;4,3;5,6;4,4;4,7;5,0;4,4;5,4;
0618022;"Bełżec (2)";10,3;10,5;9,1;7,5;5,1;5,7;6,3;5,7;5,8;6,3;5,8;7,5;
0618032;"Jarczów (2)";7,9;7,5;5,1;4,2;4,3;4,3;5,3;4,3;5,0;5,2;5,2;5,3;
0618042;"Krynice (2)";7,7;5,9;4,8;4,4;3,4;4,0;5,0;4,8;3,4;4,8;4,9;4,8;
0618052;"Lubycza Królewska (2)";14,7;14,0;;;;;;;;;;;
0618053;"Lubycza Królewska (3)";;;11,3;9,2;8,3;8,0;9,8;8,2;8,3;8,4;7,1;8,0;
0618054;"Lubycza Królewska - miasto (4)";;;0,0;0,0;0,0;6,5;7,8;5,9;6,4;6,6;6,2;6,1;
0618055;"Lubycza Królewska - obszar wiejski (5)";;;0,0;0,0;0,0;8,9;11,0;9,6;9,5;9,6;7,6;9,2;
0618063;"Łaszczów (3)";8,0;7,1;6,0;4,9;3,8;4,2;5,7;5,4;5,4;5,8;5,4;5,8;
0618064;"Łaszczów - miasto (4)";0,0;0,0;0,0;0,0;0,0;2,4;3,9;3,1;3,2;3,6;2,9;3,1;
0618065;"Łaszczów - obszar wiejski (5)";0,0;0,0;0,0;0,0;0,0;5,2;6,8;6,7;6,6;6,9;6,7;7,3;
0618072;"Rachanie (2)";9,5;10,0;8,3;6,3;6,0;6,5;7,3;6,8;6,5;6,4;6,0;6,8;
0618082;"Susiec (2)";9,0;7,9;5,7;4,8;4,5;4,6;5,3;4,7;5,3;5,3;4,8;5,4;
0618092;"Tarnawatka (2)";11,9;10,3;9,4;7,0;5,9;6,1;7,4;7,0;7,3;6,8;6,1;6,4;
0618102;"Telatyn (2)";7,3;7,9;6,4;4,7;4,9;5,0;5,0;5,5;5,5;6,3;5,2;5,7;
0618112;"Tomaszów Lubelski (2)";8,7;8,8;6,4;5,4;4,3;4,4;5,5;4,6;4,5;5,4;4,9;5,7;
0618123;"Tyszowce (3)";7,2;6,5;5,0;3,4;3,1;3,4;4,1;3,5;3,9;4,0;4,7;5,3;
0618124;"Tyszowce - miasto (4)";0,0;0,0;0,0;0,0;0,0;2,9;4,4;4,0;4,1;4,3;3,9;5,5;
0618125;"Tyszowce - obszar wiejski (5)";0,0;0,0;0,0;0,0;0,0;3,7;3,9;3,2;3,8;3,8;5,2;5,2;
0618132;"Ulhówek (2)";12,8;12,3;9,6;8,4;6,9;7,1;8,8;9,2;9,1;9,1;8,5;9,4;
0619000;"Powiat włodawski";14,1;12,7;11,6;10,0;9,5;9,6;10,5;9,7;8,7;8,7;8,5;10,2;
0619011;"Włodawa (1)";12,9;11,7;10,3;8,7;8,5;8,7;9,4;8,9;8,0;8,2;8,0;8,8;
0619022;"Hanna (2)";11,8;10,8;9,6;8,9;8,0;7,7;9,5;9,1;8,9;8,1;8,6;9,8;
0619032;"Hańsk (2)";13,1;10,9;9,9;9,5;9,1;9,7;10,6;9,4;8,6;7,8;8,6;13,6;
0619042;"Stary Brus (2)";18,5;17,8;17,0;13,3;13,1;11,7;13,2;12,2;10,0;11,0;10,4;12,6;
0619052;"Urszulin (2)";11,6;11,1;9,9;8,4;7,2;7,2;7,6;6,9;6,4;6,3;5,4;6,8;
0619062;"Włodawa (2)";16,9;14,2;13,7;11,7;11,2;11,1;11,7;11,1;10,3;10,2;9,7;11,2;
0619072;"Wola Uhruska (2)";16,1;14,2;13,5;12,0;11,2;11,5;13,4;11,8;10,0;9,2;9,5;11,9;
0619082;"Wyryki (2)";16,1;15,0;13,8;11,2;10,7;11,0;12,0;11,9;10,1;11,0;10,0;11,8;
0620000;"Powiat zamojski";9,6;9,2;7,9;7,0;6,1;5,6;6,8;6,2;5,5;5,4;5,5;5,9;
0620012;"Adamów (2)";9,2;8,2;7,2;5,8;5,9;5,0;7,2;5,3;5,2;4,4;5,4;6,1;
0620022;"Grabowiec (2)";11,1;11,2;9,1;9,1;8,3;7,8;10,2;8,9;8,4;8,9;7,5;7,7;
0620032;"Komarów-Osada (2)";10,7;11,2;10,3;8,2;7,7;6,6;8,8;8,5;6,3;6,7;7,0;7,3;
0620043;"Krasnobród (3)";10,3;10,1;9,3;7,5;7,3;6,2;7,1;6,9;6,9;6,4;6,0;6,1;
0620044;"Krasnobród - miasto (4)";0,0;0,0;0,0;0,0;0,0;6,4;6,8;6,1;6,5;5,8;5,3;5,2;
0620045;"Krasnobród - obszar wiejski (5)";0,0;0,0;0,0;0,0;0,0;6,1;7,4;7,6;7,3;6,9;6,6;6,8;
0620052;"Łabunie (2)";10,0;10,6;8,6;7,9;6,3;6,3;7,1;6,9;5,4;5,7;5,6;5,9;
0620062;"Miączyn (2)";10,8;10,3;9,2;7,9;6,6;5,3;7,2;7,1;5,1;5,1;5,3;5,7;
0620072;"Nielisz (2)";9,7;9,2;7,5;7,0;5,5;5,0;6,0;5,7;4,3;4,7;4,7;5,8;
0620082;"Radecznica (2)";6,3;5,8;4,8;4,7;4,0;3,7;4,3;3,8;4,0;3,9;4,2;3,4;
0620092;"Sitno (2)";9,2;8,5;7,4;7,1;6,2;5,4;6,9;5,5;4,4;4,3;4,9;5,5;
0620102;"Skierbieszów (2)";9,7;9,0;8,7;7,1;6,0;5,9;8,3;6,3;4,9;4,8;5,2;5,8;
0620112;"Stary Zamość (2)";9,2;8,7;8,2;6,8;6,3;7,0;7,8;6,8;6,4;6,3;6,5;7,1;
0620122;"Sułów (2)";9,7;9,3;8,0;7,4;7,0;6,3;7,3;6,9;6,1;5,9;5,8;6,3;
0620133;"Szczebrzeszyn (3)";10,4;10,3;8,4;7,6;6,5;5,7;7,0;6,4;6,2;6,4;6,2;6,5;
0620134;"Szczebrzeszyn - miasto (4)";0,0;0,0;0,0;0,0;0,0;5,9;7,9;7,2;6,7;6,8;6,8;6,7;
0620135;"Szczebrzeszyn - obszar wiejski (5)";0,0;0,0;0,0;0,0;0,0;5,5;6,4;5,7;5,9;6,0;5,8;6,3;
0620142;"Zamość (2)";9,3;8,6;7,2;6,5;5,3;4,6;5,5;4,9;4,7;4,3;4,5;5,2;
0620153;"Zwierzyniec (3)";8,7;8,7;7,6;6,8;6,1;6,1;6,7;7,3;7,6;7,2;6,4;6,5;
0620154;"Zwierzyniec - miasto (4)";0,0;0,0;0,0;0,0;0,0;5,4;6,4;7,0;7,9;7,6;7,0;6,5;
0620155;"Zwierzyniec - obszar wiejski (5)";0,0;0,0;0,0;0,0;0,0;6,8;7,0;7,5;7,4;6,9;6,0;6,5;
0661000;"Powiat m. Biała Podlaska";9,5;8,7;8,2;7,3;7,0;6,9;8,0;6,6;5,7;5,4;5,5;6,5;
0661011;"Biała Podlaska (1)";9,5;8,7;8,2;7,3;7,0;6,9;8,0;6,6;5,7;5,4;5,5;6,5;
0662000;"Powiat m. Chełm";9,1;8,7;7,7;7,3;6,9;6,8;7,9;6,5;6,0;5,3;5,4;6,1;
0662011;"Chełm (1)";9,1;8,7;7,7;7,3;6,9;6,8;7,9;6,5;6,0;5,3;5,4;6,1;
0663000;"Powiat m. Lublin";6,9;6,6;6,2;5,5;5,0;4,5;5,2;4,9;4,6;4,0;3,8;4,2;
0663011;"Lublin (1)";6,9;6,6;6,2;5,5;5,0;4,5;5,2;4,9;4,6;4,0;3,8;4,2;
0664000;"Powiat m. Zamość";10,4;9,8;8,7;7,8;7,2;6,4;7,8;7,0;6,3;6,1;6,3;7,1;
0664011;"Zamość (1)";10,4;9,8;8,7;7,8;7,2;6,4;7,8;7,0;6,3;6,1;6,3;7,1;
0800000;"LUBUSKIE";7,2;6,1;5,1;3,9;3,6;3,0;4,0;3,1;2,7;2,7;2,8;3,6;
0801000;"Powiat gorzowski";4,7;4,4;3,8;2,7;2,5;2,1;3,2;2,2;1,7;1,8;2,0;2,6;
0801011;"Kostrzyn nad Odrą (1)";2,4;2,2;2,4;1,7;1,4;1,1;2,1;1,4;1,0;0,9;1,2;2,0;
0801022;"Bogdaniec (2)";4,2;4,0;2,9;1,5;1,5;1,4;2,4;1,7;1,7;1,5;2,0;2,6;
0801032;"Deszczno (2)";4,3;3,7;2,8;2,0;1,9;2,0;3,3;2,0;1,5;1,9;1,9;2,1;
0801042;"Kłodawa (2)";3,9;3,1;2,1;1,8;1,5;1,3;2,5;1,9;1,2;1,5;1,6;2,3;
0801052;"Lubiszyn (2)";5,5;5,3;4,2;3,7;3,3;2,8;3,6;2,5;2,3;2,1;2,4;3,1;
0801062;"Santok (2)";5,4;5,4;4,3;3,4;3,8;2,8;3,7;2,9;1,7;1,8;1,7;2,4;
0801073;"Witnica (3)";8,1;7,7;7,7;4,7;4,1;3,5;5,0;3,4;2,8;3,2;3,5;4,0;
0801074;"Witnica - miasto (4)";0,0;0,0;0,0;0,0;0,0;3,7;5,5;4,0;3,2;3,8;3,9;4,3;
0801075;"Witnica - obszar wiejski (5)";0,0;0,0;0,0;0,0;0,0;3,4;4,4;2,7;2,4;2,7;3,2;3,7;
0802000;"Powiat krośnieński";8,9;8,2;6,9;5,6;4,7;4,1;5,1;3,8;3,1;3,1;2,9;3,9;
0802011;"Gubin (1)";10,9;10,0;8,3;6,4;5,6;4,9;5,7;4,4;3,3;3,5;3,3;4,5;
0802022;"Bobrowice (2)";6,9;6,4;5,3;4,5;3,5;3,9;4,2;3,5;2,8;3,1;3,7;3,1;
0802032;"Bytnica (2)";8,1;6,2;5,7;4,7;4,1;4,7;3,9;2,3;2,8;3,7;2,2;3,4;
0802042;"Dąbie (2)";8,7;8,1;6,5;5,4;5,0;3,8;5,3;3,8;3,1;3,0;3,0;3,9;
0802052;"Gubin (2)";12,9;11,9;10,3;7,8;6,9;5,6;6,8;5,4;4,2;4,0;3,5;4,3;
0802063;"Krosno Odrzańskie (3)";5,8;5,7;4,7;4,3;3,4;2,9;4,0;2,8;2,4;2,4;2,1;3,4;
0802064;"Krosno Odrzańskie - miasto (4)";0,0;0,0;0,0;0,0;0,0;2,5;3,7;2,6;2,5;2,5;2,2;3,3;
0802065;"Krosno Odrzańskie - obszar wiejski (5)";0,0;0,0;0,0;0,0;0,0;3,5;4,6;3,0;2,3;2,2;2,0;3,5;
0802072;"Maszewo (2)";9,8;7,0;5,9;4,5;3,5;3,8;5,3;4,0;3,7;2,9;2,9;4,0;
0803000;"Powiat międzyrzecki";10,5;8,8;8,5;7,4;6,9;5,4;5,8;4,1;4,1;3,9;4,1;4,7;
0803012;"Bledzew (2)";13,3;11,6;11,7;9,5;9,4;7,3;7,9;5,1;5,3;5,1;5,1;4,7;
0803023;"Międzyrzecz (3)";9,5;7,7;7,7;6,9;6,2;4,5;4,8;3,4;3,5;3,2;3,5;4,3;
0803024;"Międzyrzecz - miasto (4)";0,0;0,0;0,0;0,0;0,0;4,2;4,2;3,0;3,1;3,0;3,3;3,9;
0803025;"Międzyrzecz - obszar wiejski (5)";0,0;0,0;0,0;0,0;0,0;5,2;6,3;4,4;4,5;3,9;4,0;5,2;
0803032;"Przytoczna (2)";11,4;10,0;10,2;8,4;8,1;6,1;6,9;4,7;4,5;3,9;4,2;4,8;
0803042;"Pszczew (2)";12,2;10,2;8,4;7,4;6,9;5,5;5,6;3,5;4,1;4,0;4,5;4,7;
0803053;"Skwierzyna (3)";10,5;8,9;8,9;8,0;7,5;6,8;7,6;5,7;5,3;5,3;4,9;5,7;
0803054;"Skwierzyna - miasto (4)";0,0;0,0;0,0;0,0;0,0;6,1;7,0;5,1;5,1;5,1;4,6;5,3;
0803055;"Skwierzyna - obszar wiejski (5)";0,0;0,0;0,0;0,0;0,0;9,4;9,7;7,8;6,1;6,0;5,6;6,9;
0803063;"Trzciel (3)";10,6;9,1;7,4;6,1;5,6;4,2;4,2;3,3;3,0;3,4;4,2;4,2;
0803064;"Trzciel - miasto (4)";0,0;0,0;0,0;0,0;0,0;2,1;2,2;3,0;2,3;3,3;4,0;4,6;
0803065;"Trzciel - obszar wiejski (5)";0,0;0,0;0,0;0,0;0,0;5,4;5,3;3,6;3,4;3,4;4,3;4,0;
0804000;"Powiat nowosolski";10,9;9,3;7,5;5,5;4,5;3,3;4,0;2,8;2,8;3,1;3,4;4,3;
0804011;"Nowa Sól (1)";9,6;8,1;6,4;4,7;3,9;2,7;3,5;2,2;2,5;2,9;3,3;4,5;
0804023;"Bytom Odrzański (3)";8,3;8,6;5,6;4,0;3,4;2,4;3,4;2,3;2,3;2,6;3,0;3,8;
0804024;"Bytom Odrzański - miasto (4)";0,0;0,0;0,0;0,0;0,0;2,0;3,0;2,0;2,0;2,3;2,9;3,5;
0804025;"Bytom Odrzański - obszar wiejski (5)";0,0;0,0;0,0;0,0;0,0;4,3;5,1;3,3;3,3;3,5;3,4;4,6;
0804032;"Kolsko (2)";10,0;8,0;7,3;6,9;5,5;4,6;4,0;3,4;4,1;4,9;4,1;4,4;
0804043;"Kożuchów (3)";14,1;12,2;10,3;7,4;5,7;4,2;4,9;3,7;3,4;3,4;3,4;4,6;
0804044;"Kożuchów - miasto (4)";0,0;0,0;0,0;0,0;0,0;3,2;4,1;2,9;2,9;2,7;2,8;4,1;
0804045;"Kożuchów - obszar wiejski (5)";0,0;0,0;0,0;0,0;0,0;5,5;6,0;4,9;4,1;4,4;4,4;5,2;
0804052;"Nowa Sól (2)";11,9;9,9;7,7;6,0;4,8;3,6;4,2;3,3;3,3;3,1;3,8;4,1;
0804063;"Nowe Miasteczko (3)";12,5;10,3;8,4;6,1;5,6;4,1;4,7;3,2;3,4;3,8;4,3;4,9;
0804064;"Nowe Miasteczko - miasto (4)";0,0;0,0;0,0;0,0;0,0;4,0;4,5;2,9;3,1;4,1;4,0;5,1;
0804065;"Nowe Miasteczko - obszar wiejski (5)";0,0;0,0;0,0;0,0;0,0;4,2;4,8;3,6;3,6;3,4;4,5;4,8;
0804072;"Otyń (2)";10,2;8,2;6,5;4,7;;;;;;;;;
0804073;"Otyń (3)";;;;;3,6;2,9;3,3;2,4;2,3;2,5;2,8;3,2;
0804074;"Otyń - miasto (4)";;;;;0,0;2,5;2,9;1,9;1,5;2,3;2,2;2,4;
0804075;"Otyń - obszar wiejski (5)";;;;;0,0;3,0;3,5;2,6;2,5;2,5;2,9;3,5;
0804082;"Siedlisko (2)";12,6;11,5;9,5;6,5;5,2;4,1;4,7;3,5;2,8;2,9;3,3;3,9;
0805000;"Powiat słubicki";4,1;3,2;2,2;1,7;1,4;1,4;2,3;1,5;1,3;1,3;1,4;1,9;
0805013;"Cybinka (3)";5,5;4,5;3,2;2,5;2,4;2,5;3,3;2,4;2,8;2,1;1,7;2,4;
0805014;"Cybinka - miasto (4)";0,0;0,0;0,0;0,0;0,0;1,7;2,0;2,0;2,1;1,5;1,5;2,3;
0805015;"Cybinka - obszar wiejski (5)";0,0;0,0;0,0;0,0;0,0;3,1;4,3;2,8;3,4;2,6;1,9;2,5;
0805022;"Górzyca (2)";4,0;3,2;2,5;2,0;1,6;1,7;2,4;1,9;1,4;1,8;1,9;1,8;
0805033;"Ośno Lubuskie (3)";4,0;3,1;2,5;1,7;1,6;1,6;2,2;1,6;1,3;1,5;1,2;2,0;
0805034;"Ośno Lubuskie - miasto (4)";0,0;0,0;0,0;0,0;0,0;1,3;1,7;1,4;1,0;1,6;1,1;1,7;
0805035;"Ośno Lubuskie - obszar wiejski (5)";0,0;0,0;0,0;0,0;0,0;2,0;2,9;1,9;1,8;1,3;1,5;2,4;
0805043;"Rzepin (3)";4,4;3,4;2,5;1,7;1,1;1,4;2,6;1,6;1,3;1,1;1,1;1,7;
0805044;"Rzepin - miasto (4)";0,0;0,0;0,0;0,0;0,0;1,3;2,5;1,3;1,1;0,8;0,9;1,4;
0805045;"Rzepin - obszar wiejski (5)";0,0;0,0;0,0;0,0;0,0;1,6;2,8;2,3;1,8;1,7;1,5;2,3;
0805053;"Słubice (3)";3,5;2,8;1,7;1,4;1,1;1,0;1,7;1,0;0,9;1,0;1,3;1,7;
0805054;"Słubice - miasto (4)";0,0;0,0;0,0;0,0;0,0;0,9;1,7;0,9;0,9;1,1;1,4;1,7;
0805055;"Słubice - obszar wiejski (5)";0,0;0,0;0,0;0,0;0,0;1,1;1,8;1,2;1,1;0,8;1,0;1,7;
0806000;"Powiat strzelecko-drezdenecki";11,3;9,9;8,5;6,5;6,3;5,7;6,2;5,6;5,2;5,1;5,8;6,9;
0806013;"Dobiegniew (3)";14,5;14,7;12,6;11,6;11,4;9,6;9,9;8,5;6,9;7,8;8,6;8,4;
0806014;"Dobiegniew - miasto (4)";0,0;0,0;0,0;0,0;0,0;9,2;8,3;6,8;5,4;5,4;6,4;6,6;
0806015;"Dobiegniew - obszar wiejski (5)";0,0;0,0;0,0;0,0;0,0;10,0;11,2;10,0;8,2;10,0;10,6;10,2;
0806023;"Drezdenko (3)";10,9;10,0;8,9;6,3;6,1;5,2;5,7;5,3;5,3;4,8;5,3;6,2;
0806024;"Drezdenko - miasto (4)";0,0;0,0;0,0;0,0;0,0;4,8;5,5;5,5;5,2;4,9;5,4;6,4;
0806025;"Drezdenko - obszar wiejski (5)";0,0;0,0;0,0;0,0;0,0;5,9;5,9;5,1;5,6;4,8;5,1;6,1;
0806032;"Stare Kurowo (2)";10,0;8,9;8,5;6,6;6,2;5,4;5,7;6,1;6,1;5,0;4,8;6,8;
0806043;"Strzelce Krajeńskie (3)";11,1;8,7;7,3;5,1;5,2;5,0;5,9;5,1;4,6;4,7;5,6;7,3;
0806044;"Strzelce Krajeńskie - miasto (4)";0,0;0,0;0,0;0,0;0,0;4,1;5,0;4,4;3,8;4,0;4,7;6,5;
0806045;"Strzelce Krajeńskie - obszar wiejski (5)";0,0;0,0;0,0;0,0;0,0;6,2;7,2;6,1;5,6;5,8;7,0;8,4;
0806052;"Zwierzyn (2)";10,3;7,8;5,6;4,6;4,0;4,3;4,5;4,2;3,6;3,9;5,0;5,8;
0807000;"Powiat sulęciński";6,6;5,9;4,9;3,6;3,4;3,1;3,8;2,5;2,3;2,3;2,3;2,9;
0807012;"Krzeszyce (2)";5,8;5,1;4,2;3,6;3,4;3,1;3,6;2,3;2,2;2,3;1,8;2,4;
0807023;"Lubniewice (3)";8,2;6,9;5,6;3,9;4,5;4,7;4,5;2,6;2,7;3,0;3,1;3,1;
0807024;"Lubniewice - miasto (4)";0,0;0,0;0,0;0,0;0,0;5,1;5,2;3,1;3,1;3,6;3,9;3,3;
0807025;"Lubniewice - obszar wiejski (5)";0,0;0,0;0,0;0,0;0,0;3,9;3,2;1,6;2,0;2,0;1,6;2,8;
0807032;"Słońsk (2)";4,4;4,5;3,4;2,8;2,2;1,5;2,5;1,6;1,1;1,5;1,7;2,8;
0807043;"Sulęcin (3)";6,9;5,9;4,8;3,4;3,5;3,1;3,7;2,4;2,3;2,4;2,5;2,9;
0807044;"Sulęcin - miasto (4)";0,0;0,0;0,0;0,0;0,0;3,4;3,8;2,4;2,4;2,4;2,5;3,3;
0807045;"Sulęcin - obszar wiejski (5)";0,0;0,0;0,0;0,0;0,0;2,6;3,5;2,2;2,1;2,2;2,3;2,2;
0807053;"Torzym (3)";7,5;6,8;6,3;4,3;3,4;3,3;4,7;3,4;3,1;2,4;2,6;3,5;
0807054;"Torzym - miasto (4)";0,0;0,0;0,0;0,0;0,0;2,8;4,0;2,3;3,0;2,5;1,9;2,8;
0807055;"Torzym - obszar wiejski (5)";0,0;0,0;0,0;0,0;0,0;3,7;5,1;4,0;3,2;2,4;3,0;3,8;
0808000;"Powiat świebodziński";6,6;6,0;5,1;3,7;3,2;2,6;4,2;2,5;2,2;2,1;1,9;2,9;
0808012;"Lubrza (2)";8,0;6,2;6,3;4,4;4,0;3,0;5,0;2,7;2,7;2,4;1,7;3,2;
0808022;"Łagów (2)";9,9;7,9;7,0;5,0;4,3;3,3;5,6;4,3;2,8;2,6;3,1;3,6;
0808032;"Skąpe (2)";6,6;5,8;5,1;4,0;3,3;2,7;4,5;3,0;2,8;2,2;1,4;2,2;
0808042;"Szczaniec (2)";6,0;6,0;4,9;3,6;2,9;3,3;5,0;3,3;2,3;2,6;2,4;3,6;
0808053;"Świebodzin (3)";6,6;6,1;5,3;3,8;3,4;2,6;4,3;2,4;2,3;2,1;1,9;3,1;
0808054;"Świebodzin - miasto (4)";0,0;0,0;0,0;0,0;0,0;2,5;4,2;2,1;2,2;2,0;1,9;3,2;
0808055;"Świebodzin - obszar wiejski (5)";0,0;0,0;0,0;0,0;0,0;2,9;4,5;3,2;2,6;2,6;2,0;3,0;
0808063;"Zbąszynek (3)";4,5;4,5;2,8;1,9;1,8;1,6;2,4;1,3;1,1;1,1;1,1;1,6;
0808064;"Zbąszynek - miasto (4)";0,0;0,0;0,0;0,0;0,0;1,6;2,3;1,3;1,0;1,0;1,0;1,7;
0808065;"Zbąszynek - obszar wiejski (5)";0,0;0,0;0,0;0,0;0,0;1,8;2,5;1,3;1,3;1,4;1,3;1,5;
0809000;"Powiat zielonogórski";6,9;6,0;4,8;3,8;3,7;3,2;4,6;4,5;4,0;3,5;3,6;4,1;
0809013;"Babimost (3)";4,4;3,7;3,0;2,3;2,0;2,1;3,0;2,4;3,2;2,8;2,8;3,0;
0809014;"Babimost - miasto (4)";0,0;0,0;0,0;0,0;0,0;2,1;3,0;2,9;3,4;2,5;3,1;3,3;
0809015;"Babimost - obszar wiejski (5)";0,0;0,0;0,0;0,0;0,0;2,1;3,1;1,6;2,8;3,2;2,2;2,4;
0809022;"Bojadła (2)";8,3;6,3;6,5;4,4;4,1;4,2;5,2;5,3;5,3;4,5;4,7;5,2;
0809033;"Czerwieńsk (3)";7,7;6,5;5,1;4,1;4,0;2,9;4,4;4,4;2,8;2,9;3,2;3,9;
0809034;"Czerwieńsk - miasto (4)";0,0;0,0;0,0;0,0;0,0;2,2;3,6;3,4;1,4;2,3;2,6;3,4;
0809035;"Czerwieńsk - obszar wiejski (5)";0,0;0,0;0,0;0,0;0,0;3,3;4,9;5,0;3,6;3,3;3,6;4,1;
0809043;"Kargowa (3)";6,6;5,6;5,5;3,7;3,6;3,4;4,4;4,4;4,8;4,3;4,2;4,7;
0809044;"Kargowa - miasto (4)";0,0;0,0;0,0;0,0;0,0;2,7;3,7;3,7;4,3;3,8;3,9;4,6;
0809045;"Kargowa - obszar wiejski (5)";0,0;0,0;0,0;0,0;0,0;4,8;5,6;5,6;5,8;5,1;4,8;4,9;
0809053;"Nowogród Bobrzański (3)";8,2;6,7;5,7;5,2;4,2;3,5;4,6;5,1;4,3;3,7;3,5;4,1;
0809054;"Nowogród Bobrzański - miasto (4)";0,0;0,0;0,0;0,0;0,0;3,0;3,8;4,9;3,7;3,5;3,5;4,1;
0809055;"Nowogród Bobrzański - obszar wiejski (5)";0,0;0,0;0,0;0,0;0,0;4,0;5,5;5,2;4,9;3,8;3,5;4,1;
0809063;"Sulechów (3)";7,1;6,0;4,6;3,4;3,7;3,5;5,4;4,9;4,8;4,0;3,9;4,3;
0809064;"Sulechów - miasto (4)";0,0;0,0;0,0;0,0;0,0;2,9;5,0;4,5;4,3;4,0;4,0;4,3;
0809065;"Sulechów - obszar wiejski (5)";0,0;0,0;0,0;0,0;0,0;4,4;5,9;5,5;5,5;3,9;3,9;4,3;
0809072;"Świdnica (2)";6,0;5,3;4,0;3,2;3,0;1,9;2,6;2,5;1,9;1,9;2,1;2,7;
0809082;"Trzebiechów (2)";7,0;6,5;5,5;4,8;5,3;4,9;7,0;6,8;6,7;5,5;5,9;7,5;
0809092;"Zabór (2)";9,1;7,6;5,0;4,0;3,4;2,5;3,6;4,4;2,5;2,8;3,4;3,9;
0809102;"Zielona Góra (2)";6,0;;;;;;;;;;;;
0810000;"Powiat żagański";9,5;7,5;6,0;4,8;4,0;3,7;4,1;3,0;2,6;2,3;2,3;2,9;
0810011;"Gozdnica (1)";9,7;7,6;5,6;4,5;3,4;2,8;2,4;1,8;1,6;1,2;1,4;1,3;
0810021;"Żagań (1)";7,7;5,6;4,1;3,3;2,6;2,6;3,0;2,1;2,0;1,7;1,8;2,5;
0810032;"Brzeźnica (2)";9,2;8,1;6,9;4,5;4,4;3,4;4,5;3,4;3,2;2,7;3,0;3,1;
0810043;"Iłowa (3)";9,6;8,2;6,1;4,1;3,2;3,0;3,3;2,2;1,9;1,4;1,8;1,8;
0810044;"Iłowa - miasto (4)";0,0;0,0;0,0;0,0;0,0;2,6;2,7;1,5;1,6;1,3;1,7;1,7;
0810045;"Iłowa - obszar wiejski (5)";0,0;0,0;0,0;0,0;0,0;3,6;3,9;3,1;2,3;1,4;1,9;1,9;
0810053;"Małomice (3)";10,5;8,7;7,9;6,9;5,2;5,1;4,9;3,4;2,7;2,5;2,4;3,2;
0810054;"Małomice - miasto (4)";0,0;0,0;0,0;0,0;0,0;5,1;5,3;3,4;2,4;2,5;2,7;3,9;
0810055;"Małomice - obszar wiejski (5)";0,0;0,0;0,0;0,0;0,0;5,1;4,1;3,3;3,3;2,6;1,8;2,1;
0810062;"Niegosławice (2)";12,6;10,7;9,6;8,3;7,7;7,1;7,2;6,2;4,6;4,1;3,8;4,2;
0810073;"Szprotawa (3)";10,7;8,8;7,1;6,0;5,2;4,7;5,1;3,7;3,3;2,8;2,8;3,6;
0810074;"Szprotawa - miasto (4)";0,0;0,0;0,0;0,0;0,0;4,1;4,3;3,5;3,0;2,6;2,8;3,6;
0810075;"Szprotawa - obszar wiejski (5)";0,0;0,0;0,0;0,0;0,0;5,5;5,9;4,0;3,7;3,0;2,8;3,6;
0810082;"Wymiarki (2)";12,3;8,2;7,7;5,4;3,8;3,5;4,5;3,9;2,8;1,8;2,4;2,7;
0810092;"Żagań (2)";8,6;6,4;5,4;3,8;3,2;3,1;3,4;2,6;2,3;2,6;2,4;2,7;
0811000;"Powiat żarski";6,9;5,2;4,4;3,5;3,3;2,9;3,8;3,1;2,8;2,7;2,9;3,5;
0811011;"Łęknica (1)";5,2;4,3;2,3;2,2;1,6;1,7;2,1;1,2;1,3;1,1;1,2;1,6;
0811021;"Żary (1)";4,6;3,1;2,7;1,8;1,8;1,7;2,5;2,0;1,9;1,8;1,7;2,6;
0811032;"Brody (2)";11,4;9,3;9,2;7,8;7,1;5,7;7,4;6,0;4,9;4,4;;;
0811033;"Brody (3)";;;;;;;;;;;4,7;5,3;
0811034;"Brody - miasto (4)";;;;;;;;;;;4,7;4,6;
0811035;"Brody - obszar wiejski (5)";;;;;;;;;;;4,7;5,6;
0811043;"Jasień (3)";9,8;7,9;7,2;6,0;5,5;4,5;6,2;5,2;4,4;4,4;4,6;5,3;
0811044;"Jasień - miasto (4)";0,0;0,0;0,0;0,0;0,0;3,6;5,0;4,0;3,9;4,0;3,8;4,6;
0811045;"Jasień - obszar wiejski (5)";0,0;0,0;0,0;0,0;0,0;5,9;8,0;7,0;5,1;4,9;5,8;6,3;
0811052;"Lipinki Łużyckie (2)";5,9;4,3;3,9;2,9;2,5;1,9;3,2;2,6;2,2;2,2;2,4;2,6;
0811063;"Lubsko (3)";10,7;8,2;7,3;6,4;5,7;4,9;6,0;4,9;4,3;4,6;5,4;5,6;
0811064;"Lubsko - miasto (4)";0,0;0,0;0,0;0,0;0,0;4,6;5,8;4,7;4,1;4,4;5,4;5,6;
0811065;"Lubsko - obszar wiejski (5)";0,0;0,0;0,0;0,0;0,0;5,7;6,6;5,5;4,9;5,1;5,4;5,8;
0811072;"Przewóz (2)";7,3;5,4;4,0;3,1;2,8;3,4;3,6;3,4;3,1;2,3;2,5;2,8;
0811082;"Trzebiel (2)";6,2;4,4;3,2;2,6;2,3;2,0;3,1;2,8;2,6;2,2;2,5;2,7;
0811092;"Tuplice (2)";11,3;9,4;8,1;5,2;6,0;5,7;5,9;4,9;4,2;4,3;3,6;4,1;
0811102;"Żary (2)";4,7;3,5;2,9;1,9;2,0;1,9;2,5;1,8;1,8;1,8;1,6;2,6;
0812000;"Powiat wschowski";7,3;6,5;6,1;5,1;4,7;4,3;5,3;4,7;4,3;4,4;4,4;5,0;
0812013;"Sława (3)";6,2;5,6;5,5;4,4;3,9;3,4;4,4;4,2;3,9;4,3;4,2;4,6;
0812014;"Sława - miasto (4)";0,0;0,0;0,0;0,0;0,0;3,2;5,0;4,6;4,5;5,5;4,5;4,9;
0812015;"Sława - obszar wiejski (5)";0,0;0,0;0,0;0,0;0,0;3,5;4,1;4,0;3,7;3,8;4,0;4,4;
0812023;"Szlichtyngowa (3)";7,3;7,3;6,8;5,6;5,8;5,0;5,7;5,0;4,6;3,9;4,0;4,5;
0812024;"Szlichtyngowa - miasto (4)";0,0;0,0;0,0;0,0;0,0;5,4;7,0;4,9;4,5;4,0;5,1;4,4;
0812025;"Szlichtyngowa - obszar wiejski (5)";0,0;0,0;0,0;0,0;0,0;4,9;5,3;5,0;4,6;3,9;3,6;4,5;
0812033;"Wschowa (3)";7,9;6,8;6,2;5,3;4,9;4,7;5,8;4,9;4,4;4,6;4,7;5,5;
0812034;"Wschowa - miasto (4)";0,0;0,0;0,0;0,0;0,0;4,7;5,6;5,0;4,5;4,5;4,7;5,5;
0812035;"Wschowa - obszar wiejski (5)";0,0;0,0;0,0;0,0;0,0;4,8;6,1;4,9;4,2;4,6;4,7;5,5;
0861000;"Powiat m. Gorzów Wielkopolski";4,3;3,8;3,0;2,0;2,0;1,8;3,1;2,1;1,9;1,8;2,0;3,3;
0861011;"Gorzów Wielkopolski (1)";4,3;3,8;3,0;2,0;2,0;1,8;3,1;2,1;1,9;1,8;2,0;3,3;
0862000;"Powiat m. Zielona Góra";5,8;4,7;3,5;2,7;2,8;2,0;3,3;3,0;2,2;2,5;2,5;3,4;
0862011;"Zielona Góra (1)";5,8;4,7;3,5;2,7;2,8;2,0;3,3;3,0;2,2;2,5;2,5;3,4;
1000000;"ŁÓDZKIE";8,1;7,2;6,0;4,9;4,5;4,1;4,8;4,4;4,0;3,9;4,0;4,7;
1001000;"Powiat bełchatowski";8,1;6,5;5,6;4,5;4,3;3,7;4,3;3,8;3,8;3,5;3,4;3,9;
1001011;"Bełchatów (1)";7,2;5,9;4,9;4,0;3,9;3,3;4,0;3,3;3,5;3,0;3,1;3,8;
1001022;"Bełchatów (2)";6,6;5,5;4,9;3,8;3,7;3,0;3,3;2,7;2,6;2,4;2,2;2,7;
1001032;"Drużbice (2)";7,3;6,2;5,6;3,9;3,6;3,4;4,1;3,2;3,1;2,9;2,5;3,1;
1001042;"Kleszczów (2)";5,8;4,6;3,7;3,1;2,1;2,5;2,9;2,8;3,1;2,7;3,2;3,4;
1001052;"Kluki (2)";8,4;6,6;5,4;3,9;4,0;3,1;4,0;3,6;2,8;2,8;2,6;3,0;
1001062;"Rusiec (2)";6,6;4,9;4,1;3,4;3,3;2,6;2,7;2,8;2,4;2,5;2,2;2,4;
1001072;"Szczerców (2)";8,4;6,6;5,4;4,3;4,1;3,3;3,5;3,0;2,6;2,8;2,7;3,1;
1001083;"Zelów (3)";14,0;11,5;10,4;8,2;8,1;7,5;8,2;7,9;8,0;8,1;7,5;7,7;
1001084;"Zelów - miasto (4)";0,0;0,0;0,0;0,0;0,0;8,2;8,9;8,6;8,3;8,8;8,5;8,2;
1001085;"Zelów - obszar wiejski (5)";0,0;0,0;0,0;0,0;0,0;6,7;7,5;7,3;7,7;7,4;6,6;7,2;
1002000;"Powiat kutnowski";10,2;9,4;8,2;6,5;6,3;5,7;6,3;5,9;5,4;5,6;5,6;5,9;
1002011;"Kutno (1)";8,5;7,8;6,7;5,3;5,2;4,7;5,3;4,8;4,6;4,7;5,0;5,4;
1002022;"Bedlno (2)";8,8;7,0;6,2;4,4;4,5;3,4;4,3;4,7;3,6;4,3;4,1;4,1;
1002032;"Dąbrowice (2)";10,6;9,9;8,8;7,7;6,2;7,1;7,4;7,6;6,2;;;;
1002033;"Dąbrowice (3)";;;;;;;;;;6,1;6,2;7,5;
1002034;"Dąbrowice - miasto (4)";;;;;;;;;;3,3;4,0;5,4;
1002035;"Dąbrowice - obszar wiejski (5)";;;;;;;;;;9,4;8,7;9,9;
1002043;"Krośniewice (3)";15,0;13,1;11,1;9,3;8,4;8,0;8,6;7,6;6,9;7,6;7,9;7,8;
1002044;"Krośniewice - miasto (4)";0,0;0,0;0,0;0,0;0,0;8,6;9,4;7,6;7,5;8,7;8,0;8,4;
1002045;"Krośniewice - obszar wiejski (5)";0,0;0,0;0,0;0,0;0,0;7,4;7,7;7,7;6,3;6,5;7,8;7,1;
1002052;"Krzyżanów (2)";11,5;10,1;8,9;6,4;7,2;5,5;6,2;6,0;5,3;5,0;4,9;5,2;
1002062;"Kutno (2)";9,6;9,1;7,4;6,3;6,0;5,0;5,4;5,2;5,0;5,3;4,6;5,1;
1002072;"Łanięta (2)";14,4;14,9;11,4;8,0;8,9;8,1;8,1;8,8;8,0;8,7;6,7;7,3;
1002082;"Nowe Ostrowy (2)";13,2;13,5;11,9;9,8;8,5;8,3;8,5;8,9;7,2;7,0;7,5;7,8;
1002092;"Oporów (2)";8,1;8,0;7,5;4,9;6,2;5,3;5,8;5,0;4,9;5,8;5,9;6,1;
1002102;"Strzelce (2)";10,5;10,9;9,6;7,1;6,2;5,3;5,4;5,6;4,6;5,3;4,7;4,8;
1002113;"Żychlin (3)";12,5;11,3;10,5;9,0;8,2;8,5;9,1;7,9;7,6;7,5;7,3;7,3;
1002114;"Żychlin - miasto (4)";0,0;0,0;0,0;0,0;0,0;8,6;9,4;8,1;8,0;7,9;7,9;8,1;
1002115;"Żychlin - obszar wiejski (5)";0,0;0,0;0,0;0,0;0,0;8,3;8,5;7,7;6,8;6,7;6,1;5,6;
1003000;"Powiat łaski";9,6;7,9;6,9;5,7;4,8;4,4;5,1;4,4;4,2;4,2;4,6;5,5;
1003012;"Buczek (2)";10,1;6,8;6,8;5,4;5,0;3,9;5,5;4,6;4,6;4,7;4,4;5,8;
1003023;"Łask (3)";9,7;8,3;7,3;5,9;4,7;4,3;5,2;4,4;4,3;4,3;4,9;5,7;
1003024;"Łask - miasto (4)";0,0;0,0;0,0;0,0;0,0;4,4;5,1;4,3;4,1;4,5;5,1;5,8;
1003025;"Łask - obszar wiejski (5)";0,0;0,0;0,0;0,0;0,0;4,1;5,3;4,6;4,6;4,2;4,7;5,6;
1003032;"Sędziejowice (2)";10,0;8,0;7,3;5,1;4,5;5,2;5,5;4,6;4,2;3,9;4,8;5,4;
1003042;"Widawa (2)";10,0;8,6;7,1;6,5;5,9;5,2;5,2;4,9;4,0;4,6;4,2;5,2;
1003052;"Wodzierady (2)";6,4;4,7;3,5;3,4;3,0;2,6;3,0;2,9;3,0;2,6;3,0;4,4;
1004000;"Powiat łęczycki";9,7;8,4;7,3;5,6;5,1;4,6;4,8;4,4;4,1;3,8;3,5;4,3;
1004011;"Łęczyca (1)";12,4;11,4;10,2;8,5;7,9;7,5;7,8;7,1;7,1;6,2;5,9;7,0;
1004022;"Daszyna (2)";12,8;10,3;7,7;5,9;5,1;4,6;5,1;4,8;4,8;3,3;4,0;4,5;
1004032;"Góra Świętej Małgorzaty (2)";6,3;4,9;4,0;2,9;2,5;2,6;3,3;2,8;2,2;2,3;2,3;2,9;
1004042;"Grabów (2)";8,7;6,9;7,4;4,5;3,7;3,5;3,1;3,6;3,6;3,3;;;
1004043;"Grabów (3)";;;;;;;;;;;2,5;3,5;
1004044;"Grabów - miasto (4)";;;;;;;;;;;2,8;4,8;
1004045;"Grabów - obszar wiejski (5)";;;;;;;;;;;2,5;3,2;
1004052;"Łęczyca (2)";8,6;6,8;6,0;4,7;4,2;3,4;4,0;3,6;2,9;3,1;2,5;3,5;
1004062;"Piątek (2)";6,9;6,7;5,0;3,8;3,6;3,4;;;;;;;
1004063;"Piątek (3)";;;;;;;2,8;2,6;2,4;2,1;2,3;2,5;
1004064;"Piątek - miasto (4)";;;;;;;3,8;3,1;3,8;3,9;4,2;4,6;
1004065;"Piątek - obszar wiejski (5)";;;;;;;2,4;2,5;1,9;1,5;1,6;1,7;
1004072;"Świnice Warckie (2)";10,4;9,0;7,8;4,9;4,4;4,7;3,8;3,4;3,2;2,8;3,2;3,4;
1004082;"Witonia (2)";8,2;7,3;6,5;5,2;5,1;3,4;3,3;2,9;2,2;2,8;2,5;3,0;
1005000;"Powiat łowicki";6,3;5,8;5,1;4,1;3,9;3,3;4,1;3,3;3,2;2,9;2,9;3,6;
1005011;"Łowicz (1)";7,5;7,0;6,2;5,1;4,9;4,2;5,4;4,6;4,2;3,7;4,0;4,9;
1005022;"Bielawy (2)";7,0;5,7;5,1;3,8;3,7;2,8;3,9;2,9;2,7;2,8;2,4;3,4;
1005032;"Chąśno (2)";5,9;4,2;4,4;3,9;3,6;3,2;3,6;2,7;2,4;2,9;2,3;2,7;
1005042;"Domaniewice (2)";5,4;6,0;4,1;3,0;3,1;3,1;3,2;3,0;2,5;1,9;2,0;2,9;
1005052;"Kiernozia (2)";5,7;5,0;5,3;3,2;3,1;2,4;3,7;3,0;2,8;2,6;;;
1005053;"Kiernozia (3)";;;;;;;;;;;3,3;3,8;
1005054;"Kiernozia - miasto (4)";;;;;;;;;;;2,4;3,7;
1005055;"Kiernozia - obszar wiejski (5)";;;;;;;;;;;3,6;3,8;
1005062;"Kocierzew Południowy (2)";3,8;2,9;3,1;2,3;2,3;1,8;2,0;1,6;1,9;1,7;1,7;2,3;
1005072;"Łowicz (2)";5,2;4,9;4,6;3,5;3,3;2,9;3,6;2,7;3,0;2,6;2,4;3,0;
1005082;"Łyszkowice (2)";6,0;5,5;4,5;3,8;3,6;3,1;3,6;3,0;2,8;2,7;2,6;3,3;
1005092;"Nieborów (2)";5,7;5,3;5,0;3,9;3,4;3,0;3,5;2,7;2,6;2,3;2,3;2,9;
1005102;"Zduny (2)";5,7;5,5;4,5;3,3;2,9;2,6;3,3;2,7;2,3;2,6;2,5;3,1;
1006000;"Powiat łódzki wschodni";6,9;6,2;5,9;5,2;4,6;4,1;4,6;4,0;4,0;4,0;3,8;4,2;
1006022;"Andrespol (2)";7,7;6,9;6,8;5,8;4,8;4,5;4,7;4,4;4,3;4,2;4,0;4,5;
1006032;"Brójce (2)";5,5;4,7;4,2;4,0;3,2;2,6;3,2;2,6;2,6;2,8;2,6;3,4;
1006073;"Koluszki (3)";7,6;6,7;6,3;5,7;5,2;5,0;5,3;4,5;4,6;4,7;4,4;4,9;
1006074;"Koluszki - miasto (4)";0,0;0,0;0,0;0,0;0,0;5,0;5,6;4,9;5,2;5,3;4,8;5,5;
1006075;"Koluszki - obszar wiejski (5)";0,0;0,0;0,0;0,0;0,0;4,9;5,1;4,2;4,0;4,1;4,0;4,3;
1006082;"Nowosolna (2)";5,4;5,0;5,1;3,8;3,4;3,2;3,7;3,1;3,0;2,8;2,7;2,7;
1006103;"Rzgów (3)";5,2;5,1;5,0;4,5;4,0;3,4;4,2;3,5;3,2;3,4;3,2;3,4;
1006104;"Rzgów - miasto (4)";0,0;0,0;0,0;0,0;0,0;4,1;5,3;4,5;4,3;4,4;4,6;4,4;
1006105;"Rzgów - obszar wiejski (5)";0,0;0,0;0,0;0,0;0,0;3,1;3,7;3,1;2,7;2,9;2,6;3,0;
1006113;"Tuszyn (3)";7,6;6,6;6,0;5,4;4,7;4,0;4,7;4,3;4,4;4,4;4,0;4,4;
1006114;"Tuszyn - miasto (4)";0,0;0,0;0,0;0,0;0,0;4,9;5,7;5,2;5,4;5,1;4,9;5,5;
1006115;"Tuszyn - obszar wiejski (5)";0,0;0,0;0,0;0,0;0,0;2,6;3,3;3,1;3,1;3,6;2,8;3,1;
1007000;"Powiat opoczyński";8,4;6,3;5,5;3,9;3,8;3,8;4,8;4,4;4,7;4,8;4,9;5,7;
1007012;"Białaczów (2)";12,5;9,4;8,4;5,5;5,9;5,9;7,0;6,8;7,0;6,9;;;
1007013;"Białaczów (3)";;;;;;;;;;;7,4;8,3;
1007014;"Białaczów - miasto (4)";;;;;;;;;;;7,9;9,4;
1007015;"Białaczów - obszar wiejski (5)";;;;;;;;;;;7,3;8,0;
1007023;"Drzewica (3)";10,7;7,3;6,1;4,3;4,3;4,1;5,2;5,0;4,6;4,8;5,0;6,0;
1007024;"Drzewica - miasto (4)";0,0;0,0;0,0;0,0;0,0;3,6;5,2;5,0;4,4;4,2;4,2;5,9;
1007025;"Drzewica - obszar wiejski (5)";0,0;0,0;0,0;0,0;0,0;4,3;5,2;5,0;4,8;5,2;5,4;6,0;
1007032;"Mniszków (2)";6,9;4,6;3,9;3,0;3,1;2,8;3,5;3,4;2,8;3,2;2,8;3,4;
1007043;"Opoczno (3)";7,8;5,9;5,2;3,8;3,7;3,7;4,5;4,2;4,8;5,1;5,1;5,9;
1007044;"Opoczno - miasto (4)";0,0;0,0;0,0;0,0;0,0;3,7;4,7;4,3;5,2;5,6;5,8;6,7;
1007045;"Opoczno - obszar wiejski (5)";0,0;0,0;0,0;0,0;0,0;3,7;4,3;4,0;4,2;4,4;4,1;4,8;
1007052;"Paradyż (2)";8,7;6,5;5,3;3,3;3,1;3,7;4,1;3,3;4,5;4,2;4,8;4,9;
1007062;"Poświętne (2)";7,2;4,7;3,9;2,7;2,3;2,6;3,7;3,7;3,8;3,7;3,0;3,1;
1007072;"Sławno (2)";7,2;5,6;4,6;3,6;3,2;3,0;4,5;3,9;3,8;3,4;3,7;4,3;
1007082;"Żarnów (2)";7,8;7,4;6,5;4,7;3,8;4,3;5,7;5,7;5,4;5,7;;;
1007083;"Żarnów (3)";;;;;;;;;;;5,8;7,0;
1007084;"Żarnów - miasto (4)";;;;;;;;;;;4,7;5,3;
1007085;"Żarnów - obszar wiejski (5)";;;;;;;;;;;6,0;7,4;
1008000;"Powiat pabianicki";8,4;7,1;6,1;5,0;4,5;4,1;4,7;4,3;3,9;3,7;4,0;4,4;
1008011;"Konstantynów Łódzki (1)";8,0;6,8;6,2;5,6;4,9;4,7;4,9;4,4;4,4;3,9;3,8;4,4;
1008021;"Pabianice (1)";9,2;7,7;6,7;5,4;4,9;4,5;5,2;4,8;4,5;4,3;4,8;5,2;
1008032;"Dłutów (2)";7,3;6,1;4,2;3,6;3,2;2,4;3,0;2,9;2,7;2,7;3,1;3,7;
1008042;"Dobroń (2)";7,0;6,0;4,9;3,7;3,1;2,7;4,1;3,3;2,6;2,8;2,7;3,2;
1008052;"Ksawerów (2)";6,5;5,7;4,6;3,6;3,4;3,6;3,6;3,1;3,0;2,6;2,5;3,1;
1008062;"Lutomiersk (2)";8,8;7,2;6,7;5,4;5,0;4,5;4,5;4,6;;;;;
1008063;"Lutomiersk (3)";;;;;;;;;3,7;3,7;3,9;4,3;
1008064;"Lutomiersk - miasto (4)";;;;;;;;;5,1;5,5;6,4;7,2;
1008065;"Lutomiersk - obszar wiejski (5)";;;;;;;;;3,5;3,3;3,4;3,8;
1008072;"Pabianice (2)";5,6;4,5;3,6;3,1;3,0;2,5;2,9;2,4;2,1;2,1;2,3;2,8;
1009000;"Powiat pajęczański";7,2;6,0;5,3;5,0;4,8;4,7;5,7;5,2;4,7;4,7;4,7;5,1;
1009013;"Działoszyn (3)";6,1;4,7;4,1;3,7;3,3;3,5;4,3;3,8;4,0;3,6;3,8;3,9;
1009014;"Działoszyn - miasto (4)";0,0;0,0;0,0;0,0;0,0;3,7;4,1;3,3;3,9;3,4;4,2;4,3;
1009015;"Działoszyn - obszar wiejski (5)";0,0;0,0;0,0;0,0;0,0;3,3;4,6;4,3;4,2;3,7;3,4;3,6;
1009022;"Kiełczygłów (2)";6,7;6,1;5,0;3,9;4,1;3,8;5,5;4,7;4,6;5,0;5,0;5,2;
1009032;"Nowa Brzeźnica (2)";8,0;7,2;6,3;5,8;5,9;6,5;7,2;7,1;6,6;6,4;6,0;7,0;
1009043;"Pajęczno (3)";7,8;6,9;6,0;5,8;5,6;4,7;5,9;5,1;4,5;4,7;4,4;4,8;
1009044;"Pajęczno - miasto (4)";0,0;0,0;0,0;0,0;0,0;4,8;6,1;5,2;4,5;4,9;4,8;4,8;
1009045;"Pajęczno - obszar wiejski (5)";0,0;0,0;0,0;0,0;0,0;4,6;5,5;5,0;4,5;4,6;4,1;4,8;
1009052;"Rząśnia (2)";9,2;7,8;6,8;7,3;7,0;7,0;7,6;7,7;6,2;5,5;5,4;6,4;
1009062;"Siemkowice (2)";6,3;5,1;4,7;4,2;4,0;4,1;5,0;4,3;3,7;4,5;4,3;4,3;
1009072;"Strzelce Wielkie (2)";6,9;5,5;4,8;4,9;4,7;4,8;5,8;5,7;4,5;4,8;5,3;6,0;
1009082;"Sulmierzyce (2)";7,1;5,9;5,8;5,5;5,5;5,0;6,7;5,2;5,2;5,0;4,8;5,8;
1010000;"Powiat piotrkowski";6,3;5,7;4,6;3,6;3,4;3,0;3,7;3,4;3,2;3,2;3,4;3,6;
1010012;"Aleksandrów (2)";6,2;5,4;5,3;3,8;3,7;3,0;3,5;3,7;3,3;2,7;3,4;3,7;
1010022;"Czarnocin (2)";3,5;3,1;2,9;2,2;1,8;1,4;1,9;1,7;1,7;1,8;2,2;2,1;
1010032;"Gorzkowice (2)";6,1;5,3;4,5;3,4;3,1;2,8;3,4;3,4;2,8;3,2;3,2;3,6;
1010042;"Grabica (2)";4,5;3,9;3,5;2,6;2,3;2,1;2,5;2,5;2,1;2,5;2,5;3,0;
1010052;"Łęki Szlacheckie (2)";6,3;6,4;4,8;4,0;3,2;3,3;4,1;3,5;3,9;4,5;4,2;5,0;
1010062;"Moszczenica (2)";6,4;5,5;4,4;3,9;3,2;2,8;3,3;3,2;3,0;3,0;3,2;3,5;
1010072;"Ręczno (2)";6,5;6,7;4,4;4,2;3,6;3,4;4,1;4,6;3,6;3,8;3,3;3,9;
1010082;"Rozprza (2)";6,8;5,7;4,2;3,3;3,0;2,7;3,8;3,3;2,9;;;;
1010083;"Rozprza (3)";;;;;;;;;;3,1;3,4;3,6;
1010084;"Rozprza - miasto (4)";;;;;;;;;;2,8;2,3;2,9;
1010085;"Rozprza - obszar wiejski (5)";;;;;;;;;;3,1;3,5;3,7;
1010093;"Sulejów (3)";7,7;7,1;6,0;4,6;4,6;3,8;4,8;4,5;4,4;4,1;4,4;4,5;
1010094;"Sulejów - miasto (4)";0,0;0,0;0,0;0,0;0,0;4,1;5,4;5,1;4,8;4,4;5,0;5,1;
1010095;"Sulejów - obszar wiejski (5)";0,0;0,0;0,0;0,0;0,0;3,6;4,5;4,2;4,1;3,9;4,0;4,1;
1010102;"Wola Krzysztoporska (2)";6,2;5,8;4,3;3,4;3,3;3,2;3,8;3,4;3,2;3,0;3,2;3,1;
1010113;"Wolbórz (3)";5,4;5,4;4,5;3,5;3,1;2,7;3,2;2,9;3,2;3,2;3,3;3,2;
1010114;"Wolbórz - miasto (4)";0,0;0,0;0,0;0,0;0,0;2,5;2,9;3,0;2,9;2,9;2,9;3,2;
1010115;"Wolbórz - obszar wiejski (5)";0,0;0,0;0,0;0,0;0,0;2,7;3,3;2,8;3,3;3,3;3,4;3,1;
1011000;"Powiat poddębicki";8,7;7,5;6,2;4,8;4,6;4,5;5,5;4,9;4,7;5,1;5,0;5,5;
1011012;"Dalików (2)";8,6;7,3;5,9;4,3;3,8;3,6;4,2;3,6;3,2;4,0;3,9;4,3;
1011022;"Pęczniew (2)";9,0;8,8;6,8;5,8;5,8;5,6;6,4;6,2;5,9;5,6;5,1;5,8;
1011033;"Poddębice (3)";8,9;7,5;6,0;4,7;4,7;4,8;5,5;4,8;4,8;5,3;5,1;5,5;
1011034;"Poddębice - miasto (4)";0,0;0,0;0,0;0,0;0,0;4,9;5,8;4,9;4,5;5,1;5,0;5,4;
1011035;"Poddębice - obszar wiejski (5)";0,0;0,0;0,0;0,0;0,0;4,7;5,2;4,7;5,1;5,4;5,3;5,5;
1011043;"Uniejów (3)";9,0;7,5;6,5;5,0;4,5;4,4;5,6;4,8;4,5;4,8;4,6;5,3;
1011044;"Uniejów - miasto (4)";0,0;0,0;0,0;0,0;0,0;4,1;5,5;5,4;4,9;5,0;4,4;5,4;
1011045;"Uniejów - obszar wiejski (5)";0,0;0,0;0,0;0,0;0,0;4,6;5,7;4,4;4,3;4,6;4,7;5,2;
1011052;"Wartkowice (2)";7,9;7,2;6,1;4,3;4,0;4,1;5,4;5,0;4,5;4,7;5,1;5,7;
1011062;"Zadzim (2)";8,7;7,5;6,8;4,6;4,8;4,3;5,5;5,6;5,4;5,8;5,7;6,9;
1012000;"Powiat radomszczański";8,5;7,0;5,8;4,6;3,9;3,4;4,0;3,2;3,1;3,3;3,3;4,0;
1012011;"Radomsko (1)";8,9;7,5;5,9;4,6;4,0;3,5;3,9;3,1;3,6;3,7;3,7;4,6;
1012022;"Dobryszyce (2)";8,1;5,6;4,8;3,5;2,9;2,3;2,8;2,2;2,4;2,3;2,7;4,0;
1012032;"Gidle (2)";8,9;6,6;5,9;4,8;3,6;3,1;4,1;3,0;3,5;3,7;4,0;4,7;
1012042;"Gomunice (2)";7,8;6,2;5,2;4,3;4,1;3,4;4,0;2,7;3,0;3,1;3,6;3,6;
1012053;"Kamieńsk (3)";7,0;5,8;5,0;3,8;3,1;2,1;2,8;2,4;2,0;2,4;2,3;3,4;
1012054;"Kamieńsk - miasto (4)";0,0;0,0;0,0;0,0;0,0;1,7;2,8;2,2;1,4;2,0;2,1;2,9;
1012055;"Kamieńsk - obszar wiejski (5)";0,0;0,0;0,0;0,0;0,0;2,4;2,8;2,6;2,5;2,8;2,5;3,9;
1012062;"Kobiele Wielkie (2)";6,6;5,4;5,2;3,6;3,1;2,8;3,1;2,3;2,5;2,3;2,3;3,0;
1012072;"Kodrąb (2)";8,0;6,0;5,3;3,9;3,0;2,6;3,1;2,6;2,5;3,0;2,9;3,2;
1012082;"Lgota Wielka (2)";6,4;5,4;4,4;3,2;2,9;2,1;2,4;2,2;2,3;2,3;2,1;2,9;
1012092;"Ładzice (2)";7,6;5,6;5,4;4,3;3,4;2,7;3,0;2,4;2,2;3,5;3,2;3,8;
1012102;"Masłowice (2)";9,5;8,1;7,8;6,4;5,8;6,0;6,1;5,7;3,5;3,3;3,6;4,6;
1012113;"Przedbórz (3)";11,8;10,7;9,2;8,4;7,3;7,1;8,4;7,6;3,2;3,2;2,8;3,5;
1012114;"Przedbórz - miasto (4)";0,0;0,0;0,0;0,0;0,0;7,4;9,4;7,7;3,1;3,2;3,1;3,7;
1012115;"Przedbórz - obszar wiejski (5)";0,0;0,0;0,0;0,0;0,0;6,8;7,4;7,5;3,3;3,2;2,6;3,2;
1012122;"Radomsko (2)";9,0;6,1;5,2;3,9;3,6;2,9;3,4;2,1;3,2;3,4;2,7;3,1;
1012132;"Wielgomłyny (2)";6,6;5,4;4,1;3,5;3,0;2,4;3,1;3,0;2,7;3,1;3,5;4,2;
1012142;"Żytno (2)";8,5;7,6;6,1;4,8;3,9;3,4;3,9;3,8;3,4;4,0;3,7;4,5;
1013000;"Powiat rawski";5,4;4,7;3,9;3,1;2,8;2,3;3,0;2,4;2,5;2,3;2,1;2,5;
1013011;"Rawa Mazowiecka (1)";6,2;5,5;4,6;3,6;3,4;2,8;3,9;3,3;3,4;3,0;2,9;3,3;
1013023;"Biała Rawska (3)";4,9;4,5;3,4;2,9;2,6;2,3;2,7;2,2;2,2;2,0;1,9;2,0;
1013024;"Biała Rawska - miasto (4)";0,0;0,0;0,0;0,0;0,0;3,5;3,8;3,2;2,8;3,0;2,3;2,9;
1013025;"Biała Rawska - obszar wiejski (5)";0,0;0,0;0,0;0,0;0,0;1,8;2,3;1,8;1,9;1,6;1,8;1,6;
1013032;"Cielądz (2)";5,4;4,1;3,2;3,1;2,7;2,2;2,7;2,4;2,0;1,9;1,7;1,9;
1013042;"Rawa Mazowiecka (2)";5,4;4,5;4,2;3,3;2,8;2,3;2,9;2,2;2,3;2,4;1,9;2,6;
1013052;"Regnów (2)";3,1;3,7;3,7;2,2;1,2;1,2;1,7;0,9;1,4;1,0;1,2;1,0;
1013062;"Sadkowice (2)";4,2;3,2;2,9;2,2;2,0;1,7;1,6;1,5;1,8;1,7;1,5;1,7;
1014000;"Powiat sieradzki";8,6;7,5;5,8;4,3;4,4;4,1;4,7;3,7;3,8;3,7;3,6;4,5;
1014011;"Sieradz (1)";9,3;7,8;6,1;4,5;5,0;4,3;5,2;4,0;4,3;4,1;4,1;5,1;
1014023;"Błaszki (3)";8,0;7,2;5,2;3,8;3,5;3,2;4,1;3,1;3,5;3,4;3,4;3,9;
1014024;"Błaszki - miasto (4)";0,0;0,0;0,0;0,0;0,0;5,5;6,5;4,6;4,7;5,0;3,5;6,7;
1014025;"Błaszki - obszar wiejski (5)";0,0;0,0;0,0;0,0;0,0;2,8;3,7;2,8;3,3;3,2;3,4;3,5;
1014032;"Brąszewice (2)";7,2;6,0;5,3;3,7;3,9;2,7;3,3;3,5;3,0;3,2;2,9;2,7;
1014042;"Brzeźnio (2)";7,7;6,4;5,1;3,7;3,8;3,8;3,7;2,5;3,5;3,3;3,0;4,1;
1014052;"Burzenin (2)";10,6;10,4;7,4;6,1;6,0;5,5;5,6;4,5;4,8;5,0;5,0;5,4;
1014062;"Goszczanów (2)";7,3;6,7;5,0;4,0;3,7;4,1;4,3;3,5;2,9;3,7;3,6;4,8;
1014072;"Klonowa (2)";5,7;5,9;4,8;2,4;2,4;2,9;3,0;2,9;2,9;2,4;3,2;3,3;
1014082;"Sieradz (2)";7,6;6,5;4,9;4,1;4,1;4,0;4,8;3,9;3,4;3,5;3,4;4,0;
1014093;"Warta (3)";9,5;8,2;6,8;4,6;4,6;4,6;5,4;4,3;3,8;3,8;3,5;4,3;
1014094;"Warta - miasto (4)";0,0;0,0;0,0;0,0;0,0;6,0;7,3;5,8;4,9;5,7;5,1;6,0;
1014095;"Warta - obszar wiejski (5)";0,0;0,0;0,0;0,0;0,0;4,1;4,7;3,8;3,4;3,1;3,0;3,8;
1014102;"Wróblew (2)";7,6;6,4;4,7;3,9;3,9;3,2;4,0;2,9;3,1;3,0;2,6;3,2;
1014113;"Złoczew (3)";8,9;8,5;6,3;5,4;5,0;4,5;4,6;3,9;4,4;3,7;3,7;5,0;
1014114;"Złoczew - miasto (4)";0,0;0,0;0,0;0,0;0,0;5,5;5,1;3,9;4,7;3,8;3,8;5,8;
1014115;"Złoczew - obszar wiejski (5)";0,0;0,0;0,0;0,0;0,0;3,6;4,2;3,9;4,1;3,6;3,5;4,3;
1015000;"Powiat skierniewicki";4,9;4,3;3,3;2,9;2,7;2,6;2,9;2,6;2,3;2,1;2,0;2,3;
1015012;"Bolimów (2)";4,2;3,1;2,9;2,2;2,1;2,2;2,7;2,6;;;;;
1015013;"Bolimów (3)";;;;;;;;;2,0;1,8;1,8;2,1;
1015014;"Bolimów - miasto (4)";;;;;;;;;2,5;1,9;1,6;1,8;
1015015;"Bolimów - obszar wiejski (5)";;;;;;;;;1,8;1,8;1,8;2,2;
1015022;"Głuchów (2)";3,5;2,7;1,8;2,0;2,0;1,9;2,2;2,0;1,7;1,6;1,8;2,0;
1015032;"Godzianów (2)";3,0;2,8;2,2;1,7;2,0;1,9;2,8;2,1;1,8;1,9;2,0;1,6;
1015042;"Kowiesy (2)";5,1;5,1;3,7;3,1;2,8;2,7;2,9;2,7;1,9;1,4;1,3;1,4;
1015052;"Lipce Reymontowskie (2)";4,2;4,2;2,6;2,2;2,4;2,1;2,7;2,2;2,5;2,6;2,5;2,2;
1015062;"Maków (2)";5,7;5,8;3,8;3,5;3,2;2,9;3,0;3,0;2,6;2,1;2,1;2,7;
1015072;"Nowy Kawęczyn (2)";5,6;4,6;3,5;2,8;2,4;2,2;2,5;2,1;2,2;2,3;2,2;2,4;
1015082;"Skierniewice (2)";6,1;5,4;4,8;4,3;3,7;3,7;4,0;3,2;3,0;2,6;2,4;2,8;
1015092;"Słupia (2)";4,9;3,8;2,9;2,1;2,0;2,2;2,3;2,2;2,1;1,9;1,7;1,6;
1016000;"Powiat tomaszowski";8,6;7,4;6,2;5,3;5,2;4,9;5,9;5,3;5,3;5,2;5,4;6,0;
1016011;"Tomaszów Mazowiecki (1)";9,4;8,0;6,7;6,0;6,0;5,6;6,8;6,3;6,1;6,1;6,4;7,1;
1016022;"Będków (2)";6,3;4,7;4,2;3,9;3,4;2,9;3,9;3,1;3,5;3,8;4,2;4,5;
1016032;"Budziszewice (2)";8,4;6,9;6,1;4,6;4,6;4,3;4,4;4,7;5,7;5,3;4,7;5,3;
1016042;"Czerniewice (2)";7,6;7,2;5,9;4,1;4,5;3,6;4,4;4,1;3,6;3,4;3,8;4,1;
1016052;"Inowłódz (2)";8,9;7,5;7,7;5,3;5,3;5,9;6,5;5,6;6,4;5,4;;;
1016053;"Inowłódz (3)";;;;;;;;;;;5,9;6,7;
1016054;"Inowłódz - miasto (4)";;;;;;;;;;;4,7;7,6;
1016055;"Inowłódz - obszar wiejski (5)";;;;;;;;;;;6,2;6,5;
1016062;"Lubochnia (2)";8,4;7,0;5,6;4,7;5,3;5,1;5,7;5,0;4,6;4,4;4,9;5,6;
1016072;"Rokiciny (2)";5,3;5,4;4,4;3,9;3,6;3,2;3,2;3,4;3,1;3,1;2,9;3,5;
1016082;"Rzeczyca (2)";7,1;6,6;5,0;4,0;3,4;3,4;4,5;4,0;3,9;4,0;3,6;4,3;
1016092;"Tomaszów Mazowiecki (2)";8,1;6,7;5,5;4,9;4,5;4,0;5,1;4,3;4,8;4,7;4,7;5,4;
1016102;"Ujazd (2)";7,8;7,3;5,8;4,6;4,6;4,5;5,5;4,8;4,5;;;;
1016103;"Ujazd (3)";;;;;;;;;;4,9;5,5;5,4;
1016104;"Ujazd - miasto (4)";;;;;;;;;;3,1;3,6;4,4;
1016105;"Ujazd - obszar wiejski (5)";;;;;;;;;;5,3;6,0;5,7;
1016112;"Żelechlinek (2)";8,1;7,9;6,5;5,2;4,7;4,3;5,0;4,5;4,3;4,2;3,4;4,0;
1017000;"Powiat wieluński";7,8;7,0;6,0;5,0;4,7;4,2;4,7;4,0;4,2;4,2;3,9;4,6;
1017012;"Biała (2)";6,7;5,2;4,7;4,0;4,5;3,6;3,9;2,7;3,0;3,1;3,3;3,6;
1017022;"Czarnożyły (2)";7,0;6,2;5,2;4,4;3,8;3,8;3,5;3,4;3,6;3,6;3,2;4,7;
1017032;"Konopnica (2)";8,4;7,3;6,6;5,3;5,0;4,5;4,5;3,4;4,0;4,1;2,8;4,2;
1017042;"Mokrsko (2)";5,9;5,8;4,7;3,4;3,3;3,4;3,8;2,8;2,9;3,1;3,0;3,1;
1017052;"Osjaków (2)";8,0;7,1;6,2;5,0;4,3;4,7;5,4;4,3;4,3;4,2;;;
1017053;"Osjaków (3)";;;;;;;;;;;3,9;5,2;
1017054;"Osjaków - miasto (4)";;;;;;;;;;;3,5;4,9;
1017055;"Osjaków - obszar wiejski (5)";;;;;;;;;;;4,1;5,3;
1017062;"Ostrówek (2)";7,7;6,6;6,2;5,0;4,1;3,9;4,6;4,0;4,8;4,2;3,9;4,8;
1017072;"Pątnów (2)";6,4;5,7;4,0;3,4;3,6;3,2;3,5;3,2;3,2;3,2;3,0;3,4;
1017082;"Skomlin (2)";7,4;6,4;6,0;5,4;4,9;4,2;4,6;4,2;4,3;4,4;3,8;4,7;
1017093;"Wieluń (3)";8,6;7,8;6,8;5,8;5,4;4,6;5,2;4,6;4,7;4,7;4,4;5,1;
1017094;"Wieluń - miasto (4)";0,0;0,0;0,0;0,0;0,0;5,0;5,5;4,8;4,9;4,9;4,6;5,4;
1017095;"Wieluń - obszar wiejski (5)";0,0;0,0;0,0;0,0;0,0;3,8;4,5;4,3;4,2;4,2;3,9;4,5;
1017102;"Wierzchlas (2)";8,1;7,4;6,2;5,0;4,7;4,3;5,1;4,5;4,6;4,7;4,7;5,1;
1018000;"Powiat wieruszowski";5,9;5,2;4,0;3,3;3,3;2,9;3,8;3,4;3,7;3,3;3,4;3,5;
1018012;"Bolesławiec (2)";4,0;3,9;3,0;2,5;3,2;2,7;3,5;3,0;2,9;2,6;;;
1018013;"Bolesławiec (3)";;;;;;;;;;;3,2;3,6;
1018014;"Bolesławiec - miasto (4)";;;;;;;;;;;3,7;4,0;
1018015;"Bolesławiec - obszar wiejski (5)";;;;;;;;;;;3,1;3,5;
1018022;"Czastary (2)";6,3;5,6;3,3;2,8;2,8;2,7;3,8;3,5;3,4;3,5;3,0;3,4;
1018032;"Galewice (2)";6,4;5,0;4,2;3,2;3,7;3,4;3,8;3,6;4,3;3,4;3,4;3,2;
1018042;"Lututów (2)";6,2;5,7;4,1;3,5;2,9;2,7;;;;;;;
1018043;"Lututów (3)";;;;;;;3,6;3,3;3,4;3,2;3,3;4,2;
1018044;"Lututów - miasto (4)";;;;;;;3,7;3,5;3,9;3,5;4,4;5,0;
1018045;"Lututów - obszar wiejski (5)";;;;;;;3,5;3,0;3,0;2,8;2,4;3,4;
1018052;"Łubnice (2)";4,2;3,8;2,6;1,8;1,6;2,0;3,0;2,6;3,5;2,5;2,6;2,0;
1018062;"Sokolniki (2)";5,9;5,1;3,7;2,8;2,9;2,9;3,5;3,4;3,2;3,2;3,2;3,6;
1018073;"Wieruszów (3)";6,4;5,8;4,7;4,3;4,0;3,3;4,2;3,7;4,1;3,8;4,0;3,9;
1018074;"Wieruszów - miasto (4)";0,0;0,0;0,0;0,0;0,0;3,1;4,3;3,8;4,6;4,2;4,5;4,5;
1018075;"Wieruszów - obszar wiejski (5)";0,0;0,0;0,0;0,0;0,0;3,5;4,2;3,4;3,4;3,2;3,4;3,2;
1019000;"Powiat zduńskowolski";9,0;7,9;6,2;4,7;4,6;4,0;4,8;4,2;4,2;4,4;4,6;5,4;
1019011;"Zduńska Wola (1)";9,3;8,3;6,6;5,1;5,0;4,5;5,5;4,8;4,8;5,1;5,3;6,2;
1019023;"Szadek (3)";8,2;7,0;5,3;3,9;3,3;3,0;3,4;2,9;3,2;3,0;3,6;4,2;
1019024;"Szadek - miasto (4)";0,0;0,0;0,0;0,0;0,0;3,4;4,0;3,2;3,5;2,9;3,6;4,5;
1019025;"Szadek - obszar wiejski (5)";0,0;0,0;0,0;0,0;0,0;2,9;3,1;2,8;3,1;3,0;3,6;4,2;
1019032;"Zapolice (2)";9,0;7,2;5,8;4,2;4,4;3,4;4,0;3,8;3,3;3,4;3,7;4,1;
1019042;"Zduńska Wola (2)";8,8;7,3;5,5;4,3;3,8;3,3;3,7;3,4;3,4;3,6;3,5;4,2;
1020000;"Powiat zgierski";8,4;7,6;6,3;4,9;4,4;3,6;4,1;3,4;3,3;3,4;3,6;4,2;
1020011;"Głowno (1)";10,9;10,2;9,3;7,3;6,4;4,1;5,5;4,3;4,0;4,4;4,6;4,8;
1020021;"Ozorków (1)";10,2;10,0;8,7;6,8;5,8;5,3;6,3;5,6;5,7;5,8;6,0;6,4;
1020031;"Zgierz (1)";8,1;6,9;5,6;4,3;4,2;3,5;3,9;3,3;3,4;3,5;3,7;4,6;
1020043;"Aleksandrów Łódzki (3)";8,3;7,1;5,7;4,3;3,9;3,5;4,1;3,1;2,8;2,8;3,0;3,7;
1020044;"Aleksandrów Łódzki - miasto (4)";0,0;0,0;0,0;0,0;0,0;4,0;4,9;3,7;3,4;3,3;3,8;4,5;
1020045;"Aleksandrów Łódzki - obszar wiejski (5)";0,0;0,0;0,0;0,0;0,0;2,5;2,6;2,0;1,9;1,9;1,7;2,6;
1020052;"Głowno (2)";7,4;6,8;6,0;5,0;3,6;1,8;2,6;2,1;1,7;2,4;2,6;3,0;
1020062;"Ozorków (2)";8,4;7,7;6,7;5,8;4,8;4,1;4,3;4,0;3,5;3,9;4,0;4,4;
1020072;"Parzęczew (2)";9,1;8,9;7,8;6,0;5,0;4,5;4,7;4,7;4,6;4,1;;;
1020073;"Parzęczew (3)";;;;;;;;;;;3,9;4,6;
1020074;"Parzęczew - miasto (4)";;;;;;;;;;;4,3;5,7;
1020075;"Parzęczew - obszar wiejski (5)";;;;;;;;;;;3,8;4,4;
1020083;"Stryków (3)";6,1;5,8;4,9;3,6;3,1;2,4;2,5;2,2;1,8;2,3;2,2;2,7;
1020084;"Stryków - miasto (4)";0,0;0,0;0,0;0,0;0,0;3,6;3,5;2,9;2,5;3,1;2,8;3,3;
1020085;"Stryków - obszar wiejski (5)";0,0;0,0;0,0;0,0;0,0;2,0;2,2;1,9;1,6;2,0;1,9;2,5;
1020092;"Zgierz (2)";7,1;6,4;4,6;3,6;3,0;2,7;2,7;2,2;2,3;2,4;2,4;2,9;
1021000;"Powiat brzeziński";7,8;7,7;6,5;4,7;4,3;4,4;5,0;4,4;4,5;4,2;4,0;4,7;
1021011;"Brzeziny (1)";8,8;9,3;7,8;5,6;5,2;5,1;6,2;5,8;5,9;5,4;5,3;6,0;
1021022;"Brzeziny (2)";6,9;6,8;5,7;3,5;3,5;3,5;4,0;3,2;3,3;3,3;2,6;3,4;
1021032;"Dmosin (2)";7,0;6,7;5,9;4,6;4,4;4,3;5,0;3,6;3,7;3,1;3,9;4,2;
1021042;"Jeżów (2)";7,1;6,8;5,6;3,4;3,1;3,4;3,6;3,1;3,6;;;;
1021043;"Jeżów (3)";;;;;;;;;;3,6;2,9;3,7;
1021044;"Jeżów - miasto (4)";;;;;;;;;;3,1;2,3;3,9;
1021045;"Jeżów - obszar wiejski (5)";;;;;;;;;;3,9;3,2;3,5;
1021052;"Rogów (2)";7,5;5,9;5,4;4,9;3,6;4,1;4,2;3,8;4,1;4,0;3,4;4,3;
1061000;"Powiat m. Łódź";8,5;7,7;6,6;5,5;4,9;4,4;5,4;5,4;4,1;4,1;4,2;5,2;
1061011;"Łódź (1)";8,5;7,7;6,6;5,5;4,9;4,4;5,4;5,4;4,1;4,1;4,2;5,2;
1062000;"Powiat m. Piotrków Trybunalski";7,8;7,2;5,9;4,6;4,4;4,1;5,0;4,6;4,3;4,4;4,5;5,0;
1062011;"Piotrków Trybunalski (1)";7,8;7,2;5,9;4,6;4,4;4,1;5,0;4,6;4,3;4,4;4,5;5,0;
1063000;"Powiat m. Skierniewice";6,0;5,6;4,7;3,8;3,5;3,4;4,2;3,5;3,1;3,3;3,0;3,2;
1063011;"Skierniewice (1)";6,0;5,6;4,7;3,8;3,5;3,4;4,2;3,5;3,1;3,3;3,0;3,2;
1200000;"MAŁOPOLSKIE";6,6;5,7;4,6;3,8;3,4;3,0;4,0;3,4;3,1;3,0;3,0;3,4;
1201000;"Powiat bocheński";5,6;4,2;3,8;3,2;2,9;1,7;2,7;2,4;1,8;1,4;1,4;1,8;
1201011;"Bochnia (1)";6,0;4,5;4,3;3,7;3,3;2,1;3,3;2,9;2,4;1,8;2,0;2,6;
1201022;"Bochnia (2)";5,2;4,0;3,6;3,2;3,0;1,8;2,9;2,4;1,8;1,2;1,3;1,7;
1201032;"Drwinia (2)";4,8;3,4;2,9;2,7;2,1;1,3;2,1;2,0;1,5;1,3;1,0;1,5;
1201042;"Lipnica Murowana (2)";6,0;4,4;4,2;3,2;3,0;1,7;2,6;2,5;1,6;1,3;1,4;1,4;
1201052;"Łapanów (2)";4,8;4,3;3,4;2,7;2,6;1,4;2,7;2,5;1,8;1,2;1,2;1,3;
1201063;"Nowy Wiśnicz (3)";5,2;4,0;3,2;2,7;2,5;1,4;2,3;1,8;1,3;1,0;1,2;1,5;
1201064;"Nowy Wiśnicz - miasto (4)";0,0;0,0;0,0;0,0;0,0;1,6;2,0;2,1;1,5;1,3;0,8;1,4;
1201065;"Nowy Wiśnicz - obszar wiejski (5)";0,0;0,0;0,0;0,0;0,0;1,4;2,4;1,7;1,2;1,0;1,3;1,5;
1201072;"Rzezawa (2)";6,7;4,6;4,5;3,9;3,2;1,7;2,7;3,0;1,8;1,4;1,5;1,8;
1201082;"Trzciana (2)";5,0;3,4;2,7;2,5;1,8;0,9;1,9;1,3;0,8;0,9;0,9;1,4;
1201092;"Żegocina (2)";5,6;4,7;4,1;2,8;2,3;1,1;2,1;2,1;1,8;1,5;1,3;1,5;
1202000;"Powiat brzeski";6,9;6,3;4,9;4,0;3,3;2,9;3,5;3,0;2,8;2,8;2,9;3,2;
1202012;"Borzęcin (2)";8,4;7,0;5,7;4,8;3,5;3,1;4,3;3,9;3,6;3,6;3,6;3,6;
1202023;"Brzesko (3)";7,7;7,3;5,6;4,7;4,0;3,5;4,2;3,7;3,3;3,2;3,4;3,8;
1202024;"Brzesko - miasto (4)";0,0;0,0;0,0;0,0;0,0;3,7;4,6;4,1;3,5;3,4;3,4;4,0;
1202025;"Brzesko - obszar wiejski (5)";0,0;0,0;0,0;0,0;0,0;3,4;3,9;3,4;3,2;3,0;3,4;3,6;
1202033;"Czchów (3)";6,1;5,8;4,4;3,3;2,7;2,4;2,6;2,3;2,5;2,8;2,5;3,0;
1202034;"Czchów - miasto (4)";0,0;0,0;0,0;0,0;0,0;2,6;3,0;2,5;2,5;4,0;3,3;4,1;
1202035;"Czchów - obszar wiejski (5)";0,0;0,0;0,0;0,0;0,0;2,3;2,5;2,3;2,5;2,4;2,2;2,7;
1202042;"Dębno (2)";6,5;5,9;4,6;4,0;3,0;2,8;3,5;2,8;2,7;2,8;2,6;2,9;
1202052;"Gnojnik (2)";6,3;5,5;4,1;3,3;2,9;2,6;2,7;2,3;2,1;2,4;2,6;2,6;
1202062;"Iwkowa (2)";4,9;4,1;2,4;1,9;1,8;1,7;2,2;1,3;1,6;1,6;1,5;1,9;
1202072;"Szczurowa (2)";6,0;5,4;4,7;3,5;2,7;2,5;2,9;2,6;2,3;2,1;2,5;3,1;
1203000;"Powiat chrzanowski";7,1;6,1;5,5;4,6;4,3;3,6;4,6;4,0;3,5;3,4;3,6;4,0;
1203013;"Alwernia (3)";6,0;5,2;4,5;3,9;3,4;3,0;3,6;3,2;2,7;2,9;2,6;2,9;
1203014;"Alwernia - miasto (4)";0,0;0,0;0,0;0,0;0,0;2,5;4,2;2,8;2,5;2,9;2,6;2,4;
1203015;"Alwernia - obszar wiejski (5)";0,0;0,0;0,0;0,0;0,0;3,1;3,4;3,3;2,8;2,9;2,7;3,1;
1203022;"Babice (2)";6,4;5,2;5,0;3,9;3,6;2,4;4,5;3,5;2,9;2,9;2,9;3,2;
1203033;"Chrzanów (3)";7,6;6,6;6,0;5,1;4,9;4,1;5,3;4,5;4,1;3,7;4,1;4,7;
1203034;"Chrzanów - miasto (4)";0,0;0,0;0,0;0,0;0,0;4,2;5,5;4,7;4,2;3,8;4,3;4,9;
1203035;"Chrzanów - obszar wiejski (5)";0,0;0,0;0,0;0,0;0,0;3,6;4,6;3,8;3,7;3,5;3,4;3,9;
1203043;"Libiąż (3)";5,9;5,0;4,4;3,5;3,7;3,1;3,7;3,7;2,9;2,8;3,1;3,7;
1203044;"Libiąż - miasto (4)";0,0;0,0;0,0;0,0;0,0;3,1;3,8;3,8;3,0;3,1;3,4;4,0;
1203045;"Libiąż - obszar wiejski (5)";0,0;0,0;0,0;0,0;0,0;3,1;3,4;3,2;2,5;2,2;2,2;3,0;
1203053;"Trzebinia (3)";7,7;6,7;5,9;5,2;4,6;3,8;4,8;4,2;3,7;3,8;3,8;4,1;
1203054;"Trzebinia - miasto (4)";0,0;0,0;0,0;0,0;0,0;4,1;5,2;4,6;4,0;4,2;4,1;4,5;
1203055;"Trzebinia - obszar wiejski (5)";0,0;0,0;0,0;0,0;0,0;3,2;4,1;3,6;3,3;3,3;3,3;3,4;
1204000;"Powiat dąbrowski";10,7;10,1;8,5;7,4;6,7;6,3;7,3;5,9;5,9;6,5;6,0;6,4;
1204012;"Bolesław (2)";6,3;5,8;5,2;4,1;4,1;4,5;4,9;3,5;3,5;4,6;4,5;4,4;
1204023;"Dąbrowa Tarnowska (3)";10,8;10,2;8,4;7,5;6,6;6,3;7,3;6,1;6,1;6,3;6,1;6,5;
1204024;"Dąbrowa Tarnowska - miasto (4)";0,0;0,0;0,0;0,0;0,0;5,7;6,9;5,5;5,8;5,9;6,1;6,1;
1204025;"Dąbrowa Tarnowska - obszar wiejski (5)";0,0;0,0;0,0;0,0;0,0;7,0;7,7;6,9;6,5;6,8;6,1;6,9;
1204032;"Gręboszów (2)";6,4;6,2;5,6;4,9;4,3;4,4;4,6;3,2;3,7;4,3;3,6;4,2;
1204042;"Mędrzechów (2)";11,4;10,6;10,0;9,0;7,6;6,3;8,0;6,4;6,3;7,5;6,7;7,5;
1204052;"Olesno (2)";10,0;10,2;8,3;7,4;6,8;5,8;6,9;5,5;5,7;6,5;5,8;6,6;
1204062;"Radgoszcz (2)";11,3;10,1;8,6;7,3;7,1;6,5;7,2;6,0;5,7;6,3;5,5;6,4;
1204073;"Szczucin (3)";12,6;11,5;9,9;8,4;7,7;7,4;8,5;6,9;6,7;7,6;7,1;7,0;
1204074;"Szczucin - miasto (4)";0,0;0,0;0,0;0,0;0,0;6,8;7,1;6,1;6,1;7,3;6,7;7,1;
1204075;"Szczucin - obszar wiejski (5)";0,0;0,0;0,0;0,0;0,0;7,7;9,2;7,3;7,0;7,8;7,2;7,0;
1205000;"Powiat gorlicki";8,4;7,6;5,6;4,2;3,7;3,2;4,4;3,7;3,5;3,5;3,7;4,3;
1205011;"Gorlice (1)";8,8;8,4;6,6;5,0;4,5;3,7;5,2;4,3;4,3;4,3;4,5;5,4;
1205023;"Biecz (3)";8,9;7,8;5,6;4,6;3,9;3,4;4,4;3,8;3,4;3,6;3,8;4,3;
1205024;"Biecz - miasto (4)";0,0;0,0;0,0;0,0;0,0;3,8;4,7;3,8;3,4;4,1;4,4;4,7;
1205025;"Biecz - obszar wiejski (5)";0,0;0,0;0,0;0,0;0,0;3,3;4,3;3,8;3,5;3,4;3,7;4,2;
1205033;"Bobowa (3)";6,4;6,5;4,3;2,9;2,4;2,4;3,2;2,7;2,5;2,6;2,8;3,4;
1205034;"Bobowa - miasto (4)";0,0;0,0;0,0;0,0;0,0;2,3;3,5;2,6;2,5;2,7;3,0;3,4;
1205035;"Bobowa - obszar wiejski (5)";0,0;0,0;0,0;0,0;0,0;2,4;3,1;2,8;2,5;2,5;2,7;3,4;
1205042;"Gorlice (2)";8,8;8,0;5,9;4,3;3,7;3,5;4,4;3,9;3,7;3,6;3,7;4,3;
1205052;"Lipinki (2)";9,6;8,7;5,3;4,1;3,7;3,5;5,1;4,2;3,6;3,6;4,3;4,5;
1205062;"Łużna (2)";8,8;7,6;5,6;4,4;3,3;3,0;4,3;3,9;3,6;3,2;3,6;3,7;
1205072;"Moszczenica (2)";7,8;6,9;5,6;3,6;3,4;2,8;4,2;3,4;3,0;3,0;3,0;4,2;
1205082;"Ropa (2)";6,1;4,7;3,8;3,0;2,7;2,5;3,3;2,7;2,2;2,4;2,3;2,5;
1205092;"Sękowa (2)";10,8;9,6;7,0;4,8;4,5;3,4;4,7;3,8;3,7;4,1;3,9;4,2;
1205102;"Uście Gorlickie (2)";6,2;4,9;3,9;3,2;2,7;2,3;3,9;3,0;2,5;2,8;2,5;3,4;
1206000;"Powiat krakowski";4,7;3,8;3,5;2,9;2,7;2,3;3,3;3,2;2,8;2,6;2,5;2,7;
1206012;"Czernichów (2)";4,3;3,9;3,2;2,5;2,6;2,2;3,1;3,1;3,0;2,5;2,5;2,7;
1206022;"Igołomia-Wawrzeńczyce (2)";3,1;2,2;1,8;1,3;1,5;1,4;2,0;2,3;1,9;1,6;2,0;1,7;
1206032;"Iwanowice (2)";4,0;3,3;3,1;2,3;2,3;2,0;3,1;3,1;2,3;2,3;2,3;2,5;
1206042;"Jerzmanowice-Przeginia (2)";5,2;3,9;3,6;2,8;2,7;2,2;3,7;3,2;3,1;3,2;3,0;3,1;
1206052;"Kocmyrzów-Luborzyca (2)";3,7;3,5;2,7;2,4;2,2;2,1;2,8;3,1;2,3;2,4;2,3;2,4;
1206063;"Krzeszowice (3)";6,6;5,2;4,7;4,0;3,8;3,0;4,4;4,1;4,1;4,1;3,9;3,9;
1206064;"Krzeszowice - miasto (4)";0,0;0,0;0,0;0,0;0,0;3,4;4,7;4,5;4,9;4,9;4,4;4,0;
1206065;"Krzeszowice - obszar wiejski (5)";0,0;0,0;0,0;0,0;0,0;2,9;4,2;3,9;3,8;3,8;3,7;3,8;
1206072;"Liszki (2)";4,2;3,5;3,3;2,7;2,4;2,1;3,2;3,3;2,8;2,3;2,2;2,3;
1206082;"Michałowice (2)";3,4;2,4;2,2;1,9;1,9;1,7;2,2;2,0;1,9;1,7;1,9;1,9;
1206092;"Mogilany (2)";5,4;4,5;3,7;3,1;2,9;2,5;3,4;3,1;2,5;2,1;2,4;2,5;
1206103;"Skała (3)";3,7;3,3;3,3;2,8;2,5;2,3;3,7;3,4;2,8;2,5;2,9;3,0;
1206104;"Skała - miasto (4)";0,0;0,0;0,0;0,0;0,0;2,0;2,8;3,2;2,7;2,6;2,9;2,9;
1206105;"Skała - obszar wiejski (5)";0,0;0,0;0,0;0,0;0,0;2,4;4,2;3,5;2,9;2,5;3,0;3,0;
1206113;"Skawina (3)";5,5;4,4;4,1;3,3;3,0;2,9;4,3;3,7;3,0;3,0;2,8;3,1;
1206114;"Skawina - miasto (4)";0,0;0,0;0,0;0,0;0,0;3,2;4,6;4,2;3,4;3,6;3,1;3,4;
1206115;"Skawina - obszar wiejski (5)";0,0;0,0;0,0;0,0;0,0;2,5;3,9;3,1;2,6;2,4;2,4;2,8;
1206123;"Słomniki (3)";6,0;4,9;4,5;4,3;3,5;3,3;4,4;4,5;4,1;3,7;3,6;3,6;
1206124;"Słomniki - miasto (4)";0,0;0,0;0,0;0,0;0,0;4,8;6,4;7,0;5,9;5,1;5,0;5,0;
1206125;"Słomniki - obszar wiejski (5)";0,0;0,0;0,0;0,0;0,0;2,6;3,6;3,5;3,3;3,0;3,0;3,0;
1206132;"Sułoszowa (2)";4,1;3,3;3,4;2,3;2,2;2,1;2,8;3,4;2,7;2,8;2,5;2,3;
1206143;"Świątniki Górne (3)";5,2;3,8;3,3;3,2;2,9;2,6;3,6;3,5;2,9;2,9;2,5;2,9;
1206144;"Świątniki Górne - miasto (4)";0,0;0,0;0,0;0,0;0,0;2,1;4,3;3,7;2,8;2,9;2,9;2,3;
1206145;"Świątniki Górne - obszar wiejski (5)";0,0;0,0;0,0;0,0;0,0;2,8;3,5;3,4;2,9;2,9;2,4;3,1;
1206152;"Wielka Wieś (2)";3,2;2,6;2,4;2,2;1,9;1,7;2,3;2,1;1,9;1,8;1,7;1,8;
1206162;"Zabierzów (2)";4,8;4,0;3,5;3,2;2,7;2,0;3,0;2,7;2,5;2,4;2,5;2,6;
1206172;"Zielonki (2)";2,9;2,3;2,3;1,7;1,7;1,4;2,2;2,1;1,8;1,7;1,5;1,7;
1207000;"Powiat limanowski";11,1;9,5;6,8;5,7;5,2;4,8;5,6;4,4;4,5;4,5;4,4;4,9;
1207011;"Limanowa (1)";10,5;10,0;7,8;6,1;5,3;4,7;5,5;4,4;4,7;5,0;4,5;5,4;
1207021;"Mszana Dolna (1)";11,0;9,6;6,8;6,7;5,8;6,4;6,9;5,3;5,3;5,7;5,5;6,0;
1207032;"Dobra (2)";9,9;8,2;5,8;5,1;5,3;4,9;5,3;4,0;4,3;4,1;3,9;4,3;
1207042;"Jodłownik (2)";10,4;7,8;6,2;5,2;4,7;4,0;5,1;4,3;4,0;3,2;2,9;3,5;
1207052;"Kamienica (2)";13,9;11,8;8,8;7,5;6,0;5,4;7,2;5,6;5,5;5,0;5,4;5,4;
1207062;"Laskowa (2)";7,6;6,4;4,5;4,1;3,8;3,6;4,2;3,0;3,8;3,7;3,6;3,7;
1207072;"Limanowa (2)";12,0;10,2;7,0;5,6;5,0;4,2;4,9;4,0;4,3;4,4;4,5;4,9;
1207082;"Łukowica (2)";13,3;10,7;7,5;6,6;6,0;5,7;6,8;4,9;4,5;4,2;4,0;4,4;
1207092;"Mszana Dolna (2)";10,5;9,2;6,9;5,6;5,4;5,3;6,1;5,0;4,8;4,8;4,7;5,4;
1207102;"Niedźwiedź (2)";11,2;8,8;6,1;5,2;5,1;4,5;5,6;4,8;5,7;6,0;5,0;6,4;
1207112;"Słopnice (2)";10,9;8,9;6,2;5,4;4,9;4,5;5,3;3,8;3,9;4,3;4,4;4,7;
1207122;"Tymbark (2)";11,4;10,2;6,6;5,5;5,2;4,9;5,4;4,6;3,8;3,5;3,8;3,5;
1207132;"Szczawa (2)";;;;;;;;;;;;5,7;
1208000;"Powiat miechowski";6,6;6,2;4,7;3,9;3,2;2,8;3,9;3,3;3,0;3,1;3,2;3,7;
1208012;"Charsznica (2)";8,2;7,9;6,2;5,0;3,9;3,4;4,2;3,7;3,1;2,8;3,0;3,7;
1208022;"Gołcza (2)";5,6;5,3;4,5;3,7;3,1;2,7;3,5;3,7;3,2;3,3;3,0;3,6;
1208032;"Kozłów (2)";7,6;6,7;5,5;4,5;4,0;3,2;4,9;3,9;3,6;3,6;3,4;3,9;
1208042;"Książ Wielki (2)";5,9;6,1;4,1;3,5;3,0;2,6;3,6;3,5;2,9;;;;
1208043;"Książ Wielki (3)";;;;;;;;;;3,7;3,4;3,5;
1208044;"Książ Wielki - miasto (4)";;;;;;;;;;5,4;4,7;4,9;
1208045;"Książ Wielki - obszar wiejski (5)";;;;;;;;;;3,4;3,2;3,3;
1208053;"Miechów (3)";6,5;6,0;4,3;3,7;3,2;2,8;3,9;2,9;2,8;3,1;3,2;3,8;
1208054;"Miechów - miasto (4)";0,0;0,0;0,0;0,0;0,0;3,2;4,3;3,2;3,2;3,7;3,6;4,4;
1208055;"Miechów - obszar wiejski (5)";0,0;0,0;0,0;0,0;0,0;2,3;3,3;2,6;2,3;2,1;2,7;3,0;
1208062;"Racławice (2)";6,0;4,2;3,4;3,4;2,2;1,9;2,4;1,6;2,2;2,2;2,1;2,5;
1208072;"Słaboszów (2)";5,8;6,1;4,5;3,5;2,6;2,5;4,1;3,4;3,3;3,4;3,4;3,6;
1209000;"Powiat myślenicki";6,2;4,4;2,9;1,8;1,7;1,5;2,5;1,7;2,0;1,8;1,9;2,3;
1209013;"Dobczyce (3)";5,6;3,6;2,2;1,6;1,6;1,6;2,4;1,7;2,2;2,2;2,5;2,6;
1209014;"Dobczyce - miasto (4)";0,0;0,0;0,0;0,0;0,0;1,6;2,1;1,6;2,2;2,6;2,7;2,3;
1209015;"Dobczyce - obszar wiejski (5)";0,0;0,0;0,0;0,0;0,0;1,6;2,6;1,9;2,2;1,9;2,4;2,9;
1209022;"Lubień (2)";6,4;4,6;3,3;2,0;1,7;1,5;2,7;1,5;1,7;1,6;1,8;2,4;
1209033;"Myślenice (3)";6,4;4,5;3,0;1,8;1,7;1,6;2,5;1,8;2,2;2,0;1,9;2,5;
1209034;"Myślenice - miasto (4)";0,0;0,0;0,0;0,0;0,0;1,7;2,8;1,9;2,2;2,1;1,9;2,5;
1209035;"Myślenice - obszar wiejski (5)";0,0;0,0;0,0;0,0;0,0;1,5;2,3;1,6;2,2;2,0;1,9;2,5;
1209042;"Pcim (2)";6,6;4,4;3,0;1,8;1,8;1,4;3,1;1,7;1,6;1,4;1,5;2,2;
1209052;"Raciechowice (2)";6,1;3,4;2,0;1,6;0,9;1,4;1,7;1,4;1,7;1,9;1,9;2,6;
1209062;"Siepraw (2)";6,3;4,7;3,2;2,2;1,8;1,4;2,5;1,6;1,9;1,4;1,6;2,3;
1209073;"Sułkowice (3)";6,8;5,4;3,6;2,2;1,8;1,7;2,8;1,7;2,0;1,9;1,7;2,0;
1209074;"Sułkowice - miasto (4)";0,0;0,0;0,0;0,0;0,0;1,6;3,0;1,5;2,2;2,1;1,9;2,5;
1209075;"Sułkowice - obszar wiejski (5)";0,0;0,0;0,0;0,0;0,0;1,8;2,6;1,8;1,8;1,8;1,6;1,7;
1209082;"Tokarnia (2)";4,7;4,1;2,4;1,7;1,4;1,3;2,0;1,3;1,6;1,4;1,6;1,8;
1209092;"Wiśniowa (2)";5,7;3,9;2,4;1,5;1,5;1,2;1,8;1,9;1,9;1,9;2,0;2,0;
1210000;"Powiat nowosądecki";8,3;7,6;5,7;4,8;4,6;4,5;5,5;4,7;4,8;4,7;4,2;4,5;
1210011;"Grybów (1)";7,9;7,5;5,6;5,1;4,3;4,7;5,4;4,7;5,0;4,5;4,1;4,3;
1210022;"Chełmiec (2)";9,2;8,5;6,1;5,0;4,7;4,6;5,4;4,8;4,8;4,7;4,0;4,5;
1210032;"Gródek nad Dunajcem (2)";6,9;6,2;4,5;4,0;3,9;4,0;5,2;4,1;4,4;4,0;3,2;3,7;
1210042;"Grybów (2)";7,9;7,3;5,2;4,4;4,5;4,3;5,2;4,5;4,5;4,5;4,4;4,3;
1210052;"Kamionka Wielka (2)";9,1;8,0;5,9;5,3;4,9;5,4;6,2;5,2;5,0;4,6;4,1;4,9;
1210062;"Korzenna (2)";7,3;6,6;4,6;3,7;3,7;3,6;4,8;4,3;4,3;4,0;3,7;4,3;
1210073;"Krynica-Zdrój (3)";7,9;7,7;6,0;5,4;4,7;4,3;5,8;4,6;4,8;6,0;5,2;5,1;
1210074;"Krynica-Zdrój - miasto (4)";0,0;0,0;0,0;0,0;0,0;4,6;6,3;5,0;5,2;7,2;6,2;5,9;
1210075;"Krynica-Zdrój - obszar wiejski (5)";0,0;0,0;0,0;0,0;0,0;3,9;5,2;4,1;4,2;4,2;3,8;4,1;
1210082;"Łabowa (2)";8,6;7,5;4,9;4,3;4,0;3,8;5,8;4,3;4,8;4,6;3,9;3,9;
1210092;"Łącko (2)";8,0;7,1;5,4;4,7;4,6;4,4;5,8;4,5;4,8;4,7;4,1;4,4;
1210102;"Łososina Dolna (2)";6,9;6,4;4,9;3,9;4,4;3,9;4,4;4,0;4,0;3,7;3,4;4,1;
1210113;"Muszyna (3)";7,6;7,7;6,1;4,9;4,6;4,3;5,6;4,7;4,2;4,3;3,7;3,8;
1210114;"Muszyna - miasto (4)";0,0;0,0;0,0;0,0;0,0;4,2;5,7;4,9;4,5;4,3;3,9;3,9;
1210115;"Muszyna - obszar wiejski (5)";0,0;0,0;0,0;0,0;0,0;4,4;5,5;4,6;4,1;4,2;3,5;3,7;
1210122;"Nawojowa (2)";9,3;8,2;6,5;5,9;5,3;5,5;6,6;5,6;5,1;4,8;4,7;5,3;
1210133;"Piwniczna-Zdrój (3)";8,1;8,1;6,1;5,6;5,4;5,2;6,5;5,2;5,4;5,3;4,5;4,8;
1210134;"Piwniczna-Zdrój - miasto (4)";0,0;0,0;0,0;0,0;0,0;5,5;7,0;6,0;6,4;6,0;5,3;5,4;
1210135;"Piwniczna-Zdrój - obszar wiejski (5)";0,0;0,0;0,0;0,0;0,0;4,8;6,0;4,2;4,3;4,4;3,6;4,2;
1210142;"Podegrodzie (2)";9,6;8,7;6,2;5,4;4,7;4,5;5,2;4,7;4,8;4,8;4,3;4,3;
1210152;"Rytro (2)";9,8;7,8;6,9;5,2;5,0;4,4;5,2;5,9;5,8;6,1;5,1;5,3;
1210163;"Stary Sącz (3)";8,5;8,0;6,2;4,9;4,7;4,7;5,7;4,9;5,3;5,2;4,7;5,0;
1210164;"Stary Sącz - miasto (4)";0,0;0,0;0,0;0,0;0,0;4,5;5,7;4,8;5,7;5,8;5,2;4,9;
1210165;"Stary Sącz - obszar wiejski (5)";0,0;0,0;0,0;0,0;0,0;4,9;5,7;5,0;5,1;4,9;4,4;5,0;
1211000;"Powiat nowotarski";7,3;5,9;5,3;4,0;3,4;3,1;4,3;3,6;2,8;2,9;2,9;3,2;
1211011;"Nowy Targ (1)";8,8;7,5;6,5;4,3;3,8;3,5;5,0;4,1;3,2;3,2;3,5;4,0;
1211023;"Szczawnica (3)";10,1;9,0;8,5;7,5;5,8;6,1;8,5;6,0;5,1;5,6;5,3;4,6;
1211024;"Szczawnica - miasto (4)";0,0;0,0;0,0;0,0;0,0;6,3;8,9;6,6;5,4;6,3;5,8;5,1;
1211025;"Szczawnica - obszar wiejski (5)";0,0;0,0;0,0;0,0;0,0;5,5;7,4;3,9;4,2;3,3;3,6;2,9;
1211032;"Czarny Dunajec (2)";5,5;4,8;4,1;3,1;2,9;2,7;3,4;2,9;2,3;;;;
1211033;"Czarny Dunajec (3)";;;;;;;;;;2,1;1,9;2,1;
1211034;"Czarny Dunajec - miasto (4)";;;;;;;;;;2,8;2,7;3,0;
1211035;"Czarny Dunajec - obszar wiejski (5)";;;;;;;;;;2,0;1,7;1,9;
1211042;"Czorsztyn (2)";9,7;7,6;7,4;6,2;5,4;5,4;6,9;6,0;5,2;5,5;5,5;5,8;
1211052;"Jabłonka (2)";6,5;5,4;5,1;2,9;2,8;2,7;3,4;3,0;2,5;2,2;2,1;2,5;
1211062;"Krościenko nad Dunajcem (2)";9,5;7,3;7,1;6,0;4,8;4,5;5,3;4,8;4,3;4,3;4,4;5,2;
1211072;"Lipnica Wielka (2)";7,2;5,6;4,5;3,2;2,3;2,3;2,7;2,7;1,7;1,8;2,4;3,0;
1211082;"Łapsze Niżne (2)";4,9;4,3;4,0;2,8;2,2;1,8;3,1;2,2;2,1;2,2;1,8;2,2;
1211092;"Nowy Targ (2)";6,8;4,3;3,9;3,3;2,5;2,3;3,6;2,9;1,9;2,1;2,4;2,6;
1211102;"Ochotnica Dolna (2)";6,7;5,6;5,2;3,4;3,1;3,4;4,3;3,8;3,0;3,3;3,1;3,0;
1211112;"Raba Wyżna (2)";6,6;4,4;4,3;2,8;2,5;2,3;3,7;3,0;2,4;2,2;2,3;2,8;
1211123;"Rabka-Zdrój (3)";8,5;7,0;6,3;5,1;4,4;3,7;5,2;4,4;3,4;4,3;3,4;3,9;
1211124;"Rabka-Zdrój - miasto (4)";0,0;0,0;0,0;0,0;0,0;3,8;5,7;4,9;3,7;4,5;3,8;4,1;
1211125;"Rabka-Zdrój - obszar wiejski (5)";0,0;0,0;0,0;0,0;0,0;3,4;4,1;3,1;2,5;3,6;2,4;3,4;
1211132;"Spytkowice (2)";7,1;6,0;6,2;4,6;4,5;4,0;5,0;4,1;3,0;2,9;2,2;3,2;
1211142;"Szaflary (2)";6,2;5,7;4,8;3,9;3,4;2,5;4,2;3,3;2,4;2,3;2,5;3,1;
1212000;"Powiat olkuski";9,0;8,1;5,9;5,6;5,1;5,0;5,6;5,0;4,9;4,4;4,5;4,8;
1212011;"Bukowno (1)";7,8;7,5;5,3;4,9;4,8;4,4;4,8;4,7;4,1;4,1;4,0;4,7;
1212032;"Bolesław (2)";8,5;8,0;5,7;5,7;5,3;4,9;5,5;4,7;4,5;4,1;3,9;4,7;
1212042;"Klucze (2)";10,2;9,3;7,0;6,2;5,7;5,6;6,0;5,2;5,5;4,9;4,7;4,8;
1212053;"Olkusz (3)";9,9;8,7;6,3;6,3;5,7;5,6;6,4;5,7;5,7;5,1;5,4;5,6;
1212054;"Olkusz - miasto (4)";0,0;0,0;0,0;0,0;0,0;5,8;6,7;6,0;6,2;5,7;6,0;6,0;
1212055;"Olkusz - obszar wiejski (5)";0,0;0,0;0,0;0,0;0,0;5,1;5,5;5,1;4,4;3,5;4,1;4,7;
1212062;"Trzyciąż (2)";6,5;6,0;4,1;3,8;3,2;3,1;3,6;3,1;3,5;2,8;2,6;2,7;
1212073;"Wolbrom (3)";7,9;7,0;5,3;4,6;4,2;4,1;4,7;4,2;4,0;3,7;3,5;3,8;
1212074;"Wolbrom - miasto (4)";0,0;0,0;0,0;0,0;0,0;4,5;5,1;4,9;4,7;4,3;3,8;4,5;
1212075;"Wolbrom - obszar wiejski (5)";0,0;0,0;0,0;0,0;0,0;3,9;4,4;3,9;3,5;3,4;3,4;3,3;
1213000;"Powiat oświęcimski";5,9;4,9;4,1;3,3;3,1;2,9;3,9;3,3;3,0;2,7;2,6;3,1;
1213011;"Oświęcim (1)";7,2;5,8;4,9;4,3;3,8;3,5;4,8;4,0;3,9;3,5;3,3;4,1;
1213023;"Brzeszcze (3)";4,0;3,7;2,6;2,1;2,1;2,0;2,7;2,5;2,2;2,0;2,1;2,6;
1213024;"Brzeszcze - miasto (4)";0,0;0,0;0,0;0,0;0,0;2,3;2,8;3,0;2,5;2,1;2,2;2,9;
1213025;"Brzeszcze - obszar wiejski (5)";0,0;0,0;0,0;0,0;0,0;1,6;2,5;2,0;1,9;1,9;1,9;2,4;
1213033;"Chełmek (3)";5,2;3,9;3,4;2,6;2,4;2,0;3,4;2,7;2,7;2,4;2,4;2,8;
1213034;"Chełmek - miasto (4)";0,0;0,0;0,0;0,0;0,0;2,3;3,6;3,1;3,0;2,6;2,7;3,2;
1213035;"Chełmek - obszar wiejski (5)";0,0;0,0;0,0;0,0;0,0;1,5;2,8;1,9;2,0;1,8;1,8;2,0;
1213043;"Kęty (3)";7,2;6,2;5,5;4,3;4,3;4,3;5,3;4,6;4,2;3,3;3,1;3,7;
1213044;"Kęty - miasto (4)";0,0;0,0;0,0;0,0;0,0;4,7;5,7;4,9;4,6;3,7;3,5;4,2;
1213045;"Kęty - obszar wiejski (5)";0,0;0,0;0,0;0,0;0,0;3,9;4,8;4,2;3,7;2,8;2,8;3,2;
1213052;"Osiek (2)";4,9;3,9;3,5;2,6;2,6;2,1;2,9;2,1;2,0;2,3;1,7;2,7;
1213062;"Oświęcim (2)";4,1;3,5;3,0;2,3;2,1;1,8;2,5;2,0;1,9;1,9;1,8;2,1;
1213072;"Polanka Wielka (2)";3,5;2,5;2,1;2,2;2,1;1,6;2,8;2,0;1,8;1,9;1,8;1,9;
1213082;"Przeciszów (2)";5,3;4,7;3,4;2,6;2,2;2,4;3,5;2,6;2,5;2,7;2,7;2,8;
1213093;"Zator (3)";7,6;5,7;4,6;3,3;2,9;2,7;3,9;2,8;2,4;2,8;2,6;2,3;
1213094;"Zator - miasto (4)";0,0;0,0;0,0;0,0;0,0;2,8;3,6;2,2;2,0;2,4;2,6;2,4;
1213095;"Zator - obszar wiejski (5)";0,0;0,0;0,0;0,0;0,0;2,6;4,1;3,2;2,8;3,1;2,6;2,3;
1214000;"Powiat proszowicki";7,5;6,4;5,5;4,9;4,3;3,1;4,0;3,5;3,5;3,6;3,2;4,0;
1214012;"Koniusza (2)";6,0;4,8;4,3;3,9;3,6;2,7;3,0;2,4;2,7;2,8;2,7;3,5;
1214022;"Koszyce (2)";7,0;5,9;5,0;4,8;4,5;;;;;;;;
1214023;"Koszyce (3)";;;;;;2,8;3,6;3,3;3,5;2,8;2,9;3,6;
1214024;"Koszyce - miasto (4)";;;;;;4,2;3,1;3,1;2,9;2,1;4,3;3,9;
1214025;"Koszyce - obszar wiejski (5)";;;;;;2,6;3,7;3,3;3,6;2,9;2,6;3,6;
1214033;"Nowe Brzesko (3)";7,2;6,3;5,5;4,9;4,5;3,4;4,1;3,5;3,2;4,8;3,3;3,8;
1214034;"Nowe Brzesko - miasto (4)";0,0;0,0;0,0;0,0;0,0;4,2;4,7;3,9;4,2;9,2;5,3;4,5;
1214035;"Nowe Brzesko - obszar wiejski (5)";0,0;0,0;0,0;0,0;0,0;3,0;3,9;3,4;2,8;3,2;2,5;3,5;
1214042;"Pałecznica (2)";8,3;6,2;5,1;4,6;3,5;2,7;3,2;2,8;3,0;3,3;3,0;3,9;
1214053;"Proszowice (3)";8,7;7,5;6,5;5,8;4,8;3,5;4,7;4,3;4,4;4,2;3,6;4,8;
1214054;"Proszowice - miasto (4)";0,0;0,0;0,0;0,0;0,0;3,8;5,4;4,7;5,4;4,5;4,0;5,4;
1214055;"Proszowice - obszar wiejski (5)";0,0;0,0;0,0;0,0;0,0;3,2;4,2;4,0;3,8;4,0;3,4;4,5;
1214062;"Radziemice (2)";6,5;6,2;4,8;3,5;3,6;3,2;4,4;3,4;3,0;3,1;2,5;2,8;
1215000;"Powiat suski";6,1;5,0;3,4;3,0;3,0;3,1;4,2;3,0;2,7;2,9;2,7;3,1;
1215011;"Jordanów (1)";5,6;4,4;3,2;2,5;3,1;2,6;3,3;2,2;1,8;2,7;2,0;2,6;
1215021;"Sucha Beskidzka (1)";6,3;5,6;4,2;3,8;3,9;4,3;5,8;3,6;3,9;3,8;3,3;3,5;
1215032;"Budzów (2)";6,4;5,1;3,4;3,3;3,8;3,3;4,4;2,9;2,5;2,7;2,9;2,5;
1215042;"Bystra-Sidzina (2)";4,9;3,5;2,6;2,3;2,0;2,0;3,0;2,1;2,2;2,0;1,7;2,3;
1215052;"Jordanów (2)";5,0;3,7;2,3;2,1;2,3;2,2;2,9;2,6;1,9;2,1;2,9;3,2;
1215063;"Maków Podhalański (3)";7,4;6,1;4,0;3,6;3,4;3,5;4,5;3,3;3,1;3,2;2,6;3,4;
1215064;"Maków Podhalański - miasto (4)";0,0;0,0;0,0;0,0;0,0;4,2;5,7;3,9;4,1;3,5;3,1;3,9;
1215065;"Maków Podhalański - obszar wiejski (5)";0,0;0,0;0,0;0,0;0,0;3,2;3,9;3,0;2,7;3,0;2,3;3,2;
1215072;"Stryszawa (2)";5,3;4,4;3,3;2,5;2,4;2,7;4,0;2,4;2,5;2,7;2,5;3,1;
1215082;"Zawoja (2)";6,4;5,4;4,0;3,3;3,0;3,4;4,9;4,3;3,5;4,2;3,5;3,9;
1215092;"Zembrzyce (2)";7,5;5,7;3,4;3,7;3,1;2,9;4,4;3,2;2,3;2,8;2,9;3,1;
1216000;"Powiat tarnowski";7,6;6,4;5,3;4,4;4,0;3,2;4,2;3,5;3,6;3,4;3,4;3,9;
1216013;"Ciężkowice (3)";8,0;7,1;5,5;4,7;4,1;2,8;3,5;2,6;2,7;3,1;2,8;3,3;
1216014;"Ciężkowice - miasto (4)";0,0;0,0;0,0;0,0;0,0;3,0;4,1;3,3;2,5;3,6;2,9;3,4;
1216015;"Ciężkowice - obszar wiejski (5)";0,0;0,0;0,0;0,0;0,0;2,8;3,4;2,4;2,8;3,0;2,7;3,3;
1216022;"Gromnik (2)";8,0;6,7;5,7;4,3;3,8;3,0;3,9;2,7;3,2;3,3;3,6;3,3;
1216032;"Lisia Góra (2)";8,7;7,1;6,1;4,6;4,3;3,3;4,2;3,7;3,6;3,3;3,1;3,9;
1216042;"Pleśna (2)";7,7;6,7;6,1;4,9;4,2;3,4;4,3;4,0;3,8;3,3;3,7;3,9;
1216053;"Radłów (3)";6,7;4,7;4,5;4,3;3,9;3,5;4,5;4,4;4,4;4,1;4,1;4,6;
1216054;"Radłów - miasto (4)";0,0;0,0;0,0;0,0;0,0;4,3;5,6;5,3;5,1;4,8;4,5;5,3;
1216055;"Radłów - obszar wiejski (5)";0,0;0,0;0,0;0,0;0,0;3,2;4,1;4,0;4,1;3,8;4,0;4,4;
1216063;"Ryglice (3)";7,0;5,4;4,7;3,9;3,2;2,2;3,2;2,7;2,9;2,9;3,0;3,8;
1216064;"Ryglice - miasto (4)";0,0;0,0;0,0;0,0;0,0;2,5;3,7;2,6;3,4;4,1;3,5;4,7;
1216065;"Ryglice - obszar wiejski (5)";0,0;0,0;0,0;0,0;0,0;2,1;3,1;2,8;2,8;2,6;2,8;3,5;
1216072;"Rzepiennik Strzyżewski (2)";6,8;5,4;4,0;3,5;3,0;2,3;3,8;3,2;3,3;3,2;3,0;3,5;
1216082;"Skrzyszów (2)";7,1;6,2;5,1;4,4;3,5;3,2;3,8;3,0;3,4;2,8;3,0;3,4;
1216092;"Tarnów (2)";7,2;6,4;5,2;4,5;4,1;3,2;4,1;3,3;3,4;2,9;3,0;3,6;
1216103;"Tuchów (3)";8,2;6,7;5,3;4,7;4,3;3,2;4,7;3,4;3,8;3,7;4,1;4,5;
1216104;"Tuchów - miasto (4)";0,0;0,0;0,0;0,0;0,0;3,0;4,6;3,1;3,5;3,0;3,5;3,9;
1216105;"Tuchów - obszar wiejski (5)";0,0;0,0;0,0;0,0;0,0;3,3;4,8;3,6;4,0;4,1;4,4;4,8;
1216112;"Wierzchosławice (2)";7,2;6,5;5,2;4,4;3,9;3,1;4,2;3,6;3,1;2,6;2,6;3,4;
1216122;"Wietrzychowice (2)";7,2;6,8;4,8;5,2;4,6;4,6;5,4;5,3;5,1;4,4;4,9;5,0;
1216133;"Wojnicz (3)";6,1;5,8;4,7;3,6;3,0;2,7;3,5;2,5;2,1;2,3;2,5;2,9;
1216134;"Wojnicz - miasto (4)";0,0;0,0;0,0;0,0;0,0;2,5;3,4;1,9;1,8;2,6;3,0;3,3;
1216135;"Wojnicz - obszar wiejski (5)";0,0;0,0;0,0;0,0;0,0;2,7;3,5;2,7;2,1;2,2;2,4;2,8;
1216143;"Zakliczyn (3)";6,9;6,2;4,4;3,5;3,3;2,7;3,5;3,2;3,3;3,1;3,2;3,4;
1216144;"Zakliczyn - miasto (4)";0,0;0,0;0,0;0,0;0,0;2,8;3,2;2,5;2,8;3,5;3,8;4,0;
1216145;"Zakliczyn - obszar wiejski (5)";0,0;0,0;0,0;0,0;0,0;2,7;3,5;3,3;3,4;3,0;3,2;3,3;
1216153;"Żabno (3)";8,7;7,1;5,7;5,0;5,3;4,7;5,6;4,8;5,4;5,2;4,8;5,0;
1216154;"Żabno - miasto (4)";0,0;0,0;0,0;0,0;0,0;4,3;5,3;4,6;5,5;5,4;5,2;5,6;
1216155;"Żabno - obszar wiejski (5)";0,0;0,0;0,0;0,0;0,0;4,8;5,7;4,9;5,4;5,2;4,7;4,8;
1216162;"Szerzyny (2)";8,3;7,1;6,1;5,2;5,0;3,6;4,4;3,7;4,0;3,9;3,7;4,5;
1217000;"Powiat tatrzański";8,7;8,7;7,9;7,3;6,7;5,7;6,0;5,2;5,4;5,6;5,7;6,5;
1217011;"Zakopane (1)";9,9;9,7;8,9;8,3;7,9;6,5;7,0;5,9;6,0;6,3;6,3;7,3;
1217022;"Biały Dunajec (2)";8,1;8,7;8,3;8,0;6,8;5,3;5,8;5,2;5,8;5,8;5,9;6,9;
1217032;"Bukowina Tatrzańska (2)";5,9;5,8;5,2;4,8;4,0;3,8;4,3;3,5;3,4;3,9;4,2;4,6;
1217042;"Kościelisko (2)";8,8;9,4;8,4;7,5;7,0;5,9;5,8;5,1;5,4;5,4;5,1;6,3;
1217052;"Poronin (2)";9,5;9,3;8,3;7,5;7,0;6,2;6,1;5,7;6,3;6,4;6,4;6,9;
1218000;"Powiat wadowicki";6,4;5,1;3,6;3,4;3,2;3,0;4,4;3,1;3,1;3,2;3,4;3,8;
1218013;"Andrychów (3)";8,2;7,2;4,9;4,6;4,3;4,2;5,9;3,8;4,0;4,4;4,6;5,1;
1218014;"Andrychów - miasto (4)";0,0;0,0;0,0;0,0;0,0;4,9;6,9;4,4;4,5;4,9;5,3;6,0;
1218015;"Andrychów - obszar wiejski (5)";0,0;0,0;0,0;0,0;0,0;3,6;5,1;3,4;3,7;4,1;4,2;4,5;
1218022;"Brzeźnica (2)";5,0;3,3;2,3;2,2;2,2;2,0;2,9;2,5;2,1;1,9;1,8;2,3;
1218033;"Kalwaria Zebrzydowska (3)";4,9;3,6;2,5;2,4;2,5;2,2;4,1;2,6;2,3;2,6;2,8;3,0;
1218034;"Kalwaria Zebrzydowska - miasto (4)";0,0;0,0;0,0;0,0;0,0;2,1;4,4;2,7;2,8;3,3;3,5;3,8;
1218035;"Kalwaria Zebrzydowska - obszar wiejski (5)";0,0;0,0;0,0;0,0;0,0;2,2;4,1;2,5;2,2;2,4;2,6;2,8;
1218042;"Lanckorona (2)";5,4;4,6;3,2;3,2;3,0;2,5;4,6;3,1;3,3;2,9;3,1;3,4;
1218052;"Mucharz (2)";7,8;5,3;3,4;3,9;3,6;3,0;4,4;4,0;3,2;2,7;3,1;4,3;
1218062;"Spytkowice (2)";5,6;3,7;2,7;2,5;2,7;2,4;3,7;2,7;2,9;2,4;2,4;2,6;
1218072;"Stryszów (2)";6,4;4,6;3,9;3,3;2,9;2,8;3,9;2,7;2,0;2,6;2,3;3,2;
1218082;"Tomice (2)";5,7;4,4;2,9;2,7;2,6;2,6;2,9;2,5;2,3;2,2;2,3;2,2;
1218093;"Wadowice (3)";6,2;4,8;3,4;3,3;3,1;2,7;4,2;3,1;3,5;3,7;3,7;4,4;
1218094;"Wadowice - miasto (4)";0,0;0,0;0,0;0,0;0,0;3,2;5,0;3,8;4,1;4,3;4,3;5,1;
1218095;"Wadowice - obszar wiejski (5)";0,0;0,0;0,0;0,0;0,0;2,2;3,5;2,4;2,9;3,2;3,2;3,8;
1218102;"Wieprz (2)";5,7;4,8;3,6;2,9;2,8;2,9;3,8;2,3;2,3;2,5;2,9;3,0;
1219000;"Powiat wielicki";4,9;4,1;3,7;2,9;2,8;2,6;3,3;2,7;2,2;2,0;2,2;2,7;
1219012;"Biskupice (2)";4,8;4,2;3,7;3,0;3,0;2,4;2,9;2,6;2,4;1,9;2,1;2,8;
1219022;"Gdów (2)";5,0;4,6;4,3;3,1;3,2;2,6;3,7;3,2;2,4;2,2;2,5;3,1;
1219032;"Kłaj (2)";5,1;3,8;3,7;2,7;2,5;2,5;3,1;2,6;2,0;1,9;2,3;2,6;
1219043;"Niepołomice (3)";4,1;3,5;3,1;2,3;2,1;2,2;2,7;2,1;1,4;1,4;1,5;2,1;
1219044;"Niepołomice - miasto (4)";0,0;0,0;0,0;0,0;0,0;2,1;2,1;1,6;1,2;1,1;1,3;2,0;
1219045;"Niepołomice - obszar wiejski (5)";0,0;0,0;0,0;0,0;0,0;2,3;3,2;2,5;1,6;1,7;1,7;2,2;
1219053;"Wieliczka (3)";5,3;4,3;3,9;3,2;3,1;2,8;3,6;2,9;2,5;2,3;2,5;2,9;
1219054;"Wieliczka - miasto (4)";0,0;0,0;0,0;0,0;0,0;3,0;3,9;3,1;2,9;2,9;2,8;3,1;
1219055;"Wieliczka - obszar wiejski (5)";0,0;0,0;0,0;0,0;0,0;2,6;3,4;2,7;2,2;2,0;2,3;2,8;
1261000;"Powiat m. Kraków";4,6;4,2;3,5;2,8;2,5;2,1;3,2;2,9;2,5;2,0;2,2;2,6;
1261011;"Kraków (1)";4,6;4,2;3,5;2,8;2,5;2,1;3,2;2,9;2,5;2,0;2,2;2,6;
1262000;"Powiat m. Nowy Sącz";7,6;6,7;5,6;3,8;3,0;2,5;3,9;3,0;3,2;3,5;3,4;4,1;
1262011;"Nowy Sącz (1)";7,6;6,7;5,6;3,8;3,0;2,5;3,9;3,0;3,2;3,5;3,4;4,1;
1263000;"Powiat m. Tarnów";7,7;6,7;6,0;5,1;4,5;3,7;4,8;3,8;3,8;3,6;3,7;4,5;
1263011;"Tarnów (1)";7,7;6,7;6,0;5,1;4,5;3,7;4,8;3,8;3,8;3,6;3,7;4,5;
1400000;"MAZOWIECKIE";7,6;6,6;5,8;4,8;4,2;3,9;4,5;4,0;3,6;3,4;3,4;3,7;
1401000;"Powiat białobrzeski";8,6;7,2;6,8;5,5;5,3;5,3;6,4;5,6;5,0;4,7;5,0;5,1;
1401013;"Białobrzegi (3)";9,6;8,2;7,8;6,4;5,9;5,7;6,7;6,1;5,6;5,1;4,9;5,4;
1401014;"Białobrzegi - miasto (4)";0,0;0,0;0,0;0,0;0,0;5,3;6,3;5,7;5,7;5,0;4,8;5,4;
1401015;"Białobrzegi - obszar wiejski (5)";0,0;0,0;0,0;0,0;0,0;6,5;7,5;6,7;5,3;5,3;5,1;5,6;
1401022;"Promna (2)";6,4;5,5;4,9;3,8;4,2;4,1;5,4;4,5;3,7;3,6;4,6;4,8;
1401032;"Radzanów (2)";8,1;7,2;6,3;5,0;4,2;4,8;5,5;5,0;4,2;4,4;4,5;4,5;
1401042;"Stara Błotnica (2)";8,1;6,9;6,2;5,0;4,9;5,2;6,0;5,0;4,5;4,8;4,8;4,8;
1401052;"Stromiec (2)";9,1;7,2;7,0;6,1;5,5;5,3;7,3;6,5;6,3;5,5;5,8;5,5;
1401063;"Wyśmierzyce (3)";9,7;7,8;8,5;6,3;6,8;6,4;7,2;6,5;4,9;4,4;5,1;5,5;
1401064;"Wyśmierzyce - miasto (4)";0,0;0,0;0,0;0,0;0,0;6,8;7,7;6,4;5,0;5,7;7,0;5,9;
1401065;"Wyśmierzyce - obszar wiejski (5)";0,0;0,0;0,0;0,0;0,0;6,2;6,9;6,5;4,8;3,8;4,1;5,3;
1402000;"Powiat ciechanowski";9,3;9,0;8,0;6,6;6,2;5,7;6,3;5,6;5,6;5,4;5,7;5,7;
1402011;"Ciechanów (1)";9,2;8,7;8,0;6,8;6,4;5,9;6,7;5,7;5,9;5,6;5,9;5,9;
1402022;"Ciechanów (2)";8,2;8,2;6,9;5,1;4,7;4,5;4,8;4,5;4,3;4,5;4,4;4,2;
1402033;"Glinojeck (3)";9,9;9,9;8,4;6,8;6,2;5,4;6,2;5,9;5,7;5,7;6,1;6,2;
1402034;"Glinojeck - miasto (4)";0,0;0,0;0,0;0,0;0,0;4,6;4,2;5,0;4,7;4,4;4,8;5,2;
1402035;"Glinojeck - obszar wiejski (5)";0,0;0,0;0,0;0,0;0,0;6,0;7,6;6,5;6,3;6,5;7,0;6,7;
1402042;"Gołymin-Ośrodek (2)";9,9;10,4;8,4;7,8;7,2;6,8;7,0;5,7;6,1;5,9;5,9;6,8;
1402052;"Grudusk (2)";10,0;9,7;9,3;6,8;6,7;4,9;5,9;5,3;4,6;4,6;4,2;5,9;
1402062;"Ojrzeń (2)";9,8;10,0;8,8;7,2;7,2;6,7;6,4;6,1;6,2;5,5;5,7;5,1;
1402072;"Opinogóra Górna (2)";9,4;9,2;8,1;7,0;5,4;5,6;5,9;5,1;4,9;5,3;5,9;5,5;
1402082;"Regimin (2)";10,9;11,1;8,9;7,6;6,8;6,0;7,3;7,1;6,0;6,1;6,0;6,3;
1402092;"Sońsk (2)";7,7;7,3;6,1;5,1;4,9;4,8;5,2;4,5;5,2;5,2;5,6;5,8;
1403000;"Powiat garwoliński";9,0;8,3;7,2;6,4;5,9;5,5;6,5;6,3;6,2;5,6;5,3;5,7;
1403011;"Garwolin (1)";9,3;9,2;8,4;7,4;7,1;6,3;7,3;6,9;6,9;6,0;6,0;6,2;
1403021;"Łaskarzew (1)";12,1;12,0;10,9;8,5;7,5;6,3;8,2;8,0;8,4;7,0;7,2;8,0;
1403032;"Borowie (2)";7,6;7,3;6,6;6,4;5,0;5,4;6,7;6,3;7,6;5,6;5,6;5,7;
1403042;"Garwolin (2)";8,7;8,5;7,1;5,5;5,7;5,8;6,3;6,1;5,8;5,4;5,2;5,2;
1403052;"Górzno (2)";9,6;8,6;7,0;6,2;5,9;5,1;6,1;5,9;5,1;5,0;4,6;4,8;
1403062;"Łaskarzew (2)";8,0;7,5;6,6;6,1;5,8;4,9;6,0;6,1;6,1;6,0;5,5;5,3;
1403072;"Maciejowice (2)";9,3;8,9;7,9;7,8;6,9;5,9;6,9;6,8;7,1;5,8;;;
1403073;"Maciejowice (3)";;;;;;;;;;;6,2;6,3;
1403074;"Maciejowice - miasto (4)";;;;;;;;;;;7,7;8,1;
1403075;"Maciejowice - obszar wiejski (5)";;;;;;;;;;;5,8;5,8;
1403082;"Miastków Kościelny (2)";9,0;8,3;7,5;5,3;5,4;5,3;5,5;5,4;5,8;5,6;5,1;6,6;
1403092;"Parysów (2)";9,1;7,9;7,1;6,8;5,1;5,6;7,0;6,7;5,3;5,1;5,1;5,4;
1403103;"Pilawa (3)";8,9;7,6;6,5;5,9;5,7;5,6;6,8;6,7;6,0;5,6;4,7;5,1;
1403104;"Pilawa - miasto (4)";0,0;0,0;0,0;0,0;0,0;5,6;6,6;6,3;6,0;5,5;4,0;5,1;
1403105;"Pilawa - obszar wiejski (5)";0,0;0,0;0,0;0,0;0,0;5,6;6,9;6,9;5,9;5,7;5,1;5,1;
1403112;"Sobolew (2)";7,9;6,7;5,5;5,0;4,4;3,9;4,7;4,8;5,2;5,2;4,9;5,0;
1403122;"Trojanów (2)";6,4;6,0;5,2;5,0;4,5;4,1;4,8;4,3;4,1;3,6;3,8;4,3;
1403132;"Wilga (2)";8,3;7,5;6,4;5,8;5,2;5,5;6,3;5,6;5,9;5,7;4,5;5,3;
1403143;"Żelechów (3)";10,9;9,5;7,9;7,7;7,2;6,3;7,7;7,3;7,6;6,4;6,1;6,8;
1403144;"Żelechów - miasto (4)";0,0;0,0;0,0;0,0;0,0;4,4;4,7;4,9;4,4;3,8;3,6;4,6;
1403145;"Żelechów - obszar wiejski (5)";0,0;0,0;0,0;0,0;0,0;8,1;10,4;9,5;10,4;8,7;8,2;8,7;
1404000;"Powiat gostyniński";13,7;11,6;11,6;10,3;9,2;7,4;9,3;8,1;7,3;7,3;7,0;7,8;
1404011;"Gostynin (1)";12,8;10,8;11,2;9,9;8,4;7,2;9,0;7,6;6,8;6,7;6,7;7,6;
1404022;"Gostynin (2)";17,0;14,1;13,8;12,2;10,8;8,3;10,4;9,5;8,4;8,5;8,2;9,0;
1404032;"Pacyna (2)";11,5;10,4;9,4;8,1;7,7;6,7;8,7;8,2;7,2;6,7;6,0;6,9;
1404042;"Sanniki (2)";10,1;9,0;8,4;8,1;;;;;;;;;
1404043;"Sanniki (3)";;;;;7,6;5,7;7,0;5,3;5,3;5,4;4,9;6,0;
1404044;"Sanniki - miasto (4)";;;;;0,0;6,0;7,4;5,6;5,3;5,8;5,7;6,0;
1404045;"Sanniki - obszar wiejski (5)";;;;;0,0;5,6;6,8;5,2;5,3;5,3;4,6;6,1;
1404052;"Szczawin Kościelny (2)";15,1;12,8;13,1;11,2;10,8;8,9;10,5;9,6;8,9;9,2;8,0;8,2;
1405000;"Powiat grodziski";3,9;3,5;2,7;2,1;1,9;1,5;2,4;2,2;1,7;1,7;1,6;2,0;
1405011;"Milanówek (1)";4,1;3,7;2,7;1,9;1,8;1,5;2,6;2,2;1,9;1,8;1,4;2,1;
1405021;"Podkowa Leśna (1)";3,3;2,9;2,0;1,7;1,4;1,0;1,7;1,7;1,3;1,9;2,1;2,6;
1405032;"Baranów (2)";3,6;3,1;2,8;2,3;1,8;1,8;2,2;2,4;1,5;1,9;2,0;2,5;
1405043;"Grodzisk Mazowiecki (3)";3,9;3,3;2,6;2,1;1,9;1,6;2,5;2,1;1,7;1,6;1,6;2,0;
1405044;"Grodzisk Mazowiecki - miasto (4)";0,0;0,0;0,0;0,0;0,0;1,7;2,7;2,3;1,8;1,7;1,8;2,2;
1405045;"Grodzisk Mazowiecki - obszar wiejski (5)";0,0;0,0;0,0;0,0;0,0;1,4;2,1;1,8;1,4;1,5;1,2;1,8;
1405052;"Jaktorów (2)";4,1;4,0;2,8;2,2;1,9;1,4;2,2;2,5;1,8;2,0;1,8;1,9;
1405062;"Żabia Wola (2)";3,8;3,4;3,0;2,2;2,3;1,5;2,5;2,3;1,7;1,6;1,6;1,8;
1406000;"Powiat grójecki";4,4;3,3;2,5;1,8;1,6;1,6;2,2;1,7;1,8;2,0;1,9;2,4;
1406012;"Belsk Duży (2)";3,0;2,4;1,6;1,1;1,1;1,0;1,7;1,2;1,5;1,8;1,4;2,0;
1406022;"Błędów (2)";3,3;2,7;1,8;1,5;1,3;1,1;1,5;1,3;1,2;1,5;1,4;1,6;
1406032;"Chynów (2)";4,3;3,3;2,2;1,9;1,6;1,6;2,1;1,5;1,5;1,8;1,8;2,4;
1406042;"Goszczyn (2)";3,4;3,0;1,9;1,4;1,5;1,4;1,3;1,3;2,3;2,6;1,8;2,0;
1406053;"Grójec (3)";4,8;3,4;2,7;2,0;1,8;1,7;2,4;2,0;2,0;2,0;2,3;2,6;
1406054;"Grójec - miasto (4)";0,0;0,0;0,0;0,0;0,0;1,7;2,5;2,0;2,0;2,1;2,5;2,8;
1406055;"Grójec - obszar wiejski (5)";0,0;0,0;0,0;0,0;0,0;1,9;2,2;2,0;2,1;2,0;2,0;2,2;
1406062;"Jasieniec (2)";5,4;3,7;2,6;2,0;1,4;1,1;2,0;1,2;1,5;2,1;2,1;2,7;
1406073;"Mogielnica (3)";4,2;3,1;2,0;1,7;1,6;1,5;2,1;1,4;2,0;1,8;1,7;2,4;
1406074;"Mogielnica - miasto (4)";0,0;0,0;0,0;0,0;0,0;2,0;3,0;2,2;2,6;2,1;2,3;3,2;
1406075;"Mogielnica - obszar wiejski (5)";0,0;0,0;0,0;0,0;0,0;1,3;1,8;1,2;1,8;1,7;1,5;2,1;
1406083;"Nowe Miasto nad Pilicą (3)";5,0;3,6;2,8;2,0;1,9;1,8;2,6;1,9;2,1;2,1;2,0;2,5;
1406084;"Nowe Miasto nad Pilicą - miasto (4)";0,0;0,0;0,0;0,0;0,0;1,7;2,6;2,0;2,5;2,7;2,2;2,9;
1406085;"Nowe Miasto nad Pilicą - obszar wiejski (5)";0,0;0,0;0,0;0,0;0,0;1,9;2,6;1,8;1,7;1,6;1,9;2,2;
1406092;"Pniewy (2)";4,7;3,3;3,0;1,9;1,5;1,7;2,7;1,8;1,6;2,0;2,0;2,4;
1406113;"Warka (3)";4,3;3,4;2,8;1,9;1,6;1,7;2,4;1,9;1,6;2,0;2,0;2,3;
1406114;"Warka - miasto (4)";0,0;0,0;0,0;0,0;0,0;1,9;2,6;1,9;1,6;2,1;2,1;2,5;
1406115;"Warka - obszar wiejski (5)";0,0;0,0;0,0;0,0;0,0;1,4;2,2;1,8;1,7;1,9;1,8;1,9;
1407000;"Powiat kozienicki";10,8;9,1;8,4;7,4;7,2;6,6;7,7;6,9;6,1;5,9;5,7;5,8;
1407012;"Garbatka-Letnisko (2)";15,3;12,8;12,4;11,0;10,2;9,8;10,6;9,7;8,5;8,0;8,1;8,1;
1407022;"Głowaczów (2)";12,4;10,3;9,6;8,4;8,5;7,2;8,6;8,4;7,1;6,9;;;
1407023;"Głowaczów (3)";;;;;;;;;;;6,8;6,8;
1407024;"Głowaczów - miasto (4)";;;;;;;;;;;6,7;4,8;
1407025;"Głowaczów - obszar wiejski (5)";;;;;;;;;;;6,9;7,1;
1407032;"Gniewoszów (2)";10,8;8,7;8,1;7,1;7,0;6,6;7,5;6,6;6,0;5,5;6,3;5,9;
1407042;"Grabów nad Pilicą (2)";8,9;8,2;8,0;7,2;5,9;4,9;6,4;6,0;5,4;5,6;5,0;4,3;
1407053;"Kozienice (3)";10,4;8,6;7,7;7,1;7,0;6,6;7,5;6,4;6,0;5,9;5,5;5,7;
1407054;"Kozienice - miasto (4)";0,0;0,0;0,0;0,0;0,0;6,2;7,4;6,1;5,9;5,7;5,2;5,6;
1407055;"Kozienice - obszar wiejski (5)";0,0;0,0;0,0;0,0;0,0;7,1;7,6;6,8;6,2;6,1;5,8;5,8;
1407062;"Magnuszew (2)";9,6;8,4;7,8;5,9;5,9;5,3;6,5;6,0;5,1;4,6;;;
1407063;"Magnuszew (3)";;;;;;;;;;;4,1;4,6;
1407064;"Magnuszew - miasto (4)";;;;;;;;;;;5,2;6,2;
1407065;"Magnuszew - obszar wiejski (5)";;;;;;;;;;;3,9;4,3;
1407072;"Sieciechów (2)";9,4;8,0;7,4;6,9;6,1;5,9;6,8;6,6;5,4;5,1;5,3;5,4;
1408000;"Powiat legionowski";6,6;5,7;5,2;3,6;3,4;3,2;3,9;3,4;2,7;2,8;2,7;3,2;
1408011;"Legionowo (1)";6,9;6,0;5,6;3,8;3,5;3,4;4,5;3,9;3,2;3,3;3,1;3,8;
1408022;"Jabłonna (2)";5,5;4,9;4,2;3,0;2,7;2,6;3,1;2,7;2,2;2,3;2,2;2,5;
1408032;"Nieporęt (2)";5,5;4,4;4,1;2,9;2,7;2,6;2,8;2,6;2,2;2,2;2,1;2,5;
1408043;"Serock (3)";8,0;6,5;6,1;4,3;4,2;3,6;4,8;4,3;3,1;3,2;3,1;3,6;
1408044;"Serock - miasto (4)";0,0;0,0;0,0;0,0;0,0;4,3;5,5;4,8;3,6;3,8;3,4;3,7;
1408045;"Serock - obszar wiejski (5)";0,0;0,0;0,0;0,0;0,0;3,3;4,5;4,0;2,9;3,0;3,0;3,5;
1408052;"Wieliszew (2)";6,8;5,7;5,0;3,8;3,6;3,3;3,5;2,9;2,0;2,0;2,2;2,7;
1409000;"Powiat lipski";11,5;10,5;9,8;8,7;7,8;7,9;9,1;8,4;8,1;8,1;8,1;8,3;
1409012;"Chotcza (2)";15,3;13,0;11,8;10,5;8,3;9,8;10,4;9,7;9,3;8,9;9,3;10,0;
1409022;"Ciepielów (2)";11,7;11,4;10,4;9,4;8,5;8,2;10,0;8,7;8,5;8,7;;;
1409023;"Ciepielów (3)";;;;;;;;;;;9,2;9,5;
1409024;"Ciepielów - miasto (4)";;;;;;;;;;;7,3;7,9;
1409025;"Ciepielów - obszar wiejski (5)";;;;;;;;;;;9,5;9,8;
1409033;"Lipsko (3)";11,0;9,7;9,2;8,1;7,3;7,4;8,3;8,4;8,2;8,1;7,8;8,0;
1409034;"Lipsko - miasto (4)";0,0;0,0;0,0;0,0;0,0;6,6;6,8;7,0;7,3;7,0;7,2;6,6;
1409035;"Lipsko - obszar wiejski (5)";0,0;0,0;0,0;0,0;0,0;8,2;9,8;9,7;9,1;9,0;8,3;9,2;
1409042;"Rzeczniów (2)";10,1;9,6;8,7;7,4;6,4;6,1;7,1;6,8;5,8;6,3;6,2;6,3;
1409052;"Sienno (2)";11,5;10,4;9,9;8,6;7,9;8,1;9,6;8,1;8,1;7,9;;;
1409053;"Sienno (3)";;;;;;;;;;;7,4;7,6;
1409054;"Sienno - miasto (4)";;;;;;;;;;;3,8;5,1;
1409055;"Sienno - obszar wiejski (5)";;;;;;;;;;;8,2;8,2;
1409062;"Solec nad Wisłą (2)";12,0;10,9;10,4;9,2;9,0;9,1;10,9;;;;;;
1409063;"Solec nad Wisłą (3)";;;;;;;;9,3;9,1;8,6;9,7;9,3;
1409064;"Solec nad Wisłą - miasto (4)";;;;;;;;10,4;10,2;8,3;9,8;7,5;
1409065;"Solec nad Wisłą - obszar wiejski (5)";;;;;;;;9,1;8,9;8,7;9,7;9,7;
1410000;"Powiat łosicki";9,2;8,3;6,9;5,3;4,8;3,7;4,6;4,6;3,7;3,5;3,6;4,0;
1410012;"Huszlew (2)";7,6;7,4;6,2;5,3;4,5;3,9;4,2;4,4;3,6;3,9;3,4;3,4;
1410023;"Łosice (3)";9,4;9,0;7,5;5,5;5,0;4,0;5,0;4,7;4,1;3,9;3,8;4,4;
1410024;"Łosice - miasto (4)";0,0;0,0;0,0;0,0;0,0;4,1;5,1;4,6;4,4;4,0;3,9;4,5;
1410025;"Łosice - obszar wiejski (5)";0,0;0,0;0,0;0,0;0,0;3,8;4,8;4,9;3,8;3,9;3,8;4,1;
1410032;"Olszanka (2)";6,2;5,7;4,6;4,1;3,9;2,7;3,2;3,4;2,7;2,2;2,8;2,8;
1410042;"Platerów (2)";10,5;8,6;7,4;5,5;5,1;3,3;5,0;4,9;3,5;3,5;3,6;4,4;
1410052;"Sarnaki (2)";9,4;8,1;7,1;5,9;4,8;4,1;5,2;4,7;4,0;3,2;3,6;3,8;
1410062;"Stara Kornica (2)";9,9;8,7;6,2;4,6;4,6;3,3;4,1;4,5;3,3;3,4;3,5;3,7;
1411000;"Powiat makowski";15,1;13,6;12,9;12,5;11,1;10,6;12,0;11,9;11,0;11,0;10,7;10,9;
1411011;"Maków Mazowiecki (1)";15,6;13,4;12,6;13,0;11,1;10,9;12,6;12,9;11,2;11,9;11,0;11,7;
1411022;"Czerwonka (2)";14,9;13,1;13,1;13,4;11,8;10,9;11,3;12,0;11,3;11,7;13,0;12,8;
1411032;"Karniewo (2)";12,6;11,7;10,6;11,0;9,8;9,1;11,0;10,0;9,6;10,1;9,2;9,2;
1411042;"Krasnosielc (2)";17,1;15,1;13,7;13,1;12,4;11,1;12,5;12,4;11,0;10,8;10,2;10,0;
1411052;"Młynarze (2)";14,4;13,4;12,9;12,1;9,6;9,1;10,4;9,9;8,8;9,7;8,5;9,9;
1411062;"Płoniawy-Bramura (2)";16,1;14,5;14,1;13,0;12,0;11,0;12,6;12,3;11,3;11,4;11,1;11,1;
1411073;"Różan (3)";15,9;15,9;14,9;12,9;11,0;11,5;11,9;12,4;11,5;10,8;12,2;12,3;
1411074;"Różan - miasto (4)";0,0;0,0;0,0;0,0;0,0;11,8;13,8;13,4;12,3;11,9;12,8;14,1;
1411075;"Różan - obszar wiejski (5)";0,0;0,0;0,0;0,0;0,0;11,0;9,0;10,9;10,2;9,1;11,2;9,3;
1411082;"Rzewnie (2)";15,8;13,7;13,8;12,7;11,0;10,6;12,7;11,2;11,1;10,4;10,1;10,5;
1411092;"Sypniewo (2)";11,7;11,1;10,5;10,0;8,4;9,1;11,3;11,4;11,3;10,0;10,6;10,5;
1411102;"Szelków (2)";15,2;12,7;12,5;12,7;11,7;11,2;11,8;12,2;12,3;11,3;10,5;10,9;
1412000;"Powiat miński";5,3;4,4;3,5;2,8;2,8;2,6;3,5;2,4;2,3;2,4;2,2;2,5;
1412011;"Mińsk Mazowiecki (1)";5,8;5,1;4,2;3,4;3,2;3,1;4,1;2,6;2,7;2,6;2,4;2,8;
1412042;"Cegłów (2)";6,2;4,6;3,8;3,2;2,8;2,9;3,8;3,4;;;;;
1412043;"Cegłów (3)";;;;;;;;;3,1;3,1;2,6;2,8;
1412044;"Cegłów - miasto (4)";;;;;;;;;2,3;2,6;2,5;2,9;
1412045;"Cegłów - obszar wiejski (5)";;;;;;;;;3,5;3,4;2,7;2,7;
1412052;"Dębe Wielkie (2)";5,0;3,9;3,0;2,7;2,5;2,5;3,4;2,4;2,4;2,7;2,3;2,3;
1412062;"Dobre (2)";5,0;4,3;3,2;2,5;2,5;2,4;3,2;2,7;2,1;2,5;;;
1412063;"Dobre (3)";;;;;;;;;;;2,1;2,6;
1412064;"Dobre - miasto (4)";;;;;;;;;;;1,0;1,8;
1412065;"Dobre - obszar wiejski (5)";;;;;;;;;;;2,6;3,0;
1412073;"Halinów (3)";4,6;3,7;3,1;2,8;2,5;2,2;3,2;2,3;1,9;1,9;1,8;1,9;
1412074;"Halinów - miasto (4)";0,0;0,0;0,0;0,0;0,0;2,1;3,4;3,0;2,7;2,1;2,0;2,8;
1412075;"Halinów - obszar wiejski (5)";0,0;0,0;0,0;0,0;0,0;2,3;3,1;2,1;1,7;1,9;1,8;1,7;
1412082;"Jakubów (2)";5,4;4,1;4,1;2,9;2,5;2,5;4,1;2,3;2,3;2,2;1,8;1,8;
1412093;"Kałuszyn (3)";7,2;6,6;4,6;3,6;3,6;3,3;4,4;3,2;3,2;3,1;2,8;3,6;
1412094;"Kałuszyn - miasto (4)";0,0;0,0;0,0;0,0;0,0;3,6;4,5;3,3;3,3;3,3;3,0;4,0;
1412095;"Kałuszyn - obszar wiejski (5)";0,0;0,0;0,0;0,0;0,0;3,0;4,4;3,2;3,1;2,9;2,6;3,2;
1412102;"Latowicz (2)";5,6;4,2;3,3;2,3;2,4;2,4;3,5;2,2;2,2;;;;
1412103;"Latowicz (3)";;;;;;;;;;2,3;2,3;2,4;
1412104;"Latowicz - miasto (4)";;;;;;;;;;3,0;2,6;2,5;
1412105;"Latowicz - obszar wiejski (5)";;;;;;;;;;2,1;2,2;2,3;
1412112;"Mińsk Mazowiecki (2)";6,5;5,0;3,9;3,0;3,0;2,6;3,6;2,5;2,4;2,3;2,2;2,6;
1412123;"Mrozy (3)";4,8;3,7;2,7;2,3;2,4;2,5;3,5;2,7;2,6;2,5;2,9;3,0;
1412124;"Mrozy - miasto (4)";0,0;0,0;0,0;0,0;0,0;2,2;3,1;2,5;2,6;2,0;2,0;2,5;
1412125;"Mrozy - obszar wiejski (5)";0,0;0,0;0,0;0,0;0,0;2,7;3,7;2,9;2,6;2,9;3,6;3,4;
1412132;"Siennica (2)";4,2;3,5;2,8;2,1;2,6;2,6;3,2;2,2;2,2;2,2;;;
1412133;"Siennica (3)";;;;;;;;;;;2,3;2,6;
1412134;"Siennica - miasto (4)";;;;;;;;;;;2,2;2,1;
1412135;"Siennica - obszar wiejski (5)";;;;;;;;;;;2,3;2,8;
1412142;"Stanisławów (2)";5,4;4,5;3,0;2,3;2,9;2,6;3,4;2,7;2,4;2,4;2,2;2,7;
1412151;"Sulejówek (1)";4,0;3,2;2,6;2,1;2,2;1,8;2,6;1,6;1,5;1,7;1,6;1,7;
1413000;"Powiat mławski";8,3;7,9;6,0;4,6;3,8;3,8;4,3;3,9;3,8;4,0;4,1;4,8;
1413011;"Mława (1)";8,3;8,1;6,0;4,7;4,1;4,2;4,6;4,2;4,2;4,2;4,6;5,5;
1413022;"Dzierzgowo (2)";8,0;8,0;6,5;4,3;3,4;4,0;3,6;4,0;3,8;3,6;4,1;4,1;
1413032;"Lipowiec Kościelny (2)";8,9;8,3;6,3;5,0;4,0;3,8;4,2;4,0;3,9;4,7;3,9;4,6;
1413042;"Radzanów (2)";8,6;7,3;5,8;4,4;3,2;3,7;4,1;4,0;3,3;3,2;3,8;3,5;
1413052;"Strzegowo (2)";8,3;7,5;6,3;5,0;3,6;3,8;4,0;3,5;3,6;4,3;3,8;4,3;
1413062;"Stupsk (2)";7,6;7,6;5,9;3,8;3,5;3,3;3,7;3,5;3,2;3,7;3,7;4,3;
1413072;"Szreńsk (2)";9,1;7,9;6,0;4,3;3,6;3,8;4,7;3,8;3,3;3,9;3,5;5,0;
1413082;"Szydłowo (2)";8,5;8,3;5,7;4,4;3,8;3,4;4,3;3,5;3,5;3,4;3,6;3,9;
1413092;"Wieczfnia Kościelna (2)";7,4;7,9;5,8;4,1;3,6;3,1;3,8;3,6;3,7;3,7;3,8;4,2;
1413102;"Wiśniewo (2)";7,6;7,7;5,5;4,4;3,5;3,5;4,3;3,9;3,6;3,3;3,9;4,3;
1414000;"Powiat nowodworski";7,3;6,0;5,2;3,9;3,9;3,8;4,7;4,3;4,3;4,1;3,8;4,5;
1414011;"Nowy Dwór Mazowiecki (1)";6,9;5,5;4,6;4,0;4,0;3,6;4,3;4,1;4,4;4,1;3,7;4,5;
1414022;"Czosnów (2)";5,0;3,9;3,6;3,2;2,9;3,0;3,6;3,4;3,1;3,0;3,0;3,6;
1414032;"Leoncin (2)";5,8;4,2;4,0;3,4;3,6;3,0;4,4;3,9;4,5;4,3;3,6;4,3;
1414043;"Nasielsk (3)";8,6;7,8;6,6;3,8;4,2;4,7;5,7;4,9;4,4;4,7;4,6;5,1;
1414044;"Nasielsk - miasto (4)";0,0;0,0;0,0;0,0;0,0;4,7;5,4;4,6;4,3;5,3;5,1;5,5;
1414045;"Nasielsk - obszar wiejski (5)";0,0;0,0;0,0;0,0;0,0;4,7;6,0;5,1;4,5;4,4;4,3;4,8;
1414052;"Pomiechówek (2)";7,1;6,0;5,2;3,6;3,8;3,6;4,7;4,3;4,2;3,6;3,5;4,3;
1414063;"Zakroczym (3)";9,5;7,5;6,5;5,6;4,8;4,0;5,4;5,5;5,5;4,4;4,4;5,6;
1414064;"Zakroczym - miasto (4)";0,0;0,0;0,0;0,0;0,0;3,8;5,3;5,2;5,8;4,5;4,6;5,9;
1414065;"Zakroczym - obszar wiejski (5)";0,0;0,0;0,0;0,0;0,0;4,2;5,5;5,8;5,1;4,4;4,2;5,3;
1415000;"Powiat ostrołęcki";10,0;8,9;8,3;6,8;5,9;5,4;6,1;5,7;5,2;5,4;5,1;5,3;
1415012;"Baranowo (2)";9,8;8,6;8,9;6,7;5,8;6,2;7,1;6,9;6,0;6,4;5,4;5,8;
1415022;"Czarnia (2)";9,0;7,8;6,9;6,0;4,4;3,9;5,7;4,9;5,0;4,6;4,4;4,6;
1415032;"Czerwin (2)";8,1;6,1;6,3;4,2;3,9;3,4;3,7;3,5;3,7;3,7;3,3;4,0;
1415042;"Goworowo (2)";10,2;8,3;8,1;6,9;6,8;5,4;6,4;5,8;4,0;4,2;4,3;4,2;
1415052;"Kadzidło (2)";9,8;8,2;7,0;5,0;4,3;4,1;4,9;4,5;3,9;4,2;4,4;4,6;
1415062;"Lelis (2)";11,4;10,1;9,6;7,4;5,9;5,9;7,2;6,4;6,8;6,9;5,6;6,2;
1415072;"Łyse (2)";7,6;7,7;7,3;6,6;5,9;5,8;6,2;6,0;4,5;5,1;5,4;5,5;
1415083;"Myszyniec (3)";10,7;9,7;9,1;8,4;6,4;5,6;6,4;5,5;5,4;5,6;5,9;6,1;
1415084;"Myszyniec - miasto (4)";0,0;0,0;0,0;0,0;0,0;7,1;8,5;6,7;6,1;6,3;6,7;7,1;
1415085;"Myszyniec - obszar wiejski (5)";0,0;0,0;0,0;0,0;0,0;4,9;5,4;4,9;5,1;5,3;5,6;5,7;
1415092;"Olszewo-Borki (2)";11,5;10,0;9,7;8,8;7,9;7,1;7,2;7,1;6,5;6,7;6,6;6,3;
1415102;"Rzekuń (2)";9,8;9,4;8,1;6,7;6,2;4,9;5,6;5,3;5,3;4,9;4,2;4,7;
1415112;"Troszyn (2)";10,5;9,7;8,6;5,7;4,9;4,7;5,7;4,5;5,1;5,0;4,5;4,5;
1416000;"Powiat ostrowski";9,1;8,0;7,5;6,3;5,6;5,4;6,8;6,0;5,9;5,8;5,8;6,0;
1416011;"Ostrów Mazowiecka (1)";10,4;8,6;8,3;7,3;6,6;6,3;8,1;6,7;6,9;6,3;6,5;6,9;
1416022;"Andrzejewo (2)";4,6;4,1;3,7;3,1;3,0;2,5;3,0;3,4;3,8;3,5;3,9;3,2;
1416032;"Boguty-Pianki (2)";4,5;4,1;4,1;3,5;3,0;3,1;2,9;3,1;2,3;2,6;2,6;2,7;
1416043;"Brok (3)";11,6;9,4;9,7;8,1;6,3;5,9;7,3;5,7;5,4;6,6;6,7;6,2;
1416044;"Brok - miasto (4)";0,0;0,0;0,0;0,0;0,0;5,9;7,5;6,1;6,3;7,4;8,1;7,1;
1416045;"Brok - obszar wiejski (5)";0,0;0,0;0,0;0,0;0,0;5,8;6,9;4,8;3,5;5,1;4,1;4,5;
1416052;"Małkinia Górna (2)";8,6;7,8;7,6;5,7;4,8;5,0;6,2;5,8;5,3;5,6;5,4;5,9;
1416062;"Nur (2)";5,0;6,3;5,6;4,3;4,4;4,0;5,0;5,7;5,0;5,3;4,9;4,5;
1416072;"Ostrów Mazowiecka (2)";10,5;9,6;8,4;7,5;6,6;6,2;7,9;6,6;6,5;6,4;6,2;6,8;
1416082;"Stary Lubotyń (2)";8,7;7,4;6,1;6,1;5,0;4,3;5,3;5,6;5,7;5,2;5,0;4,5;
1416092;"Szulborze Wielkie (2)";7,3;6,3;4,7;4,0;3,4;4,1;5,0;4,0;4,0;3,9;4,2;4,0;
1416102;"Wąsewo (2)";8,8;7,9;7,5;5,8;5,4;5,4;6,5;5,9;6,2;5,9;5,7;5,8;
1416112;"Zaręby Kościelne (2)";10,0;8,7;8,4;5,6;5,7;5,5;6,6;6,7;6,8;6,3;6,4;7,2;
1417000;"Powiat otwocki";4,9;4,1;3,8;3,3;2,7;2,5;3,3;2,8;2,3;2,2;2,2;2,8;
1417011;"Józefów (1)";4,2;3,5;3,4;3,0;2,5;2,3;3,0;2,6;1,9;2,0;2,0;2,6;
1417021;"Otwock (1)";5,7;4,7;4,4;3,8;3,2;2,9;3,8;3,5;2,8;2,7;2,7;3,6;
1417032;"Celestynów (2)";4,6;4,4;3,6;3,0;2,6;2,2;3,2;3,0;2,2;2,4;2,5;2,2;
1417043;"Karczew (3)";5,3;4,2;3,6;3,5;3,1;2,6;3,5;2,6;2,2;2,2;2,1;2,8;
1417044;"Karczew - miasto (4)";0,0;0,0;0,0;0,0;0,0;2,5;3,8;2,9;2,3;2,4;2,2;2,9;
1417045;"Karczew - obszar wiejski (5)";0,0;0,0;0,0;0,0;0,0;2,7;3,1;2,1;1,9;1,9;1,9;2,7;
1417052;"Kołbiel (2)";3,9;3,2;3,0;2,3;1,7;1,7;2,3;2,1;1,5;1,6;1,8;1,9;
1417062;"Osieck (2)";4,4;4,0;3,3;3,4;2,7;3,1;3,3;2,5;2,6;2,7;;;
1417063;"Osieck (3)";;;;;;;;;;;2,2;2,5;
1417064;"Osieck - miasto (4)";;;;;;;;;;;1,3;2,2;
1417065;"Osieck - obszar wiejski (5)";;;;;;;;;;;2,5;2,6;
1417072;"Sobienie-Jeziory (2)";4,0;3,1;3,1;2,9;2,2;2,0;2,7;2,1;2,0;2,0;2,1;1,9;
1417082;"Wiązowna (2)";4,4;3,9;3,4;2,6;2,4;2,1;2,6;2,1;1,7;1,5;1,5;2,1;
1418000;"Powiat piaseczyński";5,1;4,7;4,2;3,5;3,2;2,5;2,9;2,2;2,2;2,2;2,2;2,3;
1418013;"Góra Kalwaria (3)";6,0;5,5;4,9;4,1;3,8;3,3;4,0;3,1;3,0;3,0;2,6;3,0;
1418014;"Góra Kalwaria - miasto (4)";0,0;0,0;0,0;0,0;0,0;3,3;4,4;3,5;3,2;3,3;2,9;3,3;
1418015;"Góra Kalwaria - obszar wiejski (5)";0,0;0,0;0,0;0,0;0,0;3,2;3,8;2,7;2,8;2,7;2,5;2,8;
1418023;"Konstancin-Jeziorna (3)";6,1;5,0;4,6;3,8;3,5;2,9;3,5;2,9;2,9;2,9;3,0;3,1;
1418024;"Konstancin-Jeziorna - miasto (4)";0,0;0,0;0,0;0,0;0,0;3,3;3,8;3,1;3,2;3,0;3,2;3,2;
1418025;"Konstancin-Jeziorna - obszar wiejski (5)";0,0;0,0;0,0;0,0;0,0;2,1;3,0;2,4;2,4;2,7;2,5;3,0;
1418032;"Lesznowola (2)";4,3;3,9;3,5;2,9;2,5;1,9;2,0;1,5;1,4;1,3;1,2;1,5;
1418043;"Piaseczno (3)";4,7;4,3;3,8;3,2;2,9;2,3;2,6;1,9;2,0;2,1;2,2;2,2;
1418044;"Piaseczno - miasto (4)";0,0;0,0;0,0;0,0;0,0;2,4;2,9;2,1;2,1;2,2;2,3;2,3;
1418045;"Piaseczno - obszar wiejski (5)";0,0;0,0;0,0;0,0;0,0;2,2;2,3;1,8;1,8;1,9;2,0;2,0;
1418052;"Prażmów (2)";5,7;5,7;4,6;3,9;3,4;2,7;3,1;2,2;2,6;2,4;2,3;2,3;
1418063;"Tarczyn (3)";5,5;5,2;5,1;4,8;4,2;3,2;3,7;2,6;2,1;2,5;2,5;2,5;
1418064;"Tarczyn - miasto (4)";0,0;0,0;0,0;0,0;0,0;3,4;3,6;2,6;1,9;2,1;2,6;2,6;
1418065;"Tarczyn - obszar wiejski (5)";0,0;0,0;0,0;0,0;0,0;3,1;3,7;2,6;2,2;2,6;2,4;2,4;
1419000;"Powiat płocki";10,4;9,0;8,1;6,9;6,2;5,5;6,4;5,9;5,2;4,6;4,8;5,1;
1419012;"Bielsk (2)";11,1;9,3;8,2;7,2;7,2;5,8;6,8;6,5;5,6;4,7;5,3;5,7;
1419022;"Bodzanów (2)";10,8;8,7;7,5;6,2;5,7;5,5;6,9;5,7;4,4;;;;
1419023;"Bodzanów (3)";;;;;;;;;;4,6;5,0;4,9;
1419024;"Bodzanów - miasto (4)";;;;;;;;;;5,7;6,8;6,6;
1419025;"Bodzanów - obszar wiejski (5)";;;;;;;;;;4,4;4,6;4,5;
1419032;"Brudzeń Duży (2)";11,7;10,2;9,3;7,6;6,8;5,9;6,4;6,2;4,9;4,4;4,6;4,5;
1419042;"Bulkowo (2)";11,7;9,9;9,9;7,6;7,1;6,1;7,1;7,0;6,5;5,7;5,6;5,6;
1419053;"Drobin (3)";9,5;7,9;7,0;7,6;6,6;5,7;7,1;6,8;5,6;5,3;5,7;6,4;
1419054;"Drobin - miasto (4)";0,0;0,0;0,0;0,0;0,0;4,5;5,4;4,9;5,0;4,7;4,6;5,6;
1419055;"Drobin - obszar wiejski (5)";0,0;0,0;0,0;0,0;0,0;6,4;8,0;7,9;6,0;5,6;6,2;6,8;
1419063;"Gąbin (3)";11,4;10,1;8,3;7,7;6,7;5,6;6,1;5,4;5,2;4,8;4,9;5,3;
1419064;"Gąbin - miasto (4)";0,0;0,0;0,0;0,0;0,0;5,2;5,9;5,2;5,7;4,6;4,6;5,6;
1419065;"Gąbin - obszar wiejski (5)";0,0;0,0;0,0;0,0;0,0;5,9;6,2;5,6;5,0;4,9;5,0;5,2;
1419072;"Łąck (2)";12,9;11,3;11,0;9,3;8,3;6,9;8,3;7,6;6,1;5,4;5,5;5,1;
1419082;"Mała Wieś (2)";9,2;8,4;7,8;5,8;5,3;4,6;6,1;6,0;6,2;5,2;5,3;5,7;
1419092;"Nowy Duninów (2)";15,6;13,3;11,5;8,9;8,2;8,0;9,4;8,2;8,4;6,4;6,1;7,6;
1419102;"Radzanowo (2)";9,3;8,6;7,4;5,9;6,0;5,3;6,0;5,1;4,4;3,9;3,9;4,2;
1419112;"Słubice (2)";10,4;8,5;7,4;6,7;6,2;5,3;6,9;7,0;6,3;5,8;5,2;6,3;
1419122;"Słupno (2)";7,4;7,0;6,1;5,8;4,5;4,6;4,9;4,3;3,7;3,4;3,2;3,7;
1419132;"Stara Biała (2)";8,5;7,6;7,0;5,6;4,9;4,9;5,2;4,4;3,9;3,6;4,1;4,1;
1419142;"Staroźreby (2)";11,6;10,1;9,3;8,0;7,1;5,8;7,1;6,8;5,9;5,3;5,7;5,4;
1419153;"Wyszogród (3)";7,6;6,2;5,9;4,9;4,8;3,5;4,4;4,9;4,1;4,2;4,1;4,8;
1419154;"Wyszogród - miasto (4)";0,0;0,0;0,0;0,0;0,0;3,4;4,7;5,0;4,0;4,2;3,9;5,0;
1419155;"Wyszogród - obszar wiejski (5)";0,0;0,0;0,0;0,0;0,0;3,6;4,1;4,8;4,1;4,2;4,2;4,7;
1420000;"Powiat płoński";10,1;9,2;8,0;6,7;6,8;6,1;7,4;6,6;6,6;6,3;6,0;6,6;
1420011;"Płońsk (1)";10,5;9,8;8,3;7,2;7,9;7,1;8,2;7,1;7,3;6,9;6,9;7,6;
1420021;"Raciąż (1)";13,8;12,3;10,0;9,1;8,3;7,6;9,6;7,9;7,8;8,0;7,7;8,6;
1420032;"Baboszewo (2)";10,9;9,8;8,5;7,3;7,1;6,3;8,6;7,8;7,5;7,2;6,5;7,5;
1420042;"Czerwińsk nad Wisłą (2)";8,2;7,6;6,4;5,3;5,2;4,6;;;;;;;
1420043;"Czerwińsk nad Wisłą (3)";;;;;;;5,7;5,1;5,2;5,1;4,5;5,1;
1420044;"Czerwińsk nad Wisłą - miasto (4)";;;;;;;8,3;8,3;7,5;6,2;6,1;6,2;
1420045;"Czerwińsk nad Wisłą - obszar wiejski (5)";;;;;;;5,2;4,6;4,8;4,9;4,2;4,9;
1420052;"Dzierzążnia (2)";10,2;8,7;7,8;5,5;5,1;5,4;6,3;6,2;6,4;6,5;5,4;6,5;
1420062;"Joniec (2)";8,0;7,1;6,6;4,6;5,2;4,7;4,8;5,2;5,2;4,9;4,9;5,6;
1420072;"Naruszewo (2)";10,0;9,0;8,0;6,3;6,3;5,4;7,3;6,5;5,9;6,4;5,7;6,0;
1420082;"Nowe Miasto (2)";10,2;9,5;8,6;7,4;8,2;7,2;8,5;7,6;;;;;
1420083;"Nowe Miasto (3)";;;;;;;;;7,5;6,7;6,0;7,0;
1420084;"Nowe Miasto - miasto (4)";;;;;;;;;6,5;6,8;6,8;6,3;
1420085;"Nowe Miasto - obszar wiejski (5)";;;;;;;;;8,0;6,7;5,6;7,3;
1420092;"Płońsk (2)";10,4;10,0;9,1;8,2;7,1;6,9;8,1;6,8;6,9;6,0;5,9;6,1;
1420102;"Raciąż (2)";9,4;8,0;6,8;5,4;5,6;3,7;5,3;5,6;5,5;6,1;6,1;6,4;
1420112;"Sochocin (2)";10,9;9,5;9,1;7,3;7,7;6,4;7,6;;;;;;
1420113;"Sochocin (3)";;;;;;;;6,9;6,7;6,2;5,8;5,8;
1420114;"Sochocin - miasto (4)";;;;;;;;7,1;6,5;6,4;5,8;5,7;
1420115;"Sochocin - obszar wiejski (5)";;;;;;;;6,8;6,8;6,2;5,9;5,8;
1420122;"Załuski (2)";7,6;7,1;6,4;5,0;4,7;5,3;6,4;4,6;5,0;4,4;4,3;4,3;
1421000;"Powiat pruszkowski";4,8;4,3;3,8;3,0;2,6;2,2;2,7;2,2;1,7;1,6;1,6;2,0;
1421011;"Piastów (1)";4,9;4,5;4,0;3,3;2,9;2,3;3,0;2,5;1,9;1,8;1,9;2,1;
1421021;"Pruszków (1)";5,3;4,7;4,3;3,3;2,9;2,3;3,0;2,4;1,9;1,8;1,7;2,3;
1421033;"Brwinów (3)";5,0;4,7;4,1;3,2;2,8;2,3;2,6;2,2;1,7;1,6;1,5;1,9;
1421034;"Brwinów - miasto (4)";0,0;0,0;0,0;0,0;0,0;2,3;2,8;2,4;1,8;1,8;1,6;1,8;
1421035;"Brwinów - obszar wiejski (5)";0,0;0,0;0,0;0,0;0,0;2,3;2,5;2,1;1,5;1,4;1,5;2,0;
1421042;"Michałowice (2)";3,9;3,5;3,1;2,4;2,0;1,9;2,3;1,9;1,5;1,5;1,5;1,7;
1421052;"Nadarzyn (2)";4,1;3,8;3,2;2,4;2,4;1,9;2,3;1,8;1,3;1,3;1,3;1,6;
1421062;"Raszyn (2)";4,3;3,6;3,3;2,6;2,1;1,6;2,3;2,1;1,4;1,5;1,4;1,7;
1422000;"Powiat przasnyski";10,1;8,9;7,9;6,4;6,3;5,6;6,8;5,7;5,7;5,9;5,8;6,5;
1422011;"Przasnysz (1)";9,8;8,9;7,5;6,4;6,6;5,8;6,7;5,1;5,3;5,0;4,8;5,9;
1422023;"Chorzele (3)";9,4;8,3;7,2;5,6;5,5;5,1;6,1;5,8;5,9;6,3;6,7;6,9;
1422024;"Chorzele - miasto (4)";0,0;0,0;0,0;0,0;0,0;4,8;5,4;4,6;4,8;5,0;5,6;6,0;
1422025;"Chorzele - obszar wiejski (5)";0,0;0,0;0,0;0,0;0,0;5,2;6,4;6,4;6,3;6,9;7,2;7,3;
1422032;"Czernice Borowe (2)";11,2;9,0;7,7;5,8;5,0;4,7;6,3;5,8;5,2;5,7;5,9;6,4;
1422042;"Jednorożec (2)";11,9;10,9;10,0;8,0;7,8;7,1;8,3;7,7;7,4;8,4;7,9;8,3;
1422052;"Krasne (2)";7,6;6,9;6,5;5,2;5,3;4,5;5,8;4,2;5,1;5,3;4,7;5,0;
1422062;"Krzynowłoga Mała (2)";9,3;8,4;6,8;5,4;4,9;4,5;6,0;5,7;5,1;5,1;5,5;5,8;
1422072;"Przasnysz (2)";10,6;9,3;8,8;7,3;7,3;6,0;7,4;5,4;5,7;5,8;5,4;6,3;
1423000;"Powiat przysuski";18,4;17,9;16,4;14,5;13,7;13,5;14,0;12,5;12,2;11,7;11,3;11,7;
1423012;"Borkowice (2)";24,8;24,0;22,2;18,1;19,8;19,1;19,5;16,2;16,8;14,9;12,8;13,1;
1423022;"Gielniów (2)";24,0;22,4;20,9;16,9;16,1;16,3;16,9;15,8;14,9;14,2;;;
1423023;"Gielniów (3)";;;;;;;;;;;14,1;14,9;
1423024;"Gielniów - miasto (4)";;;;;;;;;;;12,2;11,5;
1423025;"Gielniów - obszar wiejski (5)";;;;;;;;;;;14,5;15,7;
1423032;"Klwów (2)";12,2;11,9;11,5;11,1;8,7;8,9;10,6;8,7;8,3;8,7;8,9;9,2;
1423042;"Odrzywół (2)";15,6;17,8;14,4;13,7;10,6;11,9;11,6;10,5;11,5;11,3;;;
1423043;"Odrzywół (3)";;;;;;;;;;;9,0;10,4;
1423044;"Odrzywół - miasto (4)";;;;;;;;;;;10,2;11,9;
1423045;"Odrzywół - obszar wiejski (5)";;;;;;;;;;;8,5;9,7;
1423052;"Potworów (2)";14,2;14,3;13,2;12,2;11,0;10,6;11,2;11,2;11,2;10,4;11,4;10,5;
1423063;"Przysucha (3)";16,3;15,6;14,4;12,9;12,1;11,9;12,6;11,3;10,4;10,1;10,5;10,6;
1423064;"Przysucha - miasto (4)";0,0;0,0;0,0;0,0;0,0;11,1;11,0;10,1;9,7;9,7;9,9;10,2;
1423065;"Przysucha - obszar wiejski (5)";0,0;0,0;0,0;0,0;0,0;12,7;14,2;12,4;11,1;10,4;11,0;11,0;
1423072;"Rusinów (2)";18,9;18,9;17,5;16,4;16,6;15,0;14,8;13,2;13,4;13,7;12,3;13,2;
1423082;"Wieniawa (2)";22,6;20,7;19,0;16,2;15,7;15,2;15,5;13,8;12,8;11,8;11,8;12,3;
1424000;"Powiat pułtuski";14,2;12,8;11,7;8,5;8,0;7,8;9,0;8,8;8,7;8,1;8,0;8,7;
1424012;"Gzy (2)";10,7;9,1;8,1;6,6;5,4;5,5;6,9;6,6;6,6;5,6;6,4;7,0;
1424022;"Obryte (2)";12,5;11,4;9,5;6,7;6,2;6,7;7,5;8,0;8,6;7,3;7,1;7,3;
1424032;"Pokrzywnica (2)";13,7;13,2;12,9;9,5;8,1;7,6;8,6;8,3;8,2;7,2;6,7;7,7;
1424043;"Pułtusk (3)";15,4;13,6;12,3;9,0;8,8;8,4;9,8;9,4;9,2;9,1;8,7;9,8;
1424044;"Pułtusk - miasto (4)";0,0;0,0;0,0;0,0;0,0;9,4;10,4;10,0;9,5;9,7;9,3;10,7;
1424045;"Pułtusk - obszar wiejski (5)";0,0;0,0;0,0;0,0;0,0;5,1;7,6;7,2;8,0;6,8;6,7;6,5;
1424052;"Świercze (2)";13,6;12,9;12,8;8,7;9,1;8,8;9,1;9,2;9,3;8,5;8,2;8,8;
1424062;"Winnica (2)";12,6;10,5;10,3;6,8;7,3;6,5;8,2;8,2;7,7;7,0;7,0;6,8;
1424072;"Zatory (2)";14,9;14,1;12,1;8,9;7,7;8,0;9,0;9,1;8,4;7,7;8,3;8,6;
1425000;"Powiat radomski";15,4;14,2;12,5;10,6;10,0;9,5;10,7;9,1;8,3;8,3;8,2;8,6;
1425011;"Pionki (1)";13,8;12,1;10,3;8,7;8,6;8,4;10,9;9,2;8,1;8,5;7,9;8,6;
1425022;"Gózd (2)";17,7;17,0;14,2;12,1;11,8;10,6;12,2;10,4;8,9;8,4;8,2;8,6;
1425033;"Iłża (3)";17,2;16,7;15,0;13,7;12,3;11,5;12,5;11,4;10,9;11,0;10,3;10,5;
1425034;"Iłża - miasto (4)";0,0;0,0;0,0;0,0;0,0;11,1;12,1;10,4;10,4;11,2;10,0;10,8;
1425035;"Iłża - obszar wiejski (5)";0,0;0,0;0,0;0,0;0,0;11,7;12,7;11,9;11,2;10,9;10,4;10,4;
1425042;"Jastrzębia (2)";12,9;11,8;10,0;8,1;7,8;7,4;8,6;7,2;5,9;5,8;5,7;5,9;
1425052;"Jedlińsk (2)";12,7;11,6;10,3;8,1;7,4;7,3;8,3;6,9;5,8;6,3;6,6;6,9;
1425062;"Jedlnia-Letnisko (2)";12,5;11,6;11,4;10,2;10,1;8,7;9,5;8,6;;;;;
1425063;"Jedlnia-Letnisko (3)";;;;;;;;;8,3;8,4;8,0;8,1;
1425064;"Jedlnia-Letnisko - miasto (4)";;;;;;;;;8,3;8,4;8,5;8,3;
1425065;"Jedlnia-Letnisko - obszar wiejski (5)";;;;;;;;;8,3;8,4;7,8;8,0;
1425072;"Kowala (2)";14,7;13,1;11,0;9,2;9,3;9,0;9,7;7,5;6,6;6,4;6,6;7,4;
1425082;"Pionki (2)";19,0;16,4;13,8;11,5;11,6;11,5;12,8;10,7;10,1;9,6;9,1;10,1;
1425092;"Przytyk (2)";18,7;17,9;16,4;14,0;12,4;10,3;11,6;10,7;10,4;10,6;;;
1425093;"Przytyk (3)";;;;;;;;;;;10,1;10,4;
1425094;"Przytyk - miasto (4)";;;;;;;;;;;10,9;12,9;
1425095;"Przytyk - obszar wiejski (5)";;;;;;;;;;;9,9;10,0;
1425103;"Skaryszew (3)";16,1;15,0;13,5;10,9;10,5;9,9;10,9;9,8;9,3;9,2;9,3;9,6;
1425104;"Skaryszew - miasto (4)";0,0;0,0;0,0;0,0;0,0;10,6;13,3;11,6;10,3;10,3;10,7;11,3;
1425105;"Skaryszew - obszar wiejski (5)";0,0;0,0;0,0;0,0;0,0;9,5;10,0;9,1;8,9;8,7;8,8;9,0;
1425112;"Wierzbica (2)";18,9;17,3;15,1;13,7;12,6;13,1;14,3;13,0;12,0;12,3;12,2;11,6;
1425122;"Wolanów (2)";15,7;15,0;13,3;10,0;9,4;8,9;9,8;7,7;6,7;6,9;7,0;8,1;
1425132;"Zakrzew (2)";14,1;12,9;10,8;9,4;8,4;8,0;9,1;7,1;6,4;6,3;6,5;7,0;
1426000;"Powiat siedlecki";6,1;5,4;4,6;3,9;3,5;2,7;3,2;3,0;2,9;2,7;2,7;3,1;
1426012;"Domanice (2)";7,6;6,7;5,7;5,3;4,8;3,3;4,0;3,3;3,4;3,0;3,2;3,4;
1426022;"Korczew (2)";8,1;7,2;6,2;5,0;5,0;4,0;5,1;4,5;4,4;5,1;4,5;5,4;
1426032;"Kotuń (2)";5,5;5,1;4,7;3,8;3,4;2,7;3,1;3,4;3,3;2,8;3,1;3,3;
1426042;"Mokobody (2)";5,5;4,9;4,4;3,3;3,1;2,2;2,3;2,5;2,2;2,7;2,3;2,8;
1426053;"Mordy (3)";6,8;6,2;4,7;4,3;4,2;3,5;4,5;3,9;3,6;2,9;3,8;4,0;
1426054;"Mordy - miasto (4)";0,0;0,0;0,0;0,0;0,0;4,9;7,5;5,5;5,2;4,4;4,9;5,5;
1426055;"Mordy - obszar wiejski (5)";0,0;0,0;0,0;0,0;0,0;2,9;3,2;3,2;2,9;2,3;3,3;3,3;
1426062;"Paprotnia (2)";4,7;3,7;2,8;2,4;2,1;2,1;2,6;2,7;1,8;1,8;2,6;2,8;
1426072;"Przesmyki (2)";5,4;4,9;4,4;3,7;3,4;2,8;3,5;4,4;3,7;2,8;3,0;4,0;
1426082;"Siedlce (2)";6,2;5,3;4,7;4,2;3,4;2,6;2,9;2,6;2,6;2,6;2,5;2,7;
1426092;"Skórzec (2)";5,7;5,3;4,1;4,3;3,4;2,6;3,0;2,7;2,7;2,6;2,4;3,3;
1426102;"Suchożebry (2)";6,2;5,8;5,0;4,1;3,1;3,0;3,4;3,4;3,2;2,9;2,8;3,5;
1426112;"Wiśniew (2)";6,4;5,4;4,4;3,5;3,8;2,7;3,1;2,7;2,5;2,4;2,3;2,6;
1426122;"Wodynie (2)";6,9;6,3;5,6;3,8;3,9;2,6;3,7;3,7;3,6;3,2;2,9;3,2;
1426132;"Zbuczyn (2)";5,6;4,9;4,1;3,4;2,9;2,5;2,9;2,6;2,4;2,4;2,6;2,6;
1427000;"Powiat sierpecki";12,8;11,5;11,1;9,9;9,6;8,7;9,8;8,0;7,0;7,1;7,2;7,7;
1427011;"Sierpc (1)";12,1;10,9;10,3;9,3;8,8;8,0;9,0;7,0;6,3;6,4;6,6;7,4;
1427022;"Gozdowo (2)";11,4;10,6;10,8;9,8;8,9;8,6;9,3;7,1;5,0;5,6;5,0;6,1;
1427032;"Mochowo (2)";15,0;13,3;13,1;11,8;12,0;11,3;12,4;10,9;9,5;9,7;10,5;10,1;
1427042;"Rościszewo (2)";13,5;12,1;12,3;11,3;10,7;8,9;10,6;9,1;7,9;7,4;8,7;8,2;
1427052;"Sierpc (2)";14,7;13,1;12,5;11,0;11,4;9,6;10,9;7,6;7,6;7,2;7,0;7,8;
1427062;"Szczutowo (2)";13,6;11,3;11,2;9,0;9,0;8,2;8,8;7,4;6,2;6,7;6,6;7,4;
1427072;"Zawidz (2)";11,0;10,2;9,6;8,6;7,7;7,5;8,8;8,8;7,7;7,6;7,5;7,8;
1428000;"Powiat sochaczewski";6,9;5,7;5,4;4,6;4,0;3,2;3,4;2,7;2,0;1,6;1,8;2,3;
1428011;"Sochaczew (1)";7,4;6,2;5,9;5,0;4,5;3,5;4,3;3,2;2,3;1,7;1,9;2,7;
1428022;"Brochów (2)";9,9;9,1;7,9;6,7;5,9;4,3;4,0;3,7;3,0;1,9;2,7;2,3;
1428032;"Iłów (2)";6,8;6,1;5,7;5,2;4,7;3,6;3,4;2,6;1,8;1,7;2,2;2,3;
1428042;"Młodzieszyn (2)";8,2;6,1;5,6;4,5;3,7;2,7;3,2;2,4;1,7;1,5;1,8;2,2;
1428052;"Nowa Sucha (2)";6,1;4,0;4,8;3,6;2,8;2,9;2,8;2,4;1,8;1,9;1,6;2,1;
1428062;"Rybno (2)";6,8;4,0;3,7;2,7;2,0;2,3;1,7;2,5;1,8;1,1;0,9;1,5;
1428072;"Sochaczew (2)";6,0;5,2;5,1;4,4;3,9;3,2;2,7;2,2;1,9;1,4;1,5;1,9;
1428082;"Teresin (2)";5,2;4,3;4,0;3,4;3,1;2,1;2,4;2,0;1,4;1,3;1,6;1,8;
1429000;"Powiat sokołowski";7,8;6,7;5,8;4,7;4,1;4,0;4,8;4,1;4,0;3,7;3,8;4,0;
1429011;"Sokołów Podlaski (1)";9,4;8,1;7,2;6,1;5,2;5,1;5,7;4,9;4,9;4,6;4,4;4,9;
1429022;"Bielany (2)";6,1;6,1;5,0;3,6;3,9;3,2;3,9;3,1;2,9;2,6;2,6;2,5;
1429032;"Ceranów (2)";8,0;6,2;5,5;4,9;3,8;4,1;4,7;4,8;4,3;4,2;4,6;4,7;
1429042;"Jabłonna Lacka (2)";7,1;6,1;4,5;3,3;3,5;3,2;3,9;3,2;3,7;2,8;2,6;3,3;
1429053;"Kosów Lacki (3)";6,8;5,4;4,8;3,3;3,3;3,2;4,1;3,6;3,8;3,3;3,5;3,3;
1429054;"Kosów Lacki - miasto (4)";0,0;0,0;0,0;0,0;0,0;3,2;3,9;3,6;3,9;3,9;3,5;2,9;
1429055;"Kosów Lacki - obszar wiejski (5)";0,0;0,0;0,0;0,0;0,0;3,2;4,2;3,7;3,7;3,0;3,5;3,6;
1429062;"Repki (2)";6,4;5,4;4,8;3,8;2,8;3,0;4,3;3,0;2,9;2,8;2,8;3,3;
1429072;"Sabnie (2)";7,7;6,6;5,3;4,6;3,5;3,9;4,7;4,2;2,9;3,3;3,1;3,5;
1429082;"Sokołów Podlaski (2)";7,3;6,5;5,9;4,6;4,0;4,1;5,1;4,2;4,0;3,5;4,8;4,2;
1429092;"Sterdyń (2)";6,9;5,4;5,1;3,7;3,3;3,6;3,9;3,6;3,4;2,8;3,3;3,7;
1430000;"Powiat szydłowiecki";20,6;18,3;17,0;15,1;14,3;13,6;15,2;14,2;13,7;13,6;13,1;12,2;
1430012;"Chlewiska (2)";23,3;20,4;19,6;18,0;17,9;15,8;18,3;17,0;17,2;17,7;15,9;14,4;
1430022;"Jastrząb (2)";21,1;19,7;17,0;14,9;13,4;13,2;15,0;13,6;12,9;;;;
1430023;"Jastrząb (3)";;;;;;;;;;12,4;11,9;11,2;
1430024;"Jastrząb - miasto (4)";;;;;;;;;;10,5;8,6;9,1;
1430025;"Jastrząb - obszar wiejski (5)";;;;;;;;;;13,0;12,9;11,9;
1430032;"Mirów (2)";23,3;20,7;18,2;16,9;14,8;14,7;16,9;15,6;15,3;14,1;14,1;12,5;
1430042;"Orońsko (2)";21,8;17,9;17,2;14,8;14,1;14,1;15,0;13,2;12,3;12,7;12,0;11,0;
1430053;"Szydłowiec (3)";18,6;16,9;15,8;14,0;13,5;12,7;14,0;13,6;12,9;12,7;12,7;12,1;
1430054;"Szydłowiec - miasto (4)";0,0;0,0;0,0;0,0;0,0;10,5;11,9;11,6;10,9;11,2;11,0;10,7;
1430055;"Szydłowiec - obszar wiejski (5)";0,0;0,0;0,0;0,0;0,0;16,3;17,2;16,6;16,0;15,0;15,1;14,2;
1432000;"Powiat warszawski zachodni";4,3;3,4;2,6;2,0;1,8;1,5;1,9;1,6;1,4;1,3;1,3;1,6;
1432013;"Błonie (3)";4,4;3,4;2,0;1,6;1,5;1,0;1,7;1,4;1,0;1,0;1,2;1,5;
1432014;"Błonie - miasto (4)";0,0;0,0;0,0;0,0;0,0;1,0;1,9;1,5;1,3;1,1;1,4;1,7;
1432015;"Błonie - obszar wiejski (5)";0,0;0,0;0,0;0,0;0,0;0,9;1,5;1,2;0,7;0,8;0,9;1,4;
1432022;"Izabelin (2)";4,7;4,1;3,4;2,4;2,1;2,1;2,6;2,5;2,0;1,7;1,7;1,9;
1432032;"Kampinos (2)";6,0;5,2;3,9;3,1;2,6;2,3;2,7;2,9;2,1;2,0;1,9;1,9;
1432042;"Leszno (2)";5,6;4,0;3,4;3,0;2,3;1,8;2,0;1,8;1,9;1,6;1,7;1,6;
1432053;"Łomianki (3)";3,9;3,1;2,6;2,2;2,0;1,6;2,1;1,9;1,9;1,8;1,6;2,0;
1432054;"Łomianki - miasto (4)";0,0;0,0;0,0;0,0;0,0;1,7;2,2;2,2;2,2;2,0;1,9;2,2;
1432055;"Łomianki - obszar wiejski (5)";0,0;0,0;0,0;0,0;0,0;1,5;2,0;1,6;1,4;1,5;1,3;1,8;
1432063;"Ożarów Mazowiecki (3)";3,9;2,7;2,0;1,5;1,4;1,3;1,7;1,2;0,9;1,0;1,1;1,4;
1432064;"Ożarów Mazowiecki - miasto (4)";0,0;0,0;0,0;0,0;0,0;1,4;1,7;1,1;1,0;0,9;1,0;1,4;
1432065;"Ożarów Mazowiecki - obszar wiejski (5)";0,0;0,0;0,0;0,0;0,0;1,1;1,7;1,3;0,9;1,0;1,1;1,5;
1432072;"Stare Babice (2)";3,9;3,5;2,8;1,8;1,6;1,4;1,7;1,3;1,0;1,1;1,0;1,0;
1433000;"Powiat węgrowski";8,6;7,0;6,1;4,5;4,1;3,7;5,1;4,1;3,5;3,2;3,2;3,5;
1433011;"Węgrów (1)";9,2;7,3;6,0;4,6;4,4;4,0;5,5;3,7;4,0;3,8;3,7;4,1;
1433022;"Grębków (2)";6,0;4,7;4,3;3,2;2,7;2,5;3,5;3,1;3,0;2,8;2,5;2,9;
1433032;"Korytnica (2)";7,9;6,6;5,4;4,1;3,7;3,0;4,4;3,4;3,1;2,4;2,6;2,8;
1433042;"Liw (2)";9,1;7,3;6,8;5,1;4,0;4,0;4,6;3,6;3,1;3,0;2,8;2,6;
1433053;"Łochów (3)";9,4;7,5;7,0;5,0;4,7;3,8;5,6;4,9;3,7;3,2;3,3;3,7;
1433054;"Łochów - miasto (4)";0,0;0,0;0,0;0,0;0,0;3,3;5,1;4,2;3,2;3,0;3,3;2,9;
1433055;"Łochów - obszar wiejski (5)";0,0;0,0;0,0;0,0;0,0;4,2;6,0;5,3;4,0;3,3;3,4;4,3;
1433062;"Miedzna (2)";6,0;4,1;3,9;2,7;2,6;2,8;3,5;3,0;2,2;2,1;1,9;2,6;
1433072;"Sadowne (2)";9,0;9,1;7,3;5,3;4,3;4,4;6,3;4,7;4,1;3,8;3,8;4,3;
1433082;"Stoczek (2)";9,5;7,8;6,1;4,3;4,5;4,0;5,4;5,0;3,7;4,0;3,3;3,2;
1433092;"Wierzbno (2)";5,7;4,8;4,2;3,4;2,6;3,3;4,0;4,0;3,0;2,6;2,5;3,2;
1434000;"Powiat wołomiński";8,0;6,9;6,0;4,5;4,0;3,5;4,2;3,8;3,4;3,0;2,7;3,4;
1434011;"Kobyłka (1)";7,5;6,6;5,7;3,9;4,2;3,4;4,0;3,3;2,8;2,2;2,1;2,8;
1434021;"Marki (1)";6,1;5,1;4,3;3,3;3,0;2,6;3,2;2,6;2,6;2,4;2,4;2,7;
1434031;"Ząbki (1)";4,9;3,8;3,6;2,6;2,4;1,9;2,3;2,1;1,9;1,5;1,5;1,8;
1434041;"Zielonka (1)";7,2;5,8;5,4;3,8;3,7;3,4;4,1;3,9;3,1;2,9;2,4;3,1;
1434052;"Dąbrówka (2)";8,6;8,1;6,3;4,6;4,0;3,1;3,9;3,3;3,6;3,4;3,6;4,4;
1434062;"Jadów (2)";11,8;10,5;9,2;7,0;6,5;6,7;8,6;7,5;7,2;;;;
1434063;"Jadów (3)";;;;;;;;;;6,8;6,0;7,0;
1434064;"Jadów - miasto (4)";;;;;;;;;;6,5;6,0;7,1;
1434065;"Jadów - obszar wiejski (5)";;;;;;;;;;6,9;6,0;7,0;
1434072;"Klembów (2)";9,1;8,5;7,5;5,9;4,5;4,4;5,3;4,7;4,5;3,9;3,7;4,4;
1434082;"Poświętne (2)";9,6;7,1;5,8;4,3;4,2;3,7;4,6;4,6;4,6;3,5;2,3;3,1;
1434093;"Radzymin (3)";8,5;7,3;6,0;4,6;4,3;3,5;4,5;4,1;4,0;3,4;3,2;4,1;
1434094;"Radzymin - miasto (4)";0,0;0,0;0,0;0,0;0,0;3,3;4,1;3,8;3,7;3,3;3,2;4,3;
1434095;"Radzymin - obszar wiejski (5)";0,0;0,0;0,0;0,0;0,0;3,6;4,8;4,4;4,3;3,6;3,2;3,9;
1434102;"Strachówka (2)";11,9;11,0;9,3;6,4;4,8;4,0;5,3;5,5;4,5;6,2;5,8;5,6;
1434113;"Tłuszcz (3)";9,9;9,0;7,8;6,2;4,9;4,9;5,8;5,6;5,3;4,9;4,4;5,2;
1434114;"Tłuszcz - miasto (4)";0,0;0,0;0,0;0,0;0,0;4,2;5,5;5,1;4,6;4,3;4,1;4,8;
1434115;"Tłuszcz - obszar wiejski (5)";0,0;0,0;0,0;0,0;0,0;5,3;6,1;6,0;5,8;5,3;4,5;5,5;
1434123;"Wołomin (3)";9,1;8,1;7,4;5,7;4,8;4,3;5,2;4,7;4,1;3,2;2,7;3,6;
1434124;"Wołomin - miasto (4)";0,0;0,0;0,0;0,0;0,0;4,5;5,4;4,9;4,2;3,4;2,8;3,8;
1434125;"Wołomin - obszar wiejski (5)";0,0;0,0;0,0;0,0;0,0;3,8;4,7;4,2;3,7;2,9;2,4;3,3;
1435000;"Powiat wyszkowski";6,8;5,4;4,6;3,5;2,9;2,3;3,9;2,4;2,3;2,2;2,3;3,0;
1435012;"Brańszczyk (2)";6,5;5,3;4,7;3,7;2,6;1,8;3,9;2,3;2,1;2,0;2,1;2,8;
1435022;"Długosiodło (2)";8,1;6,2;5,3;3,6;3,4;2,7;4,7;3,4;3,2;2,6;3,2;3,6;
1435032;"Rząśnik (2)";6,3;5,3;3,8;3,2;2,6;1,8;3,6;2,6;2,6;2,6;2,7;2,6;
1435042;"Somianka (2)";6,1;5,2;3,7;2,6;2,6;2,0;3,6;2,0;2,3;2,0;1,8;2,8;
1435053;"Wyszków (3)";6,9;5,3;4,7;3,7;3,1;2,4;3,9;2,3;2,3;2,3;2,2;3,1;
1435054;"Wyszków - miasto (4)";0,0;0,0;0,0;0,0;0,0;2,5;4,0;2,3;2,3;2,4;2,3;3,3;
1435055;"Wyszków - obszar wiejski (5)";0,0;0,0;0,0;0,0;0,0;2,2;3,6;2,3;2,1;2,2;2,0;2,7;
1435062;"Zabrodzie (2)";5,9;5,0;4,2;3,0;2,3;1,8;3,1;1,7;1,8;1,4;2,0;2,1;
1436000;"Powiat zwoleński";13,8;12,6;10,0;7,7;7,1;6,5;8,5;7,7;7,7;7,2;7,4;7,5;
1436012;"Kazanów (2)";14,6;14,5;11,9;9,4;8,1;7,6;9,1;8,9;8,4;7,4;8,9;;
1436013;"Kazanów (3)";;;;;;;;;;;;8,7;
1436014;"Kazanów - miasto (4)";;;;;;;;;;;;4,7;
1436015;"Kazanów - obszar wiejski (5)";;;;;;;;;;;;9,2;
1436022;"Policzna (2)";14,4;14,0;10,2;7,5;7,9;7,0;8,7;8,2;8,3;7,9;7,9;7,6;
1436032;"Przyłęk (2)";12,1;10,5;7,8;6,4;5,8;4,5;6,3;5,4;5,8;5,3;5,7;5,9;
1436042;"Tczów (2)";14,8;13,2;11,3;7,4;6,4;6,6;8,6;8,3;8,3;7,7;7,5;7,8;
1436053;"Zwoleń (3)";13,7;12,2;9,8;7,8;7,3;6,8;9,2;8,0;7,8;7,5;7,5;7,6;
1436054;"Zwoleń - miasto (4)";0,0;0,0;0,0;0,0;0,0;6,9;9,6;8,2;7,8;7,1;7,5;8,4;
1436055;"Zwoleń - obszar wiejski (5)";0,0;0,0;0,0;0,0;0,0;6,6;8,8;7,8;7,9;7,8;7,5;7,0;
1437000;"Powiat żuromiński";14,8;13,6;11,9;10,5;10,4;10,2;10,9;10,1;9,8;9,0;8,7;9,7;
1437013;"Bieżuń (3)";13,6;13,2;10,8;9,1;10,1;9,3;10,5;11,0;9,1;8,6;8,1;9,8;
1437014;"Bieżuń - miasto (4)";0,0;0,0;0,0;0,0;0,0;11,8;13,5;12,0;11,1;10,0;9,7;11,0;
1437015;"Bieżuń - obszar wiejski (5)";0,0;0,0;0,0;0,0;0,0;7,9;8,8;10,4;8,0;7,8;7,2;9,2;
1437022;"Kuczbork-Osada (2)";15,1;15,3;13,5;11,0;11,3;12,4;12,7;10,9;11,8;9,4;9,4;10,2;
1437032;"Lubowidz (2)";16,9;14,5;12,8;12,1;12,2;;;;;;;;
1437033;"Lubowidz (3)";;;;;;10,7;11,5;11,2;11,2;10,5;9,8;11,6;
1437034;"Lubowidz - miasto (4)";;;;;;9,7;9,6;10,6;11,1;11,1;10,5;12,3;
1437035;"Lubowidz - obszar wiejski (5)";;;;;;11,0;12,1;11,4;11,2;10,3;9,6;11,4;
1437042;"Lutocin (2)";12,8;11,8;10,3;9,1;9,0;8,4;9,8;8,1;8,7;7,6;7,2;7,4;
1437052;"Siemiątkowo (2)";16,0;14,2;12,0;10,8;9,7;10,3;10,6;9,6;8,6;9,3;9,0;10,0;
1437063;"Żuromin (3)";14,5;13,2;11,7;10,5;9,9;10,1;10,5;9,7;9,4;8,6;8,6;9,1;
1437064;"Żuromin - miasto (4)";0,0;0,0;0,0;0,0;0,0;9,7;9,8;9,2;9,1;8,1;8,3;8,6;
1437065;"Żuromin - obszar wiejski (5)";0,0;0,0;0,0;0,0;0,0;10,7;11,5;10,6;9,9;9,4;9,2;9,9;
1438000;"Powiat żyrardowski";8,8;8,0;7,6;6,5;6,2;5,8;6,7;5,9;5,4;5,3;5,5;5,7;
1438011;"Żyrardów (1)";9,2;8,2;7,8;6,7;6,4;5,9;7,0;6,3;5,6;5,5;5,9;6,2;
1438023;"Mszczonów (3)";6,7;6,1;6,0;5,1;5,0;4,5;5,8;4,8;4,5;4,3;4,5;4,4;
1438024;"Mszczonów - miasto (4)";0,0;0,0;0,0;0,0;0,0;4,2;5,1;4,2;4,2;3,9;4,3;4,4;
1438025;"Mszczonów - obszar wiejski (5)";0,0;0,0;0,0;0,0;0,0;4,8;6,6;5,4;4,8;4,8;4,6;4,4;
1438032;"Puszcza Mariańska (2)";8,5;8,4;8,4;6,7;6,4;6,1;6,7;6,2;5,6;5,7;5,6;5,7;
1438042;"Radziejowice (2)";8,5;7,3;6,6;5,5;5,2;5,0;5,6;4,6;4,4;4,3;4,5;4,5;
1438052;"Wiskitki (2)";10,0;9,3;8,6;7,7;6,9;7,1;7,2;;;;;;
1438053;"Wiskitki (3)";;;;;;;;6,3;6,1;6,1;6,1;6,4;
1438054;"Wiskitki - miasto (4)";;;;;;;;7,9;7,2;7,2;8,1;7,7;
1438055;"Wiskitki - obszar wiejski (5)";;;;;;;;6,1;5,9;5,9;5,8;6,2;
1461000;"Powiat m. Ostrołęka";11,0;9,9;9,8;8,3;7,3;6,8;8,0;7,0;6,6;6,6;6,1;6,8;
1461011;"Ostrołęka (1)";11,0;9,9;9,8;8,3;7,3;6,8;8,0;7,0;6,6;6,6;6,1;6,8;
1462000;"Powiat m. Płock";9,9;8,5;7,3;6,3;6,0;5,5;6,6;5,8;5,5;5,0;4,7;5,0;
1462011;"Płock (1)";9,9;8,5;7,3;6,3;6,0;5,5;6,6;5,8;5,5;5,0;4,7;5,0;
1463000;"Powiat m. Radom";13,6;12,6;11,2;9,4;8,8;8,3;9,6;7,9;7,1;7,1;7,4;8,0;
1463011;"Radom (1)";13,6;12,6;11,2;9,4;8,8;8,3;9,6;7,9;7,1;7,1;7,4;8,0;
1464000;"Powiat m. Siedlce";6,9;5,9;5,3;4,3;4,0;3,2;3,9;3,6;3,4;3,0;3,2;3,9;
1464011;"Siedlce (1)";6,9;5,9;5,3;4,3;4,0;3,2;3,9;3,6;3,4;3,0;3,2;3,9;
1465000;"Powiat m. st. Warszawa";4,6;3,8;3,2;2,5;1,9;1,7;2,2;2,2;1,8;1,6;1,7;1,8;
1465011;"M.st.Warszawa od 2002 (1)";4,6;3,8;3,2;2,5;1,9;1,7;2,2;2,2;1,8;1,6;1,7;1,8;
1600000;"OPOLSKIE";6,6;5,7;5,2;4,2;3,7;3,5;4,3;3,8;3,7;3,7;3,7;4,0;
1601000;"Powiat brzeski";8,7;7,0;6,4;5,2;4,5;4,0;4,7;4,5;4,4;4,6;4,5;4,7;
1601011;"Brzeg (1)";7,9;6,2;5,8;5,0;4,5;3,9;4,9;4,6;4,4;4,5;4,7;4,9;
1601022;"Skarbimierz (2)";7,1;6,1;5,6;4,7;3,9;3,2;4,1;3,8;3,7;4,0;3,8;3,3;
1601033;"Grodków (3)";10,5;8,9;7,6;5,9;4,8;4,3;5,1;5,1;5,1;5,4;5,4;5,7;
1601034;"Grodków - miasto (4)";0,0;0,0;0,0;0,0;0,0;4,0;4,9;4,6;5,0;5,1;5,5;5,4;
1601035;"Grodków - obszar wiejski (5)";0,0;0,0;0,0;0,0;0,0;4,5;5,2;5,4;5,1;5,6;5,3;5,9;
1601043;"Lewin Brzeski (3)";9,3;7,4;7,0;5,4;4,5;4,2;4,6;4,5;4,5;4,5;4,0;4,8;
1601044;"Lewin Brzeski - miasto (4)";0,0;0,0;0,0;0,0;0,0;3,8;4,9;4,5;4,6;3,9;3,8;4,9;
1601045;"Lewin Brzeski - obszar wiejski (5)";0,0;0,0;0,0;0,0;0,0;4,4;4,4;4,4;4,5;4,9;4,2;4,8;
1601052;"Lubsza (2)";8,8;6,7;6,6;4,9;4,5;3,9;4,2;3,7;3,5;4,0;4,1;4,0;
1601062;"Olszanka (2)";8,2;6,1;5,8;4,1;4,0;3,5;3,6;3,6;3,6;4,2;4,1;4,3;
1602000;"Powiat głubczycki";9,1;7,7;7,3;6,0;5,2;5,0;6,0;5,1;4,9;5,1;5,2;6,0;
1602013;"Baborów (3)";9,0;7,8;6,7;6,2;5,5;4,8;6,2;4,9;5,1;4,6;4,7;5,1;
1602014;"Baborów - miasto (4)";0,0;0,0;0,0;0,0;0,0;5,2;6,9;5,3;5,3;5,4;5,1;5,2;
1602015;"Baborów - obszar wiejski (5)";0,0;0,0;0,0;0,0;0,0;4,5;5,6;4,5;4,9;3,9;4,4;5,1;
1602022;"Branice (2)";8,5;7,9;7,2;6,0;5,0;4,4;4,9;4,4;3,7;4,2;4,7;5,2;
1602033;"Głubczyce (3)";9,5;7,8;8,0;6,3;5,5;5,7;6,6;5,6;5,4;5,8;5,8;6,5;
1602034;"Głubczyce - miasto (4)";0,0;0,0;0,0;0,0;0,0;6,0;7,0;5,9;5,9;6,3;6,4;7,2;
1602035;"Głubczyce - obszar wiejski (5)";0,0;0,0;0,0;0,0;0,0;5,3;6,1;5,2;4,9;5,2;5,0;5,7;
1602043;"Kietrz (3)";8,8;7,3;6,4;5,4;4,7;4,0;5,4;4,7;4,6;4,6;4,8;5,9;
1602044;"Kietrz - miasto (4)";0,0;0,0;0,0;0,0;0,0;4,3;6,0;5,1;5,0;5,0;4,7;6,4;
1602045;"Kietrz - obszar wiejski (5)";0,0;0,0;0,0;0,0;0,0;3,7;4,7;4,3;4,1;4,1;4,9;5,3;
1603000;"Powiat kędzierzyńsko-kozielski";6,7;6,4;5,7;5,2;4,6;4,3;5,1;4,7;4,5;4,5;3,9;4,5;
1603011;"Kędzierzyn-Koźle (1)";7,2;6,9;6,3;5,5;4,9;4,5;5,5;5,0;4,8;4,7;4,2;5,0;
1603022;"Bierawa (2)";5,5;5,1;4,4;4,5;3,7;3,6;4,1;4,3;3,9;3,4;2,9;3,4;
1603032;"Cisek (2)";4,8;4,7;4,0;3,8;3,8;3,0;3,4;3,6;3,0;3,3;2,4;2,3;
1603042;"Pawłowiczki (2)";6,4;6,3;5,6;5,0;4,5;4,4;4,5;4,5;4,2;4,4;3,8;4,2;
1603052;"Polska Cerekiew (2)";6,8;6,7;5,8;5,2;4,7;4,6;5,2;5,4;4,5;5,0;4,4;4,6;
1603062;"Reńska Wieś (2)";5,4;5,2;4,5;4,5;4,2;4,5;4,9;4,1;4,1;4,2;3,9;4,2;
1604000;"Powiat kluczborski";6,0;5,2;4,7;4,0;3,8;3,6;4,6;4,0;3,7;3,7;3,6;3,7;
1604013;"Byczyna (3)";7,2;6,6;5,7;4,8;4,4;4,4;5,4;4,9;4,5;4,4;4,3;4,1;
1604014;"Byczyna - miasto (4)";0,0;0,0;0,0;0,0;0,0;3,1;4,2;3,6;3,1;2,9;2,8;2,7;
1604015;"Byczyna - obszar wiejski (5)";0,0;0,0;0,0;0,0;0,0;5,3;6,2;5,8;5,3;5,4;5,3;5,0;
1604023;"Kluczbork (3)";5,5;4,4;4,1;3,5;3,3;3,3;4,2;3,5;3,3;3,1;3,2;3,4;
1604024;"Kluczbork - miasto (4)";0,0;0,0;0,0;0,0;0,0;3,6;4,7;3,8;3,6;3,5;3,8;3,9;
1604025;"Kluczbork - obszar wiejski (5)";0,0;0,0;0,0;0,0;0,0;2,7;3,3;3,0;2,6;2,5;2,3;2,7;
1604032;"Lasowice Wielkie (2)";3,9;3,2;3,5;3,0;2,6;2,4;3,4;2,3;2,5;2,7;2,3;2,6;
1604043;"Wołczyn (3)";7,7;7,3;6,4;5,4;5,1;4,5;5,7;5,5;5,2;5,2;4,9;4,7;
1604044;"Wołczyn - miasto (4)";0,0;0,0;0,0;0,0;0,0;4,9;5,4;5,3;4,8;5,1;4,7;4,7;
1604045;"Wołczyn - obszar wiejski (5)";0,0;0,0;0,0;0,0;0,0;4,3;5,9;5,6;5,5;5,4;4,9;4,7;
1605000;"Powiat krapkowicki";5,5;5,0;4,4;3,6;3,5;3,7;4,2;3,8;3,5;3,5;3,3;3,8;
1605013;"Gogolin (3)";5,6;5,2;4,6;3,9;3,6;3,5;4,4;3,6;3,3;3,2;3,0;3,3;
1605014;"Gogolin - miasto (4)";0,0;0,0;0,0;0,0;0,0;4,1;4,7;3,9;3,2;3,1;3,4;3,7;
1605015;"Gogolin - obszar wiejski (5)";0,0;0,0;0,0;0,0;0,0;2,8;4,0;3,3;3,4;3,3;2,6;2,9;
1605023;"Krapkowice (3)";6,2;5,6;4,7;3,8;4,0;4,2;4,5;4,1;4,1;3,9;3,5;4,1;
1605024;"Krapkowice - miasto (4)";0,0;0,0;0,0;0,0;0,0;4,3;4,7;4,5;4,2;4,2;3,7;4,6;
1605025;"Krapkowice - obszar wiejski (5)";0,0;0,0;0,0;0,0;0,0;3,9;4,2;3,2;3,7;3,2;2,9;3,0;
1605032;"Strzeleczki (2)";5,9;5,9;5,1;4,2;4,1;4,3;4,5;4,2;3,8;4,2;;;
1605033;"Strzeleczki (3)";;;;;;;;;;;3,7;4,0;
1605034;"Strzeleczki - miasto (4)";;;;;;;;;;;4,7;4,6;
1605035;"Strzeleczki - obszar wiejski (5)";;;;;;;;;;;3,5;3,9;
1605042;"Walce (2)";4,1;4,1;3,5;2,7;2,4;2,6;3,2;3,0;2,8;2,7;2,8;2,7;
1605053;"Zdzieszowice (3)";4,8;4,1;3,7;3,3;3,0;3,1;3,7;3,6;3,0;3,2;3,2;3,9;
1605054;"Zdzieszowice - miasto (4)";0,0;0,0;0,0;0,0;0,0;3,0;3,8;3,6;3,1;3,3;3,4;4,2;
1605055;"Zdzieszowice - obszar wiejski (5)";0,0;0,0;0,0;0,0;0,0;3,2;3,4;3,5;2,7;2,8;2,7;3,0;
1606000;"Powiat namysłowski";8,4;6,0;5,8;4,7;3,9;4,1;4,9;4,9;5,1;5,2;5,2;5,4;
1606012;"Domaszowice (2)";9,7;5,6;6,9;5,5;4,5;4,3;5,5;6,3;6,1;6,9;6,6;6,1;
1606023;"Namysłów (3)";7,6;5,4;5,3;4,5;3,6;4,0;4,7;4,5;5,0;5,0;5,0;5,2;
1606024;"Namysłów - miasto (4)";0,0;0,0;0,0;0,0;0,0;3,9;4,4;4,5;4,9;5,0;5,0;5,0;
1606025;"Namysłów - obszar wiejski (5)";0,0;0,0;0,0;0,0;0,0;4,1;5,2;4,4;5,2;4,9;5,1;5,7;
1606032;"Pokój (2)";8,9;7,2;6,0;4,0;3,8;3,8;4,9;4,9;3,9;4,4;4,3;5,0;
1606042;"Świerczów (2)";9,5;7,3;6,6;6,0;4,9;5,2;6,2;6,2;6,8;5,7;5,8;5,9;
1606052;"Wilków (2)";10,4;7,5;6,9;5,6;4,7;4,0;4,9;5,4;5,3;5,8;5,6;6,1;
1607000;"Powiat nyski";8,1;6,8;5,8;4,5;3,8;3,6;4,8;4,1;3,8;3,8;3,7;4,3;
1607013;"Głuchołazy (3)";8,7;7,5;6,9;5,0;4,3;4,1;5,5;5,0;4,9;4,8;4,3;5,2;
1607014;"Głuchołazy - miasto (4)";0,0;0,0;0,0;0,0;0,0;4,4;5,9;5,2;5,1;5,1;4,7;5,6;
1607015;"Głuchołazy - obszar wiejski (5)";0,0;0,0;0,0;0,0;0,0;3,8;5,0;4,7;4,6;4,3;3,9;4,7;
1607022;"Kamiennik (2)";8,1;7,7;6,6;5,5;5,4;4,5;6,4;5,4;4,3;4,6;4,4;5,0;
1607033;"Korfantów (3)";6,9;6,2;4,9;4,0;3,8;3,3;4,4;3,9;3,6;3,6;3,5;3,8;
1607034;"Korfantów - miasto (4)";0,0;0,0;0,0;0,0;0,0;3,1;4,5;3,1;3,1;4,0;3,8;3,4;
1607035;"Korfantów - obszar wiejski (5)";0,0;0,0;0,0;0,0;0,0;3,4;4,3;4,1;3,7;3,6;3,5;3,9;
1607042;"Łambinowice (2)";7,2;7,0;5,6;4,7;4,3;3,5;4,2;4,2;3,9;3,6;3,7;4,0;
1607053;"Nysa (3)";7,8;6,4;5,4;4,0;3,3;3,1;4,2;3,3;3,3;3,2;3,4;3,9;
1607054;"Nysa - miasto (4)";0,0;0,0;0,0;0,0;0,0;3,1;4,2;3,3;3,3;3,3;3,4;4,0;
1607055;"Nysa - obszar wiejski (5)";0,0;0,0;0,0;0,0;0,0;3,2;4,3;3,2;3,1;3,1;3,4;3,7;
1607063;"Otmuchów (3)";8,0;6,3;5,5;4,5;3,6;3,8;5,1;4,7;3,6;4,1;3,7;4,4;
1607064;"Otmuchów - miasto (4)";0,0;0,0;0,0;0,0;0,0;3,3;4,5;4,2;3,3;3,9;3,5;4,0;
1607065;"Otmuchów - obszar wiejski (5)";0,0;0,0;0,0;0,0;0,0;4,4;5,6;5,2;3,9;4,2;4,0;4,7;
1607073;"Paczków (3)";10,0;8,4;6,8;5,7;4,9;4,6;6,1;5,1;4,9;4,7;4,5;5,2;
1607074;"Paczków - miasto (4)";0,0;0,0;0,0;0,0;0,0;4,7;6,3;5,2;5,2;4,8;5,0;5,7;
1607075;"Paczków - obszar wiejski (5)";0,0;0,0;0,0;0,0;0,0;4,5;5,9;5,0;4,6;4,5;3,7;4,5;
1607082;"Pakosławice (2)";7,8;7,8;6,1;5,0;4,4;4,2;5,3;4,2;3,7;3,7;2,9;3,6;
1607092;"Skoroszyce (2)";8,0;6,0;4,7;4,0;3,8;2,9;4,0;4,0;3,4;3,4;3,2;3,7;
1608000;"Powiat oleski";4,9;4,3;3,8;2,9;2,5;2,5;3,2;2,6;2,7;2,8;2,9;3,2;
1608013;"Dobrodzień (3)";3,9;3,5;3,5;2,3;2,0;2,1;2,6;2,2;2,4;2,5;2,9;2,8;
1608014;"Dobrodzień - miasto (4)";0,0;0,0;0,0;0,0;0,0;2,3;2,8;2,3;2,7;2,8;2,3;3,2;
1608015;"Dobrodzień - obszar wiejski (5)";0,0;0,0;0,0;0,0;0,0;2,0;2,4;2,2;2,2;2,4;3,2;2,6;
1608023;"Gorzów Śląski (3)";5,7;4,5;4,0;3,3;2,9;2,6;3,4;3,0;3,0;2,6;2,6;2,8;
1608024;"Gorzów Śląski - miasto (4)";0,0;0,0;0,0;0,0;0,0;2,5;3,6;1,9;2,7;2,8;2,7;3,0;
1608025;"Gorzów Śląski - obszar wiejski (5)";0,0;0,0;0,0;0,0;0,0;2,6;3,3;3,5;3,2;2,5;2,6;2,7;
1608033;"Olesno (3)";4,4;4,0;3,5;2,6;2,3;2,2;2,9;2,4;2,5;2,6;2,6;3,5;
1608034;"Olesno - miasto (4)";0,0;0,0;0,0;0,0;0,0;2,3;3,1;2,5;2,8;3,2;3,0;4,0;
1608035;"Olesno - obszar wiejski (5)";0,0;0,0;0,0;0,0;0,0;2,1;2,7;2,4;2,3;2,1;2,2;2,9;
1608043;"Praszka (3)";5,3;4,3;3,9;2,9;2,5;2,9;3,4;2,7;2,8;2,7;3,1;3,4;
1608044;"Praszka - miasto (4)";0,0;0,0;0,0;0,0;0,0;3,4;3,8;2,9;3,3;3,3;3,6;4,0;
1608045;"Praszka - obszar wiejski (5)";0,0;0,0;0,0;0,0;0,0;2,4;2,9;2,5;2,3;2,0;2,5;2,7;
1608052;"Radłów (2)";5,0;4,7;4,3;3,6;2,8;2,5;2,5;2,6;2,5;3,5;3,0;3,1;
1608062;"Rudniki (2)";5,4;4,9;4,8;3,5;2,9;2,9;4,1;3,2;3,1;3,1;3,5;3,6;
1608072;"Zębowice (2)";5,1;4,5;3,4;3,2;3,3;3,0;3,4;3,0;3,1;3,3;3,1;3,3;
1609000;"Powiat opolski";5,1;4,5;4,2;3,5;2,8;2,5;3,5;2,9;2,7;2,7;2,7;2,9;
1609012;"Chrząstowice (2)";3,9;4,1;3,4;3,3;2,5;2,2;3,0;2,3;2,2;2,0;2,4;2,5;
1609022;"Dąbrowa (2)";6,2;5,0;4,3;4,1;3,8;2,9;3,7;3,2;3,0;2,7;3,0;2,9;
1609032;"Dobrzeń Wielki (2)";3,5;3,5;3,3;2,6;2,6;2,0;2,8;2,3;2,1;2,0;2,0;2,2;
1609042;"Komprachcice (2)";4,6;4,2;4,2;3,4;2,7;2,5;3,0;2,7;2,6;2,5;2,3;2,9;
1609052;"Łubniany (2)";4,0;3,8;3,7;3,5;2,8;2,3;3,0;2,7;2,5;2,6;2,5;2,8;
1609062;"Murów (2)";6,1;5,7;4,9;4,5;3,7;3,1;4,2;3,6;3,4;3,5;3,2;3,2;
1609073;"Niemodlin (3)";8,5;6,5;6,2;4,7;3,7;3,0;4,9;3,8;3,3;3,7;3,5;4,0;
1609074;"Niemodlin - miasto (4)";0,0;0,0;0,0;0,0;0,0;3,1;5,2;3,7;3,4;3,9;3,8;4,3;
1609075;"Niemodlin - obszar wiejski (5)";0,0;0,0;0,0;0,0;0,0;2,9;4,5;3,8;3,2;3,5;3,3;3,8;
1609083;"Ozimek (3)";5,6;4,8;4,4;3,4;2,7;2,4;3,7;3,1;3,0;3,1;3,0;3,3;
1609084;"Ozimek - miasto (4)";0,0;0,0;0,0;0,0;0,0;2,8;4,2;3,2;3,1;3,3;3,6;4,0;
1609085;"Ozimek - obszar wiejski (5)";0,0;0,0;0,0;0,0;0,0;2,2;3,3;3,1;2,9;2,9;2,5;2,8;
1609092;"Popielów (2)";5,5;4,8;4,9;3,1;2,2;2,5;3,4;2,9;2,9;2,8;3,4;3,4;
1609103;"Prószków (3)";3,2;3,4;3,3;2,9;2,4;2,0;2,6;2,3;2,3;1,9;2,0;2,0;
1609104;"Prószków - miasto (4)";0,0;0,0;0,0;0,0;0,0;2,9;2,7;2,3;3,3;2,1;2,5;2,5;
1609105;"Prószków - obszar wiejski (5)";0,0;0,0;0,0;0,0;0,0;1,6;2,5;2,3;2,0;1,9;1,8;1,8;
1609112;"Tarnów Opolski (2)";4,3;4,1;3,7;3,3;2,4;2,2;3,2;2,6;2,4;2,2;2,1;2,4;
1609122;"Tułowice (2)";6,3;4,7;4,0;3,0;;;;;;;;;
1609123;"Tułowice (3)";;;;;2,7;2,5;3,9;3,1;3,0;2,6;3,1;3,9;
1609124;"Tułowice - miasto (4)";;;;;0,0;2,1;3,7;3,0;2,8;2,4;3,1;3,5;
1609125;"Tułowice - obszar wiejski (5)";;;;;0,0;3,7;4,8;3,5;3,6;3,1;3,0;4,8;
1609132;"Turawa (2)";5,0;4,2;3,7;3,1;2,6;2,6;3,4;2,5;2,2;2,7;2,7;2,6;
1610000;"Powiat prudnicki";9,0;7,6;6,8;5,1;4,8;4,4;5,3;4,6;4,9;5,0;5,3;5,7;
1610013;"Biała (3)";6,3;5,3;4,7;3,6;3,3;2,9;3,7;3,2;3,4;3,1;3,5;3,8;
1610014;"Biała - miasto (4)";0,0;0,0;0,0;0,0;0,0;4,0;4,9;4,6;4,5;5,6;4,4;4,5;
1610015;"Biała - obszar wiejski (5)";0,0;0,0;0,0;0,0;0,0;2,6;3,3;2,7;3,1;2,4;3,2;3,6;
1610023;"Głogówek (3)";6,5;5,9;5,1;3,4;2,6;2,6;3,5;3,6;3,7;3,5;3,7;4,3;
1610024;"Głogówek - miasto (4)";0,0;0,0;0,0;0,0;0,0;3,7;4,7;4,7;4,8;4,8;4,8;5,5;
1610025;"Głogówek - obszar wiejski (5)";0,0;0,0;0,0;0,0;0,0;1,9;2,7;2,7;2,9;2,5;2,8;3,4;
1610032;"Lubrza (2)";10,1;8,0;7,9;5,8;5,3;4,5;5,5;4,5;4,5;5,1;5,0;5,2;
1610043;"Prudnik (3)";11,2;9,3;8,4;6,4;6,5;6,0;6,8;5,9;6,2;6,5;6,9;7,4;
1610044;"Prudnik - miasto (4)";0,0;0,0;0,0;0,0;0,0;6,4;7,3;6,3;6,5;6,8;7,2;7,8;
1610045;"Prudnik - obszar wiejski (5)";0,0;0,0;0,0;0,0;0,0;4,7;5,3;4,6;5,1;5,4;5,9;6,2;
1611000;"Powiat strzelecki";3,9;3,7;3,4;2,9;2,7;2,8;3,2;2,5;2,5;2,5;3,0;3,1;
1611012;"Izbicko (2)";3,1;2,7;2,2;2,3;2,7;2,3;3,0;1,9;2,2;2,0;2,7;2,5;
1611022;"Jemielnica (2)";3,7;3,4;3,3;2,6;2,5;2,5;3,2;2,6;2,6;2,4;2,9;3,0;
1611033;"Kolonowskie (3)";3,2;2,8;3,2;2,1;1,9;2,3;2,4;1,9;1,7;1,9;2,3;2,3;
1611034;"Kolonowskie - miasto (4)";0,0;0,0;0,0;0,0;0,0;2,5;2,5;2,6;1,9;1,9;2,3;2,6;
1611035;"Kolonowskie - obszar wiejski (5)";0,0;0,0;0,0;0,0;0,0;2,0;2,3;1,0;1,5;1,9;2,2;1,9;
1611043;"Leśnica (3)";3,1;3,3;2,7;2,5;2,3;2,4;2,1;1,7;1,9;1,7;1,7;2,1;
1611044;"Leśnica - miasto (4)";0,0;0,0;0,0;0,0;0,0;2,6;2,4;2,1;2,0;2,1;2,2;3,4;
1611045;"Leśnica - obszar wiejski (5)";0,0;0,0;0,0;0,0;0,0;2,3;2,0;1,5;1,9;1,5;1,4;1,4;
1611053;"Strzelce Opolskie (3)";4,7;4,5;4,0;3,5;3,2;3,3;3,8;3,0;3,0;3,1;3,1;3,8;
1611054;"Strzelce Opolskie - miasto (4)";0,0;0,0;0,0;0,0;0,0;3,7;4,2;3,3;3,3;3,2;3,4;4,4;
1611055;"Strzelce Opolskie - obszar wiejski (5)";0,0;0,0;0,0;0,0;0,0;2,8;3,2;2,6;2,6;3,0;2,8;3,1;
1611063;"Ujazd (3)";3,6;3,7;3,3;2,8;2,4;2,5;2,8;2,3;2,3;1,9;2,2;2,2;
1611064;"Ujazd - miasto (4)";0,0;0,0;0,0;0,0;0,0;1,8;2,0;1,9;1,7;2,0;2,3;2,6;
1611065;"Ujazd - obszar wiejski (5)";0,0;0,0;0,0;0,0;0,0;2,8;3,2;2,5;2,5;1,9;2,1;2,0;
1611073;"Zawadzkie (3)";3,7;3,3;3,1;2,5;2,4;2,5;3,0;2,3;2,3;2,6;4,4;3,3;
1611074;"Zawadzkie - miasto (4)";0,0;0,0;0,0;0,0;0,0;2,7;3,3;2,6;2,6;3,1;5,0;3,5;
1611075;"Zawadzkie - obszar wiejski (5)";0,0;0,0;0,0;0,0;0,0;2,2;2,6;1,9;1,9;2,0;3,6;3,1;
1661000;"Powiat m. Opole";5,6;5,1;4,9;3,9;3,4;3,0;3,9;3,3;3,2;3,1;3,1;3,5;
1661011;"Opole (1)";5,6;5,1;4,9;3,9;3,4;3,0;3,9;3,3;3,2;3,1;3,1;3,5;
1800000;"PODKARPACKIE";10,2;9,2;8,0;6,8;6,3;5,8;6,9;6,2;5,6;5,5;5,5;6,0;
1801000;"Powiat bieszczadzki";12,9;12,4;11,0;9,4;8,4;8,5;10,1;9,3;8,9;8,7;9,2;9,2;
1801032;"Czarna (2)";12,6;13,2;12,1;10,2;8,6;9,0;9,8;8,9;9,1;8,6;8,8;10,2;
1801052;"Lutowiska (2)";15,2;14,8;15,0;11,3;9,9;10,5;11,4;12,4;10,0;10,5;10,8;11,6;
1801083;"Ustrzyki Dolne (3)";12,6;11,9;10,3;9,0;8,2;8,2;10,0;9,0;8,7;8,5;9,1;8,8;
1801084;"Ustrzyki Dolne - miasto (4)";0,0;0,0;0,0;0,0;0,0;8,0;9,7;8,4;8,3;8,5;8,8;9,0;
1801085;"Ustrzyki Dolne - obszar wiejski (5)";0,0;0,0;0,0;0,0;0,0;8,4;10,2;9,6;9,1;8,5;9,4;8,6;
1802000;"Powiat brzozowski";16,2;14,6;13,2;11,7;10,9;10,5;11,6;11,2;10,6;10,2;10,2;10,0;
1802013;"Brzozów (3)";15,3;13,9;12,6;11,5;10,9;10,3;11,6;11,2;10,6;9,9;10,0;10,0;
1802014;"Brzozów - miasto (4)";0,0;0,0;0,0;0,0;0,0;8,6;9,2;8,2;8,4;7,4;7,7;8,0;
1802015;"Brzozów - obszar wiejski (5)";0,0;0,0;0,0;0,0;0,0;11,0;12,4;12,3;11,4;10,8;10,8;10,7;
1802022;"Domaradz (2)";17,3;16,8;14,8;12,1;12,1;12,0;13,6;13,8;14,0;13,2;12,9;12,1;
1802032;"Dydnia (2)";18,9;16,8;15,1;13,4;11,5;12,1;12,9;11,6;11,5;11,3;11,0;11,0;
1802042;"Haczów (2)";14,8;12,9;11,6;9,7;9,3;8,2;9,2;9,2;8,6;8,2;7,9;8,0;
1802052;"Jasienica Rosielna (2)";16,9;14,7;13,7;12,1;11,2;10,6;11,4;11,0;9,8;10,4;9,8;10,1;
1802062;"Nozdrzec (2)";16,4;14,9;13,7;11,8;10,7;11,0;11,7;11,4;10,6;10,3;10,9;10,0;
1803000;"Powiat dębicki";8,6;7,7;6,5;4,9;4,1;3,3;4,5;3,3;3,1;3,1;2,9;3,6;
1803011;"Dębica (1)";8,8;8,0;6,8;5,2;4,4;3,4;4,7;3,7;3,3;3,5;3,3;4,2;
1803023;"Brzostek (3)";9,2;8,3;7,4;5,3;4,3;3,3;4,8;3,5;3,4;3,3;3,0;3,5;
1803024;"Brzostek - miasto (4)";0,0;0,0;0,0;0,0;0,0;2,9;5,0;3,4;3,0;3,5;2,5;3,2;
1803025;"Brzostek - obszar wiejski (5)";0,0;0,0;0,0;0,0;0,0;3,4;4,7;3,6;3,5;3,2;3,1;3,6;
1803032;"Czarna (2)";9,0;8,1;7,1;5,2;4,3;4,0;5,0;3,4;3,7;3,4;3,2;3,6;
1803042;"Dębica (2)";9,1;8,0;6,8;5,0;4,2;3,4;4,5;3,3;2,8;2,9;2,8;3,5;
1803052;"Jodłowa (2)";7,5;6,3;5,7;4,3;3,9;3,1;3,9;2,9;2,8;2,9;2,6;3,3;
1803063;"Pilzno (3)";7,6;6,3;5,3;4,0;3,5;2,8;4,0;2,8;2,6;2,5;2,3;3,0;
1803064;"Pilzno - miasto (4)";0,0;0,0;0,0;0,0;0,0;2,6;3,3;2,6;2,8;2,6;2,0;3,1;
1803065;"Pilzno - obszar wiejski (5)";0,0;0,0;0,0;0,0;0,0;2,9;4,2;2,8;2,6;2,5;2,4;3,0;
1803072;"Żyraków (2)";8,0;7,3;5,6;4,2;3,2;2,6;3,5;2,9;2,5;2,4;2,3;3,1;
1804000;"Powiat jarosławski";11,9;10,8;10,1;9,3;8,7;7,0;8,5;7,7;6,7;6,3;6,6;7,0;
1804011;"Jarosław (1)";11,0;10,2;9,8;9,2;8,7;7,2;8,6;7,6;6,8;6,5;6,8;7,3;
1804021;"Radymno (1)";12,7;11,9;10,8;8,5;8,4;7,3;8,3;7,3;6,6;5,9;6,8;7,3;
1804032;"Chłopice (2)";11,6;9,6;8,6;7,9;7,4;6,4;7,8;7,1;5,6;5,7;5,6;6,3;
1804042;"Jarosław (2)";11,0;10,0;9,5;9,2;8,6;6,9;8,4;7,2;6,1;5,7;6,2;6,4;
1804052;"Laszki (2)";14,1;13,0;12,8;11,0;9,8;8,3;10,0;8,6;7,1;6,7;6,5;7,3;
1804062;"Pawłosiów (2)";11,2;10,5;9,6;8,5;8,2;6,5;7,7;7,0;6,3;6,0;6,4;6,5;
1804073;"Pruchnik (3)";15,2;13,3;12,1;11,6;10,6;8,3;9,9;9,0;8,8;7,3;7,3;8,1;
1804074;"Pruchnik - miasto (4)";0,0;0,0;0,0;0,0;0,0;8,1;9,5;8,6;8,2;7,2;7,4;8,1;
1804075;"Pruchnik - obszar wiejski (5)";0,0;0,0;0,0;0,0;0,0;8,4;10,1;9,4;9,1;7,3;7,2;8,1;
1804082;"Radymno (2)";12,9;11,6;10,7;9,2;8,4;6,0;7,8;7,1;6,1;6,0;6,6;7,4;
1804092;"Rokietnica (2)";10,9;10,3;8,8;8,1;7,7;6,4;8,0;8,1;6,1;4,9;5,9;6,3;
1804102;"Roźwienica (2)";13,4;11,7;11,1;10,4;10,5;7,9;9,8;9,1;7,3;6,9;7,2;7,6;
1804112;"Wiązownica (2)";10,9;9,5;9,1;8,1;7,5;6,2;7,8;7,0;6,9;6,0;6,4;6,3;
1805000;"Powiat jasielski";11,6;11,1;9,7;8,0;7,2;7,0;8,3;8,2;7,5;7,9;7,7;8,2;
1805011;"Jasło (1)";10,7;10,4;9,0;7,6;6,8;6,6;8,0;7,9;7,0;7,5;7,3;8,0;
1805022;"Brzyska (2)";11,0;10,1;8,9;7,2;7,1;6,7;7,8;7,6;7,2;7,7;6,5;7,5;
1805032;"Dębowiec (2)";11,5;11,2;10,1;8,3;7,0;6,6;8,3;7,9;7,0;7,6;8,0;8,1;
1805042;"Jasło (2)";11,2;10,6;9,5;7,8;7,1;6,7;8,3;8,2;7,4;7,8;7,7;7,9;
1805053;"Kołaczyce (3)";13,8;12,7;10,4;8,6;7,9;7,6;9,7;8,9;8,8;9,5;8,9;9,3;
1805054;"Kołaczyce - miasto (4)";0,0;0,0;0,0;0,0;0,0;6,3;9,5;8,2;7,4;7,9;8,1;8,1;
1805055;"Kołaczyce - obszar wiejski (5)";0,0;0,0;0,0;0,0;0,0;7,9;9,7;9,0;9,1;9,7;9,0;9,5;
1805062;"Krempna (2)";13,5;12,7;10,8;8,1;8,6;8,7;10,4;10,5;8,8;9,9;8,7;9,2;
1805072;"Nowy Żmigród (2)";12,1;12,3;11,2;8,6;8,2;7,5;8,8;8,5;7,6;7,5;7,5;8,8;
1805082;"Osiek Jasielski (2)";11,9;11,5;9,5;7,8;6,6;7,5;7,7;8,3;7,6;7,6;7,7;8,6;
1805092;"Skołyszyn (2)";12,8;12,0;10,3;8,7;7,7;7,3;8,5;8,6;8,1;8,8;8,2;8,3;
1805112;"Tarnowiec (2)";11,1;10,5;9,7;7,6;7,1;7,0;8,1;7,8;7,4;6,9;7,4;8,0;
1806000;"Powiat kolbuszowski";9,1;7,9;6,9;5,8;4,9;4,6;5,4;4,6;4,2;4,0;4,1;4,5;
1806012;"Cmolas (2)";9,8;8,6;7,5;6,3;5,3;4,7;6,1;5,3;4,9;4,5;4,6;5,1;
1806023;"Kolbuszowa (3)";8,6;7,3;6,4;5,5;4,5;4,3;5,2;4,3;4,0;3,9;4,1;4,7;
1806024;"Kolbuszowa - miasto (4)";0,0;0,0;0,0;0,0;0,0;4,0;5,0;4,0;3,8;3,5;4,3;4,6;
1806025;"Kolbuszowa - obszar wiejski (5)";0,0;0,0;0,0;0,0;0,0;4,5;5,4;4,5;4,1;4,1;4,1;4,7;
1806032;"Majdan Królewski (2)";10,9;10,1;8,3;6,8;5,8;5,7;5,8;5,5;4,7;4,5;4,6;4,9;
1806042;"Niwiska (2)";7,4;7,4;6,0;4,9;4,9;3,5;4,9;3,8;3,6;3,3;3,8;3,8;
1806052;"Raniżów (2)";10,0;7,7;7,1;6,0;4,9;4,3;5,1;3,9;3,5;3,4;3,3;3,6;
1806062;"Dzikowiec (2)";8,2;6,8;6,1;5,7;4,9;4,9;4,8;4,6;4,2;4,1;4,0;4,4;
1807000;"Powiat krośnieński";8,6;7,2;5,2;3,8;3,2;2,7;3,7;3,1;3,1;3,5;3,7;4,2;
1807012;"Chorkówka (2)";10,2;8,5;6,4;4,9;4,1;3,6;4,4;3,6;3,6;4,3;4,9;5,4;
1807023;"Dukla (3)";10,0;7,7;6,2;4,7;4,1;3,3;4,8;3,8;3,7;4,2;4,5;5,1;
1807024;"Dukla - miasto (4)";0,0;0,0;0,0;0,0;0,0;2,9;3,9;3,1;3,1;2,6;3,6;4,3;
1807025;"Dukla - obszar wiejski (5)";0,0;0,0;0,0;0,0;0,0;3,4;4,9;4,0;3,8;4,5;4,6;5,2;
1807033;"Iwonicz-Zdrój (3)";7,6;7,2;4,9;3,4;2,7;2,5;3,4;3,3;3,1;3,0;3,4;4,3;
1807034;"Iwonicz-Zdrój - miasto (4)";0,0;0,0;0,0;0,0;0,0;1,8;3,5;2,4;2,7;3,3;3,6;4,4;
1807035;"Iwonicz-Zdrój - obszar wiejski (5)";0,0;0,0;0,0;0,0;0,0;2,6;3,3;3,5;3,1;3,0;3,4;4,3;
1807043;"Jedlicze (3)";7,9;7,0;4,8;3,5;3,2;2,7;3,5;2,9;3,1;3,7;3,8;4,4;
1807044;"Jedlicze - miasto (4)";0,0;0,0;0,0;0,0;0,0;2,5;3,6;3,2;2,7;3,2;3,2;4,1;
1807045;"Jedlicze - obszar wiejski (5)";0,0;0,0;0,0;0,0;0,0;2,9;3,5;2,8;3,3;4,0;4,1;4,5;
1807052;"Korczyna (2)";8,4;7,1;4,7;3,5;2,7;2,6;3,1;2,3;2,6;2,8;3,2;3,5;
1807062;"Krościenko Wyżne (2)";7,8;6,3;5,3;3,6;2,9;2,2;3,3;2,7;3,0;3,2;4,0;3,6;
1807072;"Miejsce Piastowe (2)";8,3;7,4;5,0;3,5;2,7;2,3;3,3;2,8;2,8;3,2;3,1;3,8;
1807083;"Rymanów (3)";7,7;6,1;4,2;2,8;2,4;1,9;3,1;2,6;2,9;2,9;3,2;3,3;
1807084;"Rymanów - miasto (4)";0,0;0,0;0,0;0,0;0,0;1,5;2,8;2,0;3,0;2,8;3,2;3,3;
1807085;"Rymanów - obszar wiejski (5)";0,0;0,0;0,0;0,0;0,0;2,0;3,2;2,7;2,8;2,9;3,1;3,3;
1807092;"Wojaszówka (2)";8,4;6,9;5,3;3,7;3,2;2,6;4,0;3,1;3,1;3,4;3,2;3,7;
1807102;"Jaśliska (2)";11,0;8,8;6,7;4,6;3,8;3,7;4,3;3,6;4,3;4,3;4,4;5,0;
1808000;"Powiat leżajski";12,0;10,9;9,7;9,1;8,5;7,8;9,5;8,9;7,9;7,8;7,5;7,7;
1808011;"Leżajsk (1)";10,0;9,5;8,1;8,0;7,4;7,0;8,4;7,6;7,3;7,4;7,0;7,5;
1808022;"Grodzisko Dolne (2)";10,5;9,6;9,7;8,6;8,1;6,8;8,6;8,6;7,3;6,6;7,1;6,4;
1808032;"Kuryłówka (2)";12,0;10,8;9,9;9,0;8,6;8,9;10,1;8,5;8,4;8,9;8,1;7,8;
1808042;"Leżajsk (2)";12,9;11,4;10,1;9,4;8,6;7,8;9,6;9,4;7,9;8,1;7,8;8,1;
1808053;"Nowa Sarzyna (3)";13,1;11,8;10,3;9,7;9,2;8,5;10,2;9,6;8,5;7,9;7,6;7,8;
1808054;"Nowa Sarzyna - miasto (4)";0,0;0,0;0,0;0,0;0,0;7,8;9,2;8,4;7,9;7,1;7,7;7,8;
1808055;"Nowa Sarzyna - obszar wiejski (5)";0,0;0,0;0,0;0,0;0,0;8,7;10,5;9,9;8,7;8,1;7,6;7,8;
1809000;"Powiat lubaczowski";10,8;9,3;8,1;6,8;6,1;5,8;7,1;6,4;5,7;5,9;5,5;5,8;
1809011;"Lubaczów (1)";9,6;8,4;7,2;6,0;5,2;5,3;6,6;6,0;5,1;5,4;5,4;5,7;
1809023;"Cieszanów (3)";11,7;9,9;8,2;7,4;6,4;6,1;7,6;6,7;6,0;6,1;5,0;5,6;
1809024;"Cieszanów - miasto (4)";0,0;0,0;0,0;0,0;0,0;7,1;8,6;8,2;6,3;6,5;5,5;5,9;
1809025;"Cieszanów - obszar wiejski (5)";0,0;0,0;0,0;0,0;0,0;5,7;7,1;6,2;5,9;5,9;4,8;5,5;
1809032;"Horyniec-Zdrój (2)";10,1;9,7;8,2;7,1;6,1;6,1;8,2;7,4;6,0;5,8;5,9;5,6;
1809042;"Lubaczów (2)";12,3;10,6;9,2;7,5;6,7;6,1;7,5;6,7;5,9;6,9;5,7;6,4;
1809053;"Narol (3)";10,6;9,3;7,7;7,2;6,5;6,2;7,4;6,3;6,5;6,0;6,0;6,9;
1809054;"Narol - miasto (4)";0,0;0,0;0,0;0,0;0,0;8,2;8,8;7,5;8,2;7,3;6,7;7,6;
1809055;"Narol - obszar wiejski (5)";0,0;0,0;0,0;0,0;0,0;5,5;6,8;5,9;5,9;5,6;5,8;6,6;
1809063;"Oleszyce (3)";11,9;10,0;8,6;6,8;6,9;6,2;7,4;7,1;6,2;6,0;5,9;5,8;
1809064;"Oleszyce - miasto (4)";0,0;0,0;0,0;0,0;0,0;6,7;7,0;6,8;5,5;6,1;6,1;6,3;
1809065;"Oleszyce - obszar wiejski (5)";0,0;0,0;0,0;0,0;0,0;5,7;7,6;7,3;6,9;6,0;5,8;5,3;
1809072;"Stary Dzików (2)";6,7;5,5;4,8;4,0;4,0;3,4;4,1;4,1;3,4;3,9;2,8;2,7;
1809082;"Wielkie Oczy (2)";12,8;10,5;10,9;7,7;6,4;6,0;7,4;6,1;6,2;6,3;6,3;6,8;
1810000;"Powiat łańcucki";11,7;9,5;9,2;7,2;7,1;6,3;7,6;6,9;5,5;5,4;5,3;5,6;
1810011;"Łańcut (1)";9,8;8,3;8,4;6,9;6,5;5,9;7,2;6,2;5,6;5,2;5,6;5,8;
1810022;"Białobrzegi (2)";11,7;10,4;10,0;7,3;7,5;7,1;7,2;6,6;5,5;5,3;5,2;4,7;
1810032;"Czarna (2)";12,9;10,1;9,9;8,0;7,8;6,7;8,4;7,6;5,4;5,7;5,6;5,6;
1810042;"Łańcut (2)";10,4;8,5;7,7;6,2;6,4;5,4;7,0;6,4;4,9;5,0;4,7;5,2;
1810052;"Markowa (2)";11,5;8,6;8,8;6,9;6,7;6,3;6,8;5,9;4,5;4,5;4,1;5,5;
1810062;"Rakszawa (2)";16,2;12,2;12,4;9,9;9,0;7,8;9,3;9,2;7,6;7,0;6,9;6,8;
1810072;"Żołynia (2)";14,2;11,2;10,8;7,4;7,4;7,2;8,4;7,9;6,5;5,5;5,8;6,3;
1811000;"Powiat mielecki";8,5;8,3;5,6;4,3;3,4;3,4;4,6;3,6;3,2;3,9;4,0;4,6;
1811011;"Mielec (1)";8,2;8,1;5,6;4,3;3,6;3,6;5,0;4,1;3,5;4,2;4,4;5,1;
1811022;"Borowa (2)";7,0;7,4;4,7;3,8;2,6;2,8;3,6;2,9;2,5;2,9;3,4;3,5;
1811032;"Czermin (2)";8,3;7,8;5,1;3,5;3,2;2,9;4,0;2,9;2,3;2,8;3,6;3,6;
1811042;"Gawłuszowice (2)";8,4;7,6;4,9;4,4;3,9;3,6;4,2;3,4;2,5;3,7;3,4;4,9;
1811052;"Mielec (2)";8,1;8,0;5,2;4,1;3,0;3,3;4,0;3,1;2,5;3,5;3,4;4,1;
1811062;"Padew Narodowa (2)";8,5;7,5;4,6;4,3;3,3;3,7;5,0;3,2;2,9;3,8;3,4;3,9;
1811073;"Przecław (3)";10,6;10,2;7,3;5,3;4,2;3,6;5,0;4,3;3,7;4,7;4,5;5,1;
1811074;"Przecław - miasto (4)";0,0;0,0;0,0;0,0;0,0;3,2;4,1;3,4;3,4;4,2;4,1;4,2;
1811075;"Przecław - obszar wiejski (5)";0,0;0,0;0,0;0,0;0,0;3,7;5,1;4,5;3,8;4,8;4,6;5,2;
1811083;"Radomyśl Wielki (3)";8,8;8,2;5,5;3,8;2,9;2,9;4,0;3,1;2,8;3,2;3,6;4,1;
1811084;"Radomyśl Wielki - miasto (4)";0,0;0,0;0,0;0,0;0,0;2,9;3,3;2,7;2,4;3,3;3,9;4,0;
1811085;"Radomyśl Wielki - obszar wiejski (5)";0,0;0,0;0,0;0,0;0,0;2,9;4,3;3,2;2,9;3,2;3,5;4,1;
1811092;"Tuszów Narodowy (2)";9,7;9,6;6,9;5,0;4,0;3,8;5,0;3,6;3,6;4,3;4,3;4,6;
1811102;"Wadowice Górne (2)";7,6;7,4;4,8;3,5;2,7;2,8;3,7;3,1;3,3;3,1;3,1;3,8;
1812000;"Powiat niżański";12,4;10,5;10,3;9,4;9,0;8,5;9,5;8,4;7,9;7,8;7,7;7,8;
1812012;"Harasiuki (2)";15,2;12,7;11,8;10,7;10,8;10,3;10,7;9,1;8,8;8,2;7,8;8,1;
1812022;"Jarocin (2)";11,3;9,2;9,4;8,4;7,7;7,6;8,6;7,7;7,9;8,0;7,0;7,1;
1812032;"Jeżowe (2)";12,9;10,8;10,9;9,6;8,8;8,5;9,3;7,8;7,0;7,7;7,9;8,3;
1812042;"Krzeszów (2)";12,0;10,4;9,1;9,1;8,6;7,9;8,5;7,5;7,9;7,2;7,2;7,6;
1812053;"Nisko (3)";11,4;9,1;9,4;8,6;8,2;7,6;8,9;7,9;7,4;7,4;7,1;7,3;
1812054;"Nisko - miasto (4)";0,0;0,0;0,0;0,0;0,0;7,7;8,5;7,9;7,4;7,3;7,2;6,9;
1812055;"Nisko - obszar wiejski (5)";0,0;0,0;0,0;0,0;0,0;7,6;9,7;8,1;7,5;7,4;6,9;7,9;
1812063;"Rudnik nad Sanem (3)";13,3;12,3;11,5;10,4;10,3;9,6;10,7;9,4;9,0;8,6;8,9;8,4;
1812064;"Rudnik nad Sanem - miasto (4)";0,0;0,0;0,0;0,0;0,0;10,5;11,1;9,8;9,3;8,9;9,4;8,9;
1812065;"Rudnik nad Sanem - obszar wiejski (5)";0,0;0,0;0,0;0,0;0,0;8,0;10,1;8,8;8,4;7,9;7,9;7,6;
1812073;"Ulanów (3)";12,6;10,6;10,2;9,7;9,4;8,9;10,2;9,2;8,4;8,3;8,0;8,3;
1812074;"Ulanów - miasto (4)";0,0;0,0;0,0;0,0;0,0;9,4;10,5;9,1;9,7;8,2;7,8;10,1;
1812075;"Ulanów - obszar wiejski (5)";0,0;0,0;0,0;0,0;0,0;8,8;10,1;9,2;8,2;8,3;8,1;8,0;
1813000;"Powiat przemyski";11,5;10,5;9,7;8,5;7,8;7,4;8,7;8,5;7,1;6,9;6,9;7,2;
1813012;"Bircza (2)";14,3;12,8;11,3;10,2;8,8;8,9;10,1;10,8;9,7;8,5;;;
1813013;"Bircza (3)";;;;;;;;;;;7,9;8,4;
1813014;"Bircza - miasto (4)";;;;;;;;;;;9,3;8,9;
1813015;"Bircza - obszar wiejski (5)";;;;;;;;;;;7,7;8,3;
1813022;"Dubiecko (2)";11,8;10,7;10,4;9,3;7,8;7,7;9,0;;;;;;
1813023;"Dubiecko (3)";;;;;;;;8,7;7,0;6,9;7,3;8,2;
1813024;"Dubiecko - miasto (4)";;;;;;;;5,9;5,0;4,0;4,1;5,0;
1813025;"Dubiecko - obszar wiejski (5)";;;;;;;;9,0;7,2;7,2;7,7;8,5;
1813032;"Fredropol (2)";12,1;11,5;9,8;8,6;8,0;7,9;9,1;8,3;6,7;6,5;6,2;7,4;
1813042;"Krasiczyn (2)";11,5;11,4;11,5;9,7;9,1;9,1;9,2;9,5;7,8;7,8;7,3;7,3;
1813052;"Krzywcza (2)";12,7;10,4;10,3;9,1;7,8;7,3;9,2;9,5;8,6;8,0;8,1;8,4;
1813062;"Medyka (2)";11,5;10,5;10,2;8,8;8,4;7,7;10,1;9,3;8,0;7,7;7,3;8,0;
1813072;"Orły (2)";10,0;9,4;7,8;7,2;7,3;6,8;7,8;7,1;6,0;6,0;6,5;6,5;
1813082;"Przemyśl (2)";9,8;9,1;8,2;7,3;6,3;6,1;7,4;7,2;6,0;6,3;6,2;6,0;
1813092;"Stubno (2)";12,6;10,7;10,8;8,8;7,9;8,1;9,5;9,2;7,4;6,8;7,4;6,5;
1813102;"Żurawica (2)";11,1;10,5;9,7;8,1;7,8;6,6;7,9;7,8;6,6;6,2;6,6;6,7;
1814000;"Powiat przeworski";12,0;11,5;10,7;9,5;8,4;8,1;8,9;8,4;8,0;7,5;7,5;8,1;
1814011;"Przeworsk (1)";11,2;10,9;10,3;9,5;8,2;8,1;8,9;8,4;7,6;7,0;7,0;7,9;
1814022;"Adamówka (2)";11,1;9,8;9,1;7,7;6,4;5,4;6,2;5,3;5,7;5,8;5,9;6,1;
1814032;"Gać (2)";11,4;10,5;10,1;9,2;7,9;7,9;8,9;7,4;7,9;8,0;8,0;8,5;
1814042;"Jawornik Polski (2)";12,3;11,1;11,3;10,1;8,6;7,9;8,5;8,6;8,9;8,7;;;
1814043;"Jawornik Polski (3)";;;;;;;;;;;8,4;8,2;
1814044;"Jawornik Polski - miasto (4)";;;;;;;;;;;7,3;9,6;
1814045;"Jawornik Polski - obszar wiejski (5)";;;;;;;;;;;8,8;7,7;
1814053;"Kańczuga (3)";12,7;11,3;11,0;10,2;9,6;8,6;10,0;9,4;9,1;7,8;7,8;8,6;
1814054;"Kańczuga - miasto (4)";0,0;0,0;0,0;0,0;0,0;6,5;8,7;7,8;8,1;7,1;6,8;8,1;
1814055;"Kańczuga - obszar wiejski (5)";0,0;0,0;0,0;0,0;0,0;9,4;10,4;9,9;9,4;8,0;8,2;8,8;
1814062;"Przeworsk (2)";13,2;13,1;12,0;10,2;9,1;8,8;9,4;8,8;8,1;7,6;7,7;8,2;
1814073;"Sieniawa (3)";10,3;9,1;8,9;7,0;6,8;7,0;7,2;6,1;6,5;6,6;6,5;6,4;
1814074;"Sieniawa - miasto (4)";0,0;0,0;0,0;0,0;0,0;7,2;6,9;6,8;6,9;7,0;6,5;6,9;
1814075;"Sieniawa - obszar wiejski (5)";0,0;0,0;0,0;0,0;0,0;6,9;7,3;5,8;6,3;6,5;6,5;6,2;
1814082;"Tryńcza (2)";12,6;13,4;12,1;10,3;8,6;8,7;9,8;9,5;9,0;8,1;7,4;8,7;
1814092;"Zarzecze (2)";11,8;11,4;9,5;9,4;8,0;8,3;8,2;8,8;8,1;8,1;8,4;9,8;
1815000;"Powiat ropczycko-sędziszowski";11,7;10,6;8,0;7,7;7,5;6,4;8,0;7,1;6,2;5,8;6,1;6,6;
1815012;"Iwierzyce (2)";10,4;9,3;7,6;7,0;6,9;6,3;8,1;7,5;7,1;6,9;7,0;7,1;
1815022;"Ostrów (2)";14,6;12,7;9,1;8,7;8,3;6,8;8,4;7,9;6,7;5,8;6,4;7,1;
1815033;"Ropczyce (3)";10,8;9,9;7,6;7,5;7,0;5,6;7,3;6,2;5,2;4,9;5,2;6,0;
1815034;"Ropczyce - miasto (4)";0,0;0,0;0,0;0,0;0,0;5,6;7,3;6,1;5,2;4,9;5,2;5,8;
1815035;"Ropczyce - obszar wiejski (5)";0,0;0,0;0,0;0,0;0,0;5,7;7,3;6,3;5,2;5,0;5,3;6,2;
1815043;"Sędziszów Małopolski (3)";12,2;11,1;8,1;7,8;7,8;7,1;8,6;7,7;7,1;6,5;6,6;7,0;
1815044;"Sędziszów Małopolski - miasto (4)";0,0;0,0;0,0;0,0;0,0;6,8;8,3;7,4;6,7;6,1;6,3;6,5;
1815045;"Sędziszów Małopolski - obszar wiejski (5)";0,0;0,0;0,0;0,0;0,0;7,5;9,0;8,0;7,5;6,8;7,0;7,5;
1815052;"Wielopole Skrzyńskie (2)";12,0;10,4;8,2;7,6;7,8;6,4;7,8;7,8;6,0;5,4;6,1;7,0;
1816000;"Powiat rzeszowski";9,0;8,4;7,2;6,3;6,0;5,5;6,4;5,4;4,7;4,4;4,3;4,7;
1816011;"Dynów (1)";12,5;12,3;11,3;9,7;10,0;9,2;10,1;9,6;8,5;8,2;8,2;8,6;
1816023;"Błażowa (3)";8,0;7,1;5,8;5,3;5,3;4,9;5,9;4,9;4,6;4,3;4,4;4,8;
1816024;"Błażowa - miasto (4)";0,0;0,0;0,0;0,0;0,0;4,7;5,9;4,2;4,7;4,1;4,6;4,9;
1816025;"Błażowa - obszar wiejski (5)";0,0;0,0;0,0;0,0;0,0;5,0;5,8;5,1;4,6;4,4;4,4;4,8;
1816033;"Boguchwała (3)";7,8;7,8;6,6;5,9;5,1;4,5;5,5;4,7;4,2;3,9;3,7;4,2;
1816034;"Boguchwała - miasto (4)";0,0;0,0;0,0;0,0;0,0;4,3;5,6;5,0;4,6;4,1;4,0;4,5;
1816035;"Boguchwała - obszar wiejski (5)";0,0;0,0;0,0;0,0;0,0;4,6;5,5;4,5;4,0;3,8;3,6;4,1;
1816042;"Chmielnik (2)";8,0;7,4;5,7;4,9;5,2;5,0;5,5;4,2;3,3;3,6;3,7;3,8;
1816052;"Dynów (2)";11,7;10,4;9,3;8,7;9,2;7,8;8,5;8,3;7,6;7,0;6,6;7,7;
1816063;"Głogów Małopolski (3)";8,6;8,3;6,7;5,7;5,3;5,0;5,7;4,7;4,2;4,1;3,7;4,4;
1816064;"Głogów Małopolski - miasto (4)";0,0;0,0;0,0;0,0;0,0;6,1;5,8;4,3;4,0;4,0;3,7;4,3;
1816065;"Głogów Małopolski - obszar wiejski (5)";0,0;0,0;0,0;0,0;0,0;4,3;5,7;5,1;4,3;4,2;3,8;4,6;
1816072;"Hyżne (2)";8,6;8,4;6,6;5,4;5,8;5,0;6,5;5,6;5,4;5,1;4,5;5,1;
1816082;"Kamień (2)";10,3;9,9;9,0;7,4;6,7;6,8;7,5;6,5;5,2;4,8;5,3;4,6;
1816092;"Krasne (2)";7,8;7,2;6,4;5,8;5,6;5,1;5,8;5,1;4,0;3,5;3,7;4,2;
1816102;"Lubenia (2)";11,3;10,9;9,1;7,1;7,3;6,2;6,8;6,1;4,6;4,6;3,9;4,9;
1816113;"Sokołów Małopolski (3)";10,1;9,5;8,5;7,7;7,1;6,9;7,6;6,5;6,0;5,7;5,4;5,4;
1816114;"Sokołów Małopolski - miasto (4)";0,0;0,0;0,0;0,0;0,0;6,4;7,4;6,2;6,0;4,8;5,1;5,4;
1816115;"Sokołów Małopolski - obszar wiejski (5)";0,0;0,0;0,0;0,0;0,0;7,0;7,7;6,6;6,0;6,0;5,5;5,5;
1816122;"Świlcza (2)";8,6;8,0;7,0;6,1;5,9;5,1;6,1;5,0;4,5;3,9;3,8;4,2;
1816132;"Trzebownisko (2)";8,0;7,4;5,8;5,1;4,9;4,3;5,4;4,6;3,9;3,5;3,6;3,9;
1816143;"Tyczyn (3)";9,7;8,0;7,6;6,4;6,5;5,3;6,6;5,6;4,4;4,4;4,2;4,7;
1816144;"Tyczyn - miasto (4)";0,0;0,0;0,0;0,0;0,0;4,3;5,5;4,4;3,5;3,9;3,8;4,2;
1816145;"Tyczyn - obszar wiejski (5)";0,0;0,0;0,0;0,0;0,0;5,8;7,2;6,3;5,0;4,7;4,5;5,0;
1817000;"Powiat sanocki";8,6;6,7;6,2;5,1;4,8;4,8;5,4;4,6;5,0;5,2;5,6;6,0;
1817011;"Sanok (1)";7,9;6,1;5,8;4,8;4,7;4,5;5,5;4,6;4,9;5,2;5,3;6,0;
1817022;"Besko (2)";9,1;7,3;6,7;5,9;4,7;4,8;5,7;4,3;4,9;4,9;5,2;5,7;
1817032;"Bukowsko (2)";8,7;6,1;5,3;4,4;4,0;4,0;4,3;3,7;3,9;4,8;4,9;5,5;
1817042;"Komańcza (2)";9,5;7,9;7,8;6,3;6,4;6,9;6,5;6,3;6,9;6,3;6,0;6,4;
1817052;"Sanok (2)";8,7;6,7;6,3;5,1;4,8;4,8;5,5;4,5;4,8;5,2;5,2;5,7;
1817062;"Tyrawa Wołoska (2)";10,4;8,8;8,2;5,7;5,6;5,2;5,4;5,4;6,6;5,9;7,7;7,8;
1817073;"Zagórz (3)";8,8;6,9;6,6;5,1;5,2;5,0;5,2;4,6;4,8;4,9;5,8;5,7;
1817074;"Zagórz - miasto (4)";0,0;0,0;0,0;0,0;0,0;4,9;5,1;4,5;4,5;5,0;5,7;5,5;
1817075;"Zagórz - obszar wiejski (5)";0,0;0,0;0,0;0,0;0,0;5,1;5,3;4,6;4,9;4,7;5,9;5,8;
1817082;"Zarszyn (2)";9,3;7,3;6,1;5,4;4,8;4,5;5,6;4,9;5,4;5,8;6,8;6,9;
1818000;"Powiat stalowowolski";7,9;6,2;4,6;4,0;3,7;3,2;4,5;3,7;3,1;3,3;3,6;4,3;
1818011;"Stalowa Wola (1)";7,5;5,9;4,5;4,0;3,7;3,4;4,9;3,9;3,3;3,6;4,0;4,7;
1818022;"Bojanów (2)";8,9;6,9;4,4;3,9;3,4;2,5;4,1;3,3;2,4;2,8;3,0;3,5;
1818032;"Pysznica (2)";6,3;5,2;3,8;3,0;2,8;2,3;3,2;2,8;2,3;2,5;2,9;3,4;
1818042;"Radomyśl nad Sanem (2)";8,9;6,6;4,8;4,4;4,0;3,3;4,0;3,5;3,1;3,1;3,8;3,8;
1818053;"Zaklików (3)";10,6;8,5;6,7;5,4;4,7;4,0;4,7;3,8;3,5;3,9;4,0;4,6;
1818054;"Zaklików - miasto (4)";0,0;0,0;0,0;0,0;0,0;4,1;5,0;4,1;3,4;4,7;5,2;5,7;
1818055;"Zaklików - obszar wiejski (5)";0,0;0,0;0,0;0,0;0,0;4,0;4,6;3,7;3,6;3,5;3,4;4,1;
1818062;"Zaleszany (2)";8,3;6,1;4,2;4,1;4,0;3,3;4,5;3,8;3,2;3,0;3,1;4,0;
1819000;"Powiat strzyżowski";15,0;13,9;12,1;10,3;9,7;9,0;10,4;9,7;9,0;8,7;8,8;9,1;
1819012;"Czudec (2)";14,8;13,6;11,9;10,5;10,0;8,8;10,8;10,1;9,0;9,1;8,5;8,7;
1819022;"Frysztak (2)";16,5;15,9;13,9;11,7;11,0;10,4;11,4;11,0;10,7;10,2;10,3;10,5;
1819032;"Niebylec (2)";15,1;13,7;12,0;10,5;10,0;9,4;10,2;9,4;8,5;8,5;8,2;8,6;
1819043;"Strzyżów (3)";13,7;12,9;11,1;9,2;8,4;7,8;9,2;8,7;8,3;7,7;8,4;8,5;
1819044;"Strzyżów - miasto (4)";0,0;0,0;0,0;0,0;0,0;6,9;8,4;7,7;7,3;6,4;7,0;7,1;
1819045;"Strzyżów - obszar wiejski (5)";0,0;0,0;0,0;0,0;0,0;8,5;9,9;9,4;8,9;8,6;9,3;9,5;
1819052;"Wiśniowa (2)";16,2;14,4;12,8;10,9;10,2;9,9;11,7;10,3;9,4;9,1;9,2;10,0;
1820000;"Powiat tarnobrzeski";8,4;7,4;6,8;5,3;4,6;4,5;5,5;5,2;4,2;4,1;4,1;4,8;
1820013;"Baranów Sandomierski (3)";8,2;7,7;7,1;5,9;5,0;4,9;6,0;5,4;4,9;4,9;4,7;5,0;
1820014;"Baranów Sandomierski - miasto (4)";0,0;0,0;0,0;0,0;0,0;4,0;4,3;4,3;4,4;3,8;3,9;4,2;
1820015;"Baranów Sandomierski - obszar wiejski (5)";0,0;0,0;0,0;0,0;0,0;5,1;6,2;5,5;4,9;5,1;4,8;5,1;
1820022;"Gorzyce (2)";7,2;6,4;6,2;5,2;4,8;4,6;5,7;5,6;4,4;4,4;4,6;5,6;
1820032;"Grębów (2)";10,2;8,6;7,5;6,0;5,1;5,4;5,7;5,8;4,4;4,0;3,9;4,4;
1820043;"Nowa Dęba (3)";8,4;7,3;6,7;4,7;3,8;3,5;4,8;4,4;3,4;3,4;3,5;4,3;
1820044;"Nowa Dęba - miasto (4)";0,0;0,0;0,0;0,0;0,0;3,4;4,7;4,4;3,4;3,3;3,2;4,0;
1820045;"Nowa Dęba - obszar wiejski (5)";0,0;0,0;0,0;0,0;0,0;3,6;5,0;4,5;3,4;3,6;4,0;4,8;
1821000;"Powiat leski";15,6;14,6;14,3;12,1;11,6;11,3;12,4;11,3;11,4;11,3;11,6;11,9;
1821012;"Baligród (2)";15,2;14,1;13,8;11,2;11,7;10,6;11,9;10,7;10,0;10,2;11,2;11,8;
1821022;"Cisna (2)";18,4;17,5;18,0;15,5;13,3;14,1;17,2;13,5;14,3;15,6;16,8;16,6;
1821033;"Lesko (3)";14,2;13,0;13,1;11,0;10,5;10,0;11,0;10,2;10,4;10,0;10,4;10,7;
1821034;"Lesko - miasto (4)";0,0;0,0;0,0;0,0;0,0;9,8;11,6;10,2;11,1;10,1;10,5;10,6;
1821035;"Lesko - obszar wiejski (5)";0,0;0,0;0,0;0,0;0,0;10,1;10,6;10,3;9,9;9,9;10,3;10,8;
1821042;"Olszanica (2)";16,7;15,7;14,2;11,8;11,6;11,6;12,8;11,8;11,8;11,8;11,3;12,1;
1821052;"Solina (2)";17,0;16,2;15,7;14,0;13,0;13,1;13,2;12,5;12,9;12,9;12,5;12,6;
1861000;"Powiat m. Krosno";7,3;6,3;5,0;3,6;2,9;2,6;3,7;2,8;2,9;3,2;3,4;4,3;
1861011;"Krosno (1)";7,3;6,3;5,0;3,6;2,9;2,6;3,7;2,8;2,9;3,2;3,4;4,3;
1862000;"Powiat m. Przemyśl";11,9;10,6;10,2;9,2;8,5;8,0;9,1;8,8;7,7;7,4;7,6;8,1;
1862011;"Przemyśl (1)";11,9;10,6;10,2;9,2;8,5;8,0;9,1;8,8;7,7;7,4;7,6;8,1;
1863000;"Powiat m. Rzeszów";7,3;7,2;6,7;5,8;5,6;5,2;6,4;5,4;4,7;4,3;4,3;4,6;
1863011;"Rzeszów (1)";7,3;7,2;6,7;5,8;5,6;5,2;6,4;5,4;4,7;4,3;4,3;4,6;
1864000;"Powiat m. Tarnobrzeg";9,1;7,9;7,1;5,9;5,2;4,6;5,6;5,5;4,2;4,2;4,0;4,8;
1864011;"Tarnobrzeg (1)";9,1;7,9;7,1;5,9;5,2;4,6;5,6;5,5;4,2;4,2;4,0;4,8;
2000000;"PODLASKIE";8,0;7,3;6,5;5,4;5,1;4,6;5,5;4,9;4,6;4,7;4,6;5,0;
2001000;"Powiat augustowski";9,6;8,8;6,9;5,8;6,0;5,9;6,9;6,2;6,5;6,7;6,7;6,8;
2001011;"Augustów (1)";9,8;8,5;6,4;5,8;6,1;5,8;6,9;6,0;6,6;7,0;7,1;7,1;
2001022;"Augustów (2)";7,8;7,7;6,1;4,7;4,7;5,1;5,5;4,6;4,8;5,1;4,8;5,4;
2001032;"Bargłów Kościelny (2)";9,2;8,6;7,2;5,5;5,7;5,9;6,7;6,4;6,7;6,6;6,7;6,8;
2001043;"Lipsk (3)";11,1;10,2;9,1;7,4;6,4;6,6;8,0;7,5;6,9;7,7;7,1;7,0;
2001044;"Lipsk - miasto (4)";0,0;0,0;0,0;0,0;0,0;6,8;8,4;8,0;5,8;7,1;5,8;7,0;
2001045;"Lipsk - obszar wiejski (5)";0,0;0,0;0,0;0,0;0,0;6,4;7,6;7,0;7,7;8,2;8,2;7,0;
2001052;"Nowinka (2)";8,8;8,3;6,2;5,0;4,6;6,0;6,7;6,0;6,5;5,3;5,4;6,9;
2001062;"Płaska (2)";12,9;13,3;10,8;8,8;7,9;8,4;10,1;9,0;10,0;9,9;9,9;9,9;
2001072;"Sztabin (2)";8,9;8,2;6,6;5,2;6,0;5,8;6,4;6,4;6,2;5,9;5,7;5,4;
2002000;"Powiat białostocki";8,2;7,4;6,4;5,4;4,8;4,3;5,4;4,9;4,1;4,0;3,9;4,2;
2002013;"Choroszcz (3)";7,0;6,0;4,8;3,8;3,3;2,8;3,9;3,7;2,8;2,8;2,7;3,0;
2002014;"Choroszcz - miasto (4)";0,0;0,0;0,0;0,0;0,0;2,5;4,1;3,6;2,5;2,9;3,0;3,1;
2002015;"Choroszcz - obszar wiejski (5)";0,0;0,0;0,0;0,0;0,0;3,0;3,9;3,7;2,9;2,7;2,5;2,9;
2002023;"Czarna Białostocka (3)";8,5;6,9;6,2;5,1;4,7;3,9;6,0;5,4;4,0;4,1;4,9;5,0;
2002024;"Czarna Białostocka - miasto (4)";0,0;0,0;0,0;0,0;0,0;3,8;6,1;5,5;4,2;4,0;5,1;5,2;
2002025;"Czarna Białostocka - obszar wiejski (5)";0,0;0,0;0,0;0,0;0,0;4,1;5,5;4,8;3,3;4,1;3,9;4,1;
2002032;"Dobrzyniewo Duże (2)";6,6;5,8;5,0;4,4;3,5;3,3;4,3;3,6;3,1;3,5;2,8;3,1;
2002042;"Gródek (2)";12,0;12,1;9,4;8,4;8,1;6,9;9,4;8,7;7,9;7,4;7,7;8,0;
2002052;"Juchnowiec Kościelny (2)";7,0;6,2;5,1;4,6;3,8;3,6;4,7;4,0;3,4;3,5;3,5;3,6;
2002063;"Łapy (3)";10,5;10,4;9,6;8,6;7,7;7,0;8,3;7,3;6,3;6,2;6,3;6,7;
2002064;"Łapy - miasto (4)";0,0;0,0;0,0;0,0;0,0;7,4;8,8;7,7;6,7;6,6;6,7;7,0;
2002065;"Łapy - obszar wiejski (5)";0,0;0,0;0,0;0,0;0,0;6,0;7,1;6,4;5,3;5,3;5,2;5,9;
2002073;"Michałowo (3)";10,4;9,1;8,8;6,6;6,4;5,6;7,8;6,9;5,7;6,3;5,8;5,7;
2002074;"Michałowo - miasto (4)";0,0;0,0;0,0;0,0;0,0;5,4;8,0;7,4;4,8;5,6;6,0;5,5;
2002075;"Michałowo - obszar wiejski (5)";0,0;0,0;0,0;0,0;0,0;5,8;7,7;6,5;6,4;6,9;5,7;5,9;
2002082;"Poświętne (2)";8,1;7,4;6,8;6,5;5,5;5,9;6,5;6,5;4,4;4,4;4,9;5,1;
2002093;"Supraśl (3)";7,7;7,2;6,0;4,8;4,1;3,6;4,4;4,1;3,3;3,2;3,1;3,5;
2002094;"Supraśl - miasto (4)";0,0;0,0;0,0;0,0;0,0;4,4;6,2;5,9;4,7;4,2;3,8;4,7;
2002095;"Supraśl - obszar wiejski (5)";0,0;0,0;0,0;0,0;0,0;3,3;3,8;3,6;2,9;2,9;2,9;2,2;
2002103;"Suraż (3)";8,2;6,1;7,5;5,3;5,3;5,5;6,4;5,6;5,9;5,5;5,2;5,4;
2002104;"Suraż - miasto (4)";0,0;0,0;0,0;0,0;0,0;5,4;5,9;5,7;6,5;5,7;5,2;5,0;
2002105;"Suraż - obszar wiejski (5)";0,0;0,0;0,0;0,0;0,0;5,5;6,9;5,6;5,2;5,3;5,2;5,8;
2002112;"Turośń Kościelna (2)";7,1;6,1;6,3;4,9;4,8;4,8;5,3;4,9;4,3;3,8;3,4;3,6;
2002123;"Tykocin (3)";6,2;4,8;4,1;3,9;3,2;3,1;4,3;3,6;3,3;3,5;3,2;3,0;
2002124;"Tykocin - miasto (4)";0,0;0,0;0,0;0,0;0,0;4,4;5,8;4,9;4,3;4,3;3,1;3,3;
2002125;"Tykocin - obszar wiejski (5)";0,0;0,0;0,0;0,0;0,0;2,5;3,6;3,0;2,9;3,0;3,2;2,9;
2002133;"Wasilków (3)";8,3;7,0;5,8;4,9;4,1;3,7;4,4;4,0;3,4;3,4;3,3;3,7;
2002134;"Wasilków - miasto (4)";0,0;0,0;0,0;0,0;0,0;3,8;4,6;4,2;3,5;3,6;3,6;4,2;
2002135;"Wasilków - obszar wiejski (5)";0,0;0,0;0,0;0,0;0,0;3,4;4,1;3,7;3,2;3,2;2,8;3,0;
2002143;"Zabłudów (3)";8,6;8,0;6,6;5,3;4,5;3,7;5,5;4,7;4,1;4,1;3,6;3,9;
2002144;"Zabłudów - miasto (4)";0,0;0,0;0,0;0,0;0,0;4,1;6,2;6,1;4,9;5,0;4,7;5,0;
2002145;"Zabłudów - obszar wiejski (5)";0,0;0,0;0,0;0,0;0,0;3,5;5,3;4,2;3,8;3,8;3,2;3,5;
2002152;"Zawady (2)";3,6;3,6;3,4;2,6;3,1;2,1;2,9;3,4;3,1;3,3;2,3;2,7;
2002162;"Grabówka (2)";;;;;;;;;;;;3,6;
2003000;"Powiat bielski";6,0;5,4;5,0;4,6;4,0;3,6;4,0;2,9;2,9;3,1;3,3;3,6;
2003011;"Bielsk Podlaski (1)";6,7;5,8;5,4;5,1;4,3;3,8;4,5;3,2;3,3;3,7;4,0;4,4;
2003021;"Brańsk (1)";5,3;5,7;5,0;3,9;3,9;3,5;3,4;2,7;2,3;2,2;2,7;2,5;
2003032;"Bielsk Podlaski (2)";5,9;5,5;5,2;4,7;4,3;4,0;4,2;3,2;3,2;2,9;3,2;3,8;
2003042;"Boćki (2)";5,1;4,1;4,2;3,0;3,6;3,2;3,3;1,8;2,4;2,5;2,5;3,2;
2003052;"Brańsk (2)";3,4;3,0;2,6;2,4;2,5;2,0;1,7;1,2;1,4;1,5;1,6;1,4;
2003062;"Orla (2)";6,8;6,9;6,6;7,3;6,1;4,9;4,6;4,0;3,3;3,8;4,4;4,0;
2003072;"Rudka (2)";7,6;7,3;6,6;5,9;5,0;5,2;6,2;4,5;4,0;3,9;3,2;2,9;
2003082;"Wyszki (2)";5,1;5,0;4,2;3,9;3,3;3,2;4,0;3,0;2,6;2,7;2,6;3,2;
2004000;"Powiat grajewski";11,8;10,5;10,1;8,5;8,0;7,0;7,6;6,9;6,9;6,6;6,7;6,6;
2004011;"Grajewo (1)";12,6;11,0;10,7;9,4;8,7;7,8;8,3;7,5;7,7;7,3;7,3;7,1;
2004022;"Grajewo (2)";10,7;9,4;9,2;7,1;6,6;5,3;6,1;6,1;6,3;6,2;6,1;5,7;
2004032;"Radziłów (2)";7,6;7,1;6,7;5,4;6,2;5,1;5,0;4,8;4,2;4,5;5,7;5,9;
2004043;"Rajgród (3)";12,1;11,3;10,3;8,7;7,9;7,2;8,5;7,1;7,4;6,7;6,9;6,7;
2004044;"Rajgród - miasto (4)";0,0;0,0;0,0;0,0;0,0;7,3;7,6;6,6;7,1;5,4;6,6;5,4;
2004045;"Rajgród - obszar wiejski (5)";0,0;0,0;0,0;0,0;0,0;7,1;8,9;7,3;7,5;7,3;7,1;7,2;
2004053;"Szczuczyn (3)";13,5;11,5;11,6;9,0;8,6;7,7;8,1;7,2;6,8;6,5;6,5;6,4;
2004054;"Szczuczyn - miasto (4)";0,0;0,0;0,0;0,0;0,0;9,2;10,3;9,1;8,2;7,6;7,4;8,0;
2004055;"Szczuczyn - obszar wiejski (5)";0,0;0,0;0,0;0,0;0,0;5,7;5,4;4,9;5,2;5,2;5,3;4,4;
2004062;"Wąsosz (2)";10,9;10,4;9,2;7,7;7,3;6,0;6,6;6,3;5,9;6,0;6,1;6,3;
2005000;"Powiat hajnowski";6,9;6,5;6,4;5,1;5,2;4,6;5,9;5,4;5,5;5,8;5,7;6,0;
2005011;"Hajnówka (1)";6,1;5,7;5,6;4,3;4,9;4,1;5,7;5,1;5,1;5,8;6,0;6,3;
2005022;"Białowieża (2)";10,1;10,2;8,0;7,5;6,6;6,9;7,6;7,0;6,6;6,7;6,4;7,1;
2005032;"Czeremcha (2)";8,7;8,0;8,3;6,8;6,6;6,1;8,0;7,3;8,7;7,7;7,0;7,7;
2005042;"Czyże (2)";4,2;4,8;4,3;3,5;3,8;3,1;3,6;4,4;4,8;4,3;3,1;4,6;
2005052;"Dubicze Cerkiewne (2)";7,2;6,3;7,3;5,9;5,2;5,0;5,9;5,9;5,4;5,2;5,1;5,3;
2005062;"Hajnówka (2)";5,9;5,2;5,3;4,0;4,1;3,8;4,7;4,2;4,6;4,6;4,4;4,3;
2005073;"Kleszczele (3)";7,8;6,7;6,0;6,5;5,8;5,0;5,8;6,0;6,4;6,7;5,6;6,1;
2005074;"Kleszczele - miasto (4)";0,0;0,0;0,0;0,0;0,0;4,8;4,3;5,3;6,4;6,2;5,6;5,2;
2005075;"Kleszczele - obszar wiejski (5)";0,0;0,0;0,0;0,0;0,0;5,3;7,7;6,9;6,3;7,4;5,7;7,1;
2005082;"Narew (2)";8,9;9,0;9,2;7,4;7,1;5,6;6,7;6,3;5,3;6,0;5,5;5,3;
2005092;"Narewka (2)";8,1;7,2;7,8;5,6;4,9;5,2;6,2;5,5;6,0;6,0;6,0;6,0;
2006000;"Powiat kolneński";11,6;10,9;10,8;10,0;9,4;9,3;10,2;10,0;9,9;9,4;8,5;8,3;
2006011;"Kolno (1)";12,5;12,2;11,3;10,4;9,8;9,7;10,3;10,0;10,2;9,6;8,8;8,8;
2006022;"Grabowo (2)";9,1;8,7;8,6;7,5;7,8;6,5;7,9;8,1;7,0;7,2;5,6;5,7;
2006032;"Kolno (2)";12,4;11,1;10,8;10,2;8,9;9,8;11,1;10,4;10,6;9,9;9,1;8,5;
2006042;"Mały Płock (2)";12,2;11,1;11,5;10,1;9,7;9,0;9,3;10,3;9,9;9,1;8,2;7,4;
2006053;"Stawiski (3)";9,0;7,8;8,7;8,6;7,9;7,7;8,2;8,9;8,4;7,6;7,2;7,5;
2006054;"Stawiski - miasto (4)";0,0;0,0;0,0;0,0;0,0;10,6;10,8;11,0;9,4;9,5;8,8;9,4;
2006055;"Stawiski - obszar wiejski (5)";0,0;0,0;0,0;0,0;0,0;6,0;6,7;7,7;7,8;6,6;6,3;6,5;
2006062;"Turośl (2)";13,0;12,6;13,2;12,2;11,6;11,7;12,8;11,8;12,1;12,0;11,0;10,4;
2007000;"Powiat łomżyński";7,8;7,1;6,3;5,1;4,2;3,8;3,9;3,0;3,1;3,1;3,1;3,6;
2007013;"Jedwabne (3)";5,8;6,1;5,6;4,6;3,8;3,1;3,6;2,6;2,8;2,9;2,6;2,6;
2007014;"Jedwabne - miasto (4)";0,0;0,0;0,0;0,0;0,0;5,9;6,0;5,0;5,0;5,3;3,8;4,2;
2007015;"Jedwabne - obszar wiejski (5)";0,0;0,0;0,0;0,0;0,0;1,8;2,3;1,3;1,7;1,7;2,0;1,7;
2007022;"Łomża (2)";8,1;7,4;6,2;5,3;4,4;4,1;4,1;3,3;3,2;3,0;3,0;3,7;
2007032;"Miastkowo (2)";10,3;9,0;8,7;7,0;5,0;4,7;5,5;3,6;3,6;3,9;3,5;5,1;
2007043;"Nowogród (3)";9,5;7,9;6,5;5,8;4,6;4,3;4,3;4,0;3,6;3,4;3,3;4,1;
2007044;"Nowogród - miasto (4)";0,0;0,0;0,0;0,0;0,0;5,4;5,6;4,8;3,8;4,0;4,1;4,3;
2007045;"Nowogród - obszar wiejski (5)";0,0;0,0;0,0;0,0;0,0;2,9;2,8;3,1;3,4;2,7;2,3;3,8;
2007052;"Piątnica (2)";7,0;6,1;6,0;4,5;4,0;3,4;3,4;2,5;2,8;2,9;3,5;3,5;
2007062;"Przytuły (2)";5,5;5,4;4,2;3,0;2,4;2,0;2,9;2,3;2,6;2,6;2,2;2,0;
2007072;"Śniadowo (2)";6,5;5,6;5,4;4,4;3,3;3,5;2,7;2,1;2,5;2,6;2,6;3,2;
2007082;"Wizna (2)";7,7;7,6;5,9;4,8;4,6;3,1;4,0;3,0;2,8;2,9;2,9;2,7;
2007092;"Zbójna (2)";9,6;9,1;8,5;7,0;5,4;5,6;5,5;4,1;4,3;4,5;3,6;4,8;
2008000;"Powiat moniecki";7,1;7,1;5,4;4,2;4,4;4,0;4,6;4,0;4,0;4,0;3,9;4,1;
2008013;"Goniądz (3)";8,1;7,4;6,2;4,9;4,8;4,0;4,8;4,7;4,8;4,3;4,3;4,7;
2008014;"Goniądz - miasto (4)";0,0;0,0;0,0;0,0;0,0;5,5;6,9;5,7;6,5;5,6;5,5;5,8;
2008015;"Goniądz - obszar wiejski (5)";0,0;0,0;0,0;0,0;0,0;3,1;3,5;4,1;3,9;3,6;3,6;4,1;
2008022;"Jasionówka (2)";5,9;5,4;4,5;4,0;4,3;4,4;4,9;4,1;3,7;3,8;4,3;4,0;
2008032;"Jaświły (2)";4,9;5,0;4,1;2,6;2,8;3,0;3,4;2,6;3,0;3,3;3,2;3,1;
2008043;"Knyszyn (3)";9,6;10,3;7,6;5,7;5,7;4,8;4,6;4,0;4,7;5,1;4,6;4,2;
2008044;"Knyszyn - miasto (4)";0,0;0,0;0,0;0,0;0,0;5,2;5,2;4,5;4,9;5,1;4,6;4,0;
2008045;"Knyszyn - obszar wiejski (5)";0,0;0,0;0,0;0,0;0,0;4,2;3,8;3,3;4,5;5,2;4,7;4,4;
2008052;"Krypno (2)";5,9;7,0;5,3;4,0;5,0;3,9;5,1;4,2;3,8;4,2;3,6;4,2;
2008063;"Mońki (3)";7,6;7,3;5,3;4,2;4,4;4,2;4,8;4,3;4,1;4,0;4,1;4,5;
2008064;"Mońki - miasto (4)";0,0;0,0;0,0;0,0;0,0;4,6;5,2;4,5;4,3;4,3;4,4;4,8;
2008065;"Mońki - obszar wiejski (5)";0,0;0,0;0,0;0,0;0,0;3,4;3,8;3,9;3,7;3,4;3,5;3,9;
2008072;"Trzcianne (2)";5,9;6,2;4,6;4,1;4,2;3,8;4,5;3,5;3,2;3,6;3,1;2,9;
2009000;"Powiat sejneński";10,3;11,3;10,8;9,2;8,8;8,6;10,0;9,4;8,7;9,2;9,4;8,9;
2009011;"Sejny (1)";11,3;12,9;12,4;10,5;10,9;9,8;11,5;10,6;10,0;10,0;11,7;11,2;
2009022;"Giby (2)";12,1;14,8;13,4;11,6;9,9;11,0;12,8;11,4;11,6;12,5;11,4;10,4;
2009032;"Krasnopol (2)";9,5;10,6;10,5;9,0;7,7;7,6;8,9;8,5;7,7;8,1;8,0;7,1;
2009042;"Puńsk (2)";8,3;8,2;8,2;6,6;6,9;6,9;7,7;7,3;6,8;7,5;7,2;6,8;
2009052;"Sejny (2)";10,6;10,6;10,1;8,7;8,3;8,2;9,6;9,3;8,3;9,1;9,2;9,2;
2010000;"Powiat siemiatycki";6,1;5,8;5,5;4,9;4,3;3,9;4,0;3,8;3,7;3,9;4,0;4,0;
2010011;"Siemiatycze (1)";6,6;6,2;5,7;5,0;4,5;3,9;4,2;3,7;3,9;4,4;4,3;4,4;
2010023;"Drohiczyn (3)";4,7;5,0;4,8;4,2;3,7;3,5;3,8;3,6;3,2;3,6;3,5;3,5;
2010024;"Drohiczyn - miasto (4)";0,0;0,0;0,0;0,0;0,0;4,4;4,5;4,8;4,4;5,3;4,5;5,2;
2010025;"Drohiczyn - obszar wiejski (5)";0,0;0,0;0,0;0,0;0,0;3,1;3,5;3,0;2,7;2,8;3,0;2,8;
2010032;"Dziadkowice (2)";4,6;4,0;4,0;3,9;3,7;3,6;3,9;3,6;3,0;3,1;3,2;3,2;
2010042;"Grodzisk (2)";3,8;3,7;3,6;3,1;2,8;2,6;3,0;2,9;2,9;2,8;3,1;3,0;
2010052;"Mielnik (2)";6,3;5,4;4,5;5,1;3,6;4,0;3,6;4,2;4,1;4,3;4,3;5,1;
2010062;"Milejczyce (2)";9,1;8,3;9,5;7,8;6,8;5,9;5,5;5,6;4,4;5,4;6,2;6,6;
2010072;"Nurzec-Stacja (2)";12,0;11,4;11,4;10,3;8,5;7,0;7,1;6,6;7,1;6,4;6,4;6,0;
2010082;"Perlejewo (2)";3,5;3,6;3,3;3,0;2,8;2,5;2,2;2,3;1,9;2,3;1,6;1,9;
2010092;"Siemiatycze (2)";5,3;4,9;4,6;4,1;3,9;3,2;3,4;3,4;2,8;2,9;3,4;3,6;
2011000;"Powiat sokólski";9,9;9,6;8,3;7,2;7,3;6,7;7,8;7,2;6,7;6,8;6,6;7,1;
2011013;"Dąbrowa Białostocka (3)";11,2;10,8;8,8;7,1;7,8;7,5;9,2;8,1;7,9;7,9;7,2;7,9;
2011014;"Dąbrowa Białostocka - miasto (4)";0,0;0,0;0,0;0,0;0,0;8,4;9,8;8,1;8,3;8,2;7,0;7,7;
2011015;"Dąbrowa Białostocka - obszar wiejski (5)";0,0;0,0;0,0;0,0;0,0;6,6;8,5;8,2;7,5;7,7;7,5;8,1;
2011022;"Janów (2)";6,0;5,8;5,7;4,5;4,3;3,9;4,4;3,7;3,6;3,3;3,6;4,2;
2011032;"Korycin (2)";5,0;5,0;4,2;4,7;4,1;3,0;4,2;4,3;4,1;4,1;3,3;3,5;
2011043;"Krynki (3)";13,6;14,2;13,3;12,1;12,2;11,4;13,2;13,4;12,6;11,4;9,8;10,3;
2011044;"Krynki - miasto (4)";0,0;0,0;0,0;0,0;0,0;11,9;13,9;14,2;13,4;12,2;10,3;10,6;
2011045;"Krynki - obszar wiejski (5)";0,0;0,0;0,0;0,0;0,0;9,5;10,5;10,5;9,7;8,7;7,9;9,0;
2011052;"Kuźnica (2)";11,6;11,2;10,5;8,8;9,0;7,8;8,7;8,0;7,9;7,9;8,6;9,2;
2011062;"Nowy Dwór (2)";10,7;10,7;9,0;8,2;8,8;8,2;11,4;10,6;9,9;8,3;8,6;8,7;
2011072;"Sidra (2)";9,0;9,5;7,9;6,6;6,0;5,5;6,5;5,4;5,5;6,6;6,1;6,2;
2011083;"Sokółka (3)";10,0;9,6;7,9;7,0;7,2;6,5;7,1;6,5;6,0;6,4;6,3;7,0;
2011084;"Sokółka - miasto (4)";0,0;0,0;0,0;0,0;0,0;6,7;7,2;6,6;6,1;6,5;6,3;7,0;
2011085;"Sokółka - obszar wiejski (5)";0,0;0,0;0,0;0,0;0,0;5,8;6,8;6,3;5,8;6,3;6,1;6,8;
2011093;"Suchowola (3)";8,9;8,5;7,6;6,8;6,6;6,1;7,4;7,1;6,0;6,2;6,4;6,5;
2011094;"Suchowola - miasto (4)";0,0;0,0;0,0;0,0;0,0;7,7;9,9;9,6;8,2;7,9;8,3;7,8;
2011095;"Suchowola - obszar wiejski (5)";0,0;0,0;0,0;0,0;0,0;5,4;6,2;5,9;5,0;5,4;5,5;5,9;
2011102;"Szudziałowo (2)";12,2;10,6;11,4;9,9;8,9;8,2;9,4;9,4;8,9;8,1;7,9;8,4;
2012000;"Powiat suwalski";4,5;4,3;3,8;2,9;2,6;2,5;2,9;2,6;2,8;2,8;2,9;3,1;
2012012;"Bakałarzewo (2)";3,5;2,7;2,9;2,2;2,4;2,1;2,8;2,4;2,8;2,8;3,1;2,8;
2012022;"Filipów (2)";6,6;6,1;5,7;3,9;3,7;3,1;3,5;3,5;3,9;4,1;4,0;4,5;
2012032;"Jeleniewo (2)";3,3;4,0;3,2;2,5;1,7;2,0;2,3;1,6;2,0;2,3;2,0;2,0;
2012042;"Przerośl (2)";4,8;5,0;4,5;3,6;2,6;2,9;3,0;3,0;3,1;3,0;3,3;3,5;
2012052;"Raczki (2)";3,6;4,0;2,9;2,2;2,1;2,3;2,8;2,3;2,3;2,2;2,5;2,7;
2012062;"Rutka-Tartak (2)";4,0;3,3;3,1;2,1;1,8;1,6;1,6;1,5;1,7;2,5;2,0;2,3;
2012072;"Suwałki (2)";5,1;4,5;4,2;3,1;2,9;2,6;2,9;2,8;2,8;3,2;3,0;3,1;
2012082;"Szypliszki (2)";4,2;4,0;3,1;2,9;2,4;2,7;3,3;2,6;3,0;2,6;3,2;4,0;
2012092;"Wiżajny (2)";4,3;4,0;3,4;2,9;3,1;2,3;3,3;3,4;3,3;2,7;2,8;2,8;
2013000;"Powiat wysokomazowiecki";5,7;5,8;5,2;4,6;4,5;4,5;5,0;4,7;5,0;4,9;5,1;5,1;
2013011;"Wysokie Mazowieckie (1)";6,2;6,4;5,8;5,1;4,5;4,4;5,2;4,7;4,9;4,8;5,2;5,4;
2013023;"Ciechanowiec (3)";6,8;6,7;6,2;5,2;5,0;5,5;6,0;5,5;4,9;4,9;5,5;5,3;
2013024;"Ciechanowiec - miasto (4)";0,0;0,0;0,0;0,0;0,0;7,2;7,4;6,6;6,3;6,5;6,7;6,4;
2013025;"Ciechanowiec - obszar wiejski (5)";0,0;0,0;0,0;0,0;0,0;3,5;4,3;4,2;3,4;3,1;4,0;4,1;
2013033;"Czyżew (3)";4,8;6,0;4,7;4,4;4,6;4,2;4,6;4,9;4,9;5,0;5,4;5,4;
2013034;"Czyżew - miasto (4)";0,0;0,0;0,0;0,0;0,0;4,4;5,1;5,5;5,8;5,5;6,4;6,5;
2013035;"Czyżew - obszar wiejski (5)";0,0;0,0;0,0;0,0;0,0;4,0;4,2;4,4;4,2;4,6;4,8;4,6;
2013042;"Klukowo (2)";5,0;5,6;4,9;5,1;5,1;5,4;5,6;5,3;5,9;5,7;5,2;4,9;
2013052;"Kobylin-Borzymy (2)";3,0;3,7;2,9;1,6;1,9;2,6;3,2;2,7;2,4;2,6;2,8;3,2;
2013062;"Kulesze Kościelne (2)";5,8;5,1;4,3;3,6;3,3;3,6;4,2;4,0;4,5;4,9;4,5;4,6;
2013072;"Nowe Piekuty (2)";5,1;5,2;4,2;3,5;3,0;3,4;3,0;3,6;3,8;3,6;3,6;3,6;
2013082;"Sokoły (2)";6,6;5,6;5,8;4,9;4,9;4,9;4,9;4,5;5,2;5,0;5,6;5,5;
2013093;"Szepietowo (3)";7,2;6,8;6,2;6,0;6,1;5,6;6,4;5,9;7,0;7,3;6,7;7,0;
2013094;"Szepietowo - miasto (4)";0,0;0,0;0,0;0,0;0,0;7,4;8,5;8,1;9,7;9,4;8,9;9,1;
2013095;"Szepietowo - obszar wiejski (5)";0,0;0,0;0,0;0,0;0,0;4,7;5,4;4,8;5,8;6,3;5,8;6,0;
2013102;"Wysokie Mazowieckie (2)";3,8;4,2;3,7;3,4;3,9;3,7;3,9;4,0;4,3;3,9;4,1;3,5;
2014000;"Powiat zambrowski";8,5;7,8;6,7;5,9;5,0;4,2;4,5;4,3;4,3;4,1;4,3;4,9;
2014011;"Zambrów (1)";9,9;9,3;7,8;7,2;6,3;5,5;6,0;5,4;5,5;5,4;5,6;6,4;
2014022;"Kołaki Kościelne (2)";4,3;4,8;3,7;2,7;2,3;1,8;1,9;2,7;3,0;2,6;2,5;2,3;
2014032;"Rutki (2)";9,1;7,8;7,2;6,0;4,5;3,3;3,7;3,1;3,4;3,5;3,5;4,4;
2014042;"Szumowo (2)";6,1;4,8;4,6;3,4;2,6;2,4;2,4;2,5;2,4;2,2;2,9;2,7;
2014052;"Zambrów (2)";7,0;6,4;5,4;4,4;3,9;3,4;3,2;3,6;3,6;3,1;2,9;3,6;
2061000;"Powiat m. Białystok";7,8;7,0;6,1;4,8;4,4;3,9;5,1;4,6;4,0;4,0;4,0;4,6;
2061011;"Białystok (1)";7,8;7,0;6,1;4,8;4,4;3,9;5,1;4,6;4,0;4,0;4,0;4,6;
2062000;"Powiat m. Łomża";9,1;7,7;7,1;5,8;5,3;4,7;5,5;4,4;4,4;4,5;4,4;5,1;
2062011;"Łomża (1)";9,1;7,7;7,1;5,8;5,3;4,7;5,5;4,4;4,4;4,5;4,4;5,1;
2063000;"Powiat m. Suwałki";6,1;5,3;4,6;3,7;3,5;3,3;4,3;3,5;3,7;3,9;3,9;4,5;
2063011;"Suwałki (1)";6,1;5,3;4,6;3,7;3,5;3,3;4,3;3,5;3,7;3,9;3,9;4,5;
2200000;"POMORSKIE";6,7;5,4;4,5;3,5;3,3;3,0;4,0;3,4;3,0;3,1;3,1;3,6;
2201000;"Powiat bytowski";12,6;10,6;8,7;6,3;5,9;5,6;6,1;5,8;6,1;6,2;5,8;6,4;
2201012;"Borzytuchom (2)";11,7;9,9;7,3;5,0;5,6;4,9;5,8;4,6;5,0;5,4;5,1;6,5;
2201023;"Bytów (3)";9,9;8,6;6,9;4,7;4,3;4,1;4,1;4,0;4,8;4,5;4,3;4,9;
2201024;"Bytów - miasto (4)";0,0;0,0;0,0;0,0;0,0;4,2;4,2;4,2;5,0;4,7;4,6;5,2;
2201025;"Bytów - obszar wiejski (5)";0,0;0,0;0,0;0,0;0,0;4,1;3,9;3,7;4,4;4,2;3,9;4,3;
2201032;"Czarna Dąbrówka (2)";14,5;11,9;9,5;6,7;6,5;6,6;7,9;6,7;6,5;7,5;7,3;7,1;
2201042;"Kołczygłowy (2)";12,7;11,3;8,5;6,0;5,6;5,4;6,1;6,3;6,3;5,4;5,4;7,6;
2201052;"Lipnica (2)";9,2;8,8;7,0;4,1;4,8;3,9;3,4;3,5;3,6;3,8;3,5;4,2;
2201063;"Miastko (3)";16,9;13,5;12,1;9,4;8,7;9,1;10,1;9,6;9,5;9,9;9,0;9,7;
2201064;"Miastko - miasto (4)";0,0;0,0;0,0;0,0;0,0;7,8;8,2;8,2;8,1;8,6;8,2;9,6;
2201065;"Miastko - obszar wiejski (5)";0,0;0,0;0,0;0,0;0,0;10,5;12,0;11,1;11,0;11,2;9,7;9,8;
2201072;"Parchowo (2)";10,1;9,3;6,4;3,9;4,6;3,3;4,6;4,6;5,0;4,6;4,0;4,6;
2201082;"Studzienice (2)";10,3;8,7;6,6;3,9;3,8;3,1;3,8;3,5;3,9;4,4;4,1;3,2;
2201092;"Trzebielino (2)";17,7;14,1;12,3;10,6;9,3;7,0;7,9;6,8;6,4;6,8;6,6;7,7;
2201102;"Tuchomie (2)";9,5;8,9;6,6;4,9;4,3;3,4;4,4;3,9;5,7;5,5;4,9;5,1;
2202000;"Powiat chojnicki";10,5;9,0;7,6;5,8;5,4;5,0;5,6;5,4;5,5;5,7;5,7;6,3;
2202011;"Chojnice (1)";9,1;7,4;6,2;4,7;4,0;3,6;4,2;4,2;4,1;3,9;4,2;5,1;
2202023;"Brusy (3)";11,0;9,6;7,1;5,7;6,3;6,2;6,3;6,0;6,8;6,7;6,5;7,1;
2202024;"Brusy - miasto (4)";0,0;0,0;0,0;0,0;0,0;5,5;5,5;5,1;5,7;5,6;5,1;6,2;
2202025;"Brusy - obszar wiejski (5)";0,0;0,0;0,0;0,0;0,0;6,5;6,8;6,6;7,4;7,3;7,3;7,6;
2202032;"Chojnice (2)";10,8;8,8;7,6;6,0;5,7;4,9;5,8;5,5;5,4;5,6;5,4;5,6;
2202043;"Czersk (3)";12,7;11,6;10,2;7,7;7,1;6,5;7,2;7,0;7,1;8,0;7,9;8,7;
2202044;"Czersk - miasto (4)";0,0;0,0;0,0;0,0;0,0;5,1;5,4;5,6;6,1;7,5;6,9;8,5;
2202045;"Czersk - obszar wiejski (5)";0,0;0,0;0,0;0,0;0,0;7,7;8,9;8,3;8,0;8,5;8,8;9,0;
2202052;"Konarzyny (2)";9,8;9,5;7,6;6,4;6,6;6,8;6,5;7,2;7,1;6,3;5,7;5,9;
2203000;"Powiat człuchowski";11,6;10,3;8,5;6,7;5,4;5,2;6,9;6,6;5,9;5,8;5,8;6,5;
2203011;"Człuchów (1)";9,3;7,8;6,8;5,4;4,7;4,5;6,0;5,2;5,2;5,1;5,1;5,7;
2203023;"Czarne (3)";12,5;11,4;8,6;6,8;5,4;4,9;6,8;6,6;5,2;4,9;4,8;5,6;
2203024;"Czarne - miasto (4)";0,0;0,0;0,0;0,0;0,0;4,3;6,3;5,6;4,2;3,9;4,1;4,8;
2203025;"Czarne - obszar wiejski (5)";0,0;0,0;0,0;0,0;0,0;6,1;7,6;8,6;6,9;6,6;6,2;7,0;
2203032;"Człuchów (2)";12,7;10,0;9,1;6,8;5,4;5,6;6,7;5,9;5,6;5,4;5,6;6,4;
2203043;"Debrzno (3)";14,3;13,9;10,5;8,7;6,7;6,4;8,3;7,9;7,7;7,5;7,2;7,9;
2203044;"Debrzno - miasto (4)";0,0;0,0;0,0;0,0;0,0;5,6;7,3;6,6;6,8;6,3;6,1;7,0;
2203045;"Debrzno - obszar wiejski (5)";0,0;0,0;0,0;0,0;0,0;7,4;9,5;9,5;9,0;9,1;8,6;9,1;
2203052;"Koczała (2)";12,8;12,3;9,8;8,8;6,5;6,8;8,8;10,1;7,6;6,9;6,2;6,9;
2203062;"Przechlewo (2)";8,6;7,7;7,1;5,1;4,3;4,5;6,4;6,9;5,5;6,1;6,4;7,1;
2203072;"Rzeczenica (2)";12,6;11,1;9,2;7,7;5,9;4,5;7,0;6,7;5,9;6,2;6,4;7,7;
2204000;"Powiat gdański";4,4;3,3;3,1;2,6;2,4;2,2;3,1;2,6;2,1;2,1;2,1;2,4;
2204011;"Pruszcz Gdański (1)";3,9;2,9;2,8;2,4;2,2;2,1;3,0;2,7;2,0;1,9;2,0;2,5;
2204022;"Cedry Wielkie (2)";5,6;4,1;3,8;3,4;3,3;3,0;4,4;3,3;2,6;3,0;3,1;3,2;
2204032;"Kolbudy (2)";3,7;2,8;2,4;2,1;1,9;1,9;2,4;2,2;1,7;1,8;1,9;2,0;
2204042;"Pruszcz Gdański (2)";4,0;3,0;2,9;2,4;2,2;2,0;2,8;2,2;1,7;1,9;1,8;2,2;
2204052;"Przywidz (2)";5,9;4,5;3,9;3,2;3,1;2,4;3,1;3,8;3,0;3,1;2,5;3,5;
2204062;"Pszczółki (2)";4,4;3,3;2,8;2,5;2,0;2,1;3,1;2,6;2,3;2,1;2,0;2,3;
2204072;"Suchy Dąb (2)";5,3;5,0;4,9;3,6;3,4;3,0;4,6;3,7;3,0;2,8;2,9;3,4;
2204082;"Trąbki Wielkie (2)";5,8;4,2;3,8;3,3;2,8;2,5;3,6;3,4;2,7;2,8;2,6;2,8;
2205000;"Powiat kartuski";4,7;3,2;2,5;2,1;1,8;1,6;2,5;2,2;2,0;1,7;1,5;2,1;
2205012;"Chmielno (2)";5,8;4,0;3,2;2,6;2,2;1,9;2,9;2,9;2,5;1,9;1,8;2,4;
2205023;"Kartuzy (3)";5,3;3,6;3,0;2,3;1,9;1,8;2,9;2,7;2,6;2,2;2,0;2,8;
2205024;"Kartuzy - miasto (4)";0,0;0,0;0,0;0,0;0,0;1,7;3,3;2,8;2,9;2,5;2,1;3,2;
2205025;"Kartuzy - obszar wiejski (5)";0,0;0,0;0,0;0,0;0,0;1,8;2,7;2,6;2,4;2,1;1,9;2,6;
2205032;"Przodkowo (2)";3,6;2,5;2,2;1,9;1,7;1,2;2,1;2,0;1,7;1,4;1,3;1,6;
2205042;"Sierakowice (2)";4,5;2,7;2,4;1,9;1,8;1,7;2,4;2,3;2,1;1,7;1,7;2,2;
2205052;"Somonino (2)";6,5;3,8;2,7;2,5;2,1;1,9;3,1;2,6;2,3;2,2;1,7;2,8;
2205062;"Stężyca (2)";5,7;4,1;2,8;2,7;2,2;1,8;2,6;2,6;2,3;1,8;2,0;2,3;
2205072;"Sulęczyno (2)";6,1;4,1;2,8;2,6;2,4;2,0;2,9;2,6;2,4;1,9;1,9;2,2;
2205083;"Żukowo (3)";3,4;2,5;1,9;1,7;1,4;1,2;1,9;1,6;1,3;1,1;1,0;1,4;
2205084;"Żukowo - miasto (4)";0,0;0,0;0,0;0,0;0,0;0,6;0,9;0,8;0,7;0,5;0,6;0,8;
2205085;"Żukowo - obszar wiejski (5)";0,0;0,0;0,0;0,0;0,0;1,3;2,1;1,7;1,4;1,2;1,0;1,5;
2206000;"Powiat kościerski";7,8;6,3;5,2;4,2;4,2;3,9;5,1;4,2;4,5;4,7;4,5;5,2;
2206011;"Kościerzyna (1)";8,1;6,2;5,3;4,4;4,7;4,2;5,5;4,2;4,7;4,9;4,6;6,0;
2206022;"Dziemiany (2)";7,9;6,9;4,7;3,7;3,5;3,7;4,1;3,5;4,7;5,1;4,6;5,1;
2206032;"Karsin (2)";7,9;7,2;5,7;4,6;4,4;3,9;4,4;4,2;4,5;5,0;4,9;5,1;
2206042;"Kościerzyna (2)";7,5;5,6;4,8;3,9;3,8;3,6;4,8;4,3;4,5;4,5;4,4;4,9;
2206052;"Liniewo (2)";7,8;6,8;5,7;4,6;4,6;4,6;5,9;5,2;5,0;5,4;4,9;5,4;
2206062;"Lipusz (2)";5,9;5,0;4,4;3,4;3,6;3,5;5,2;4,2;4,3;4,5;3,6;4,7;
2206072;"Nowa Karczma (2)";8,0;6,4;5,6;4,5;4,2;3,7;5,4;4,6;4,6;4,2;4,4;5,0;
2206082;"Stara Kiszewa (2)";8,6;7,0;5,4;4,1;3,4;3,6;4,5;3,9;3,8;4,0;4,2;4,3;
2207000;"Powiat kwidzyński";7,4;5,4;5,1;3,9;3,3;3,4;4,7;4,3;3,6;4,3;4,5;4,9;
2207011;"Kwidzyn (1)";6,0;4,4;4,4;3,3;2,7;2,9;4,1;3,7;3,1;3,5;3,8;4,3;
2207022;"Gardeja (2)";9,0;5,7;5,6;4,2;3,5;3,9;5,5;5,0;4,2;5,5;5,8;6,2;
2207032;"Kwidzyn (2)";8,1;6,0;5,4;4,2;3,9;3,4;4,7;4,3;3,6;4,0;4,4;4,7;
2207043;"Prabuty (3)";8,4;7,0;6,1;4,7;4,2;4,5;5,4;5,6;4,8;5,6;5,5;5,4;
2207044;"Prabuty - miasto (4)";0,0;0,0;0,0;0,0;0,0;4,1;5,2;5,3;4,0;5,1;5,2;5,1;
2207045;"Prabuty - obszar wiejski (5)";0,0;0,0;0,0;0,0;0,0;5,1;5,9;6,1;6,2;6,6;6,2;5,7;
2207052;"Ryjewo (2)";9,7;6,9;6,2;4,6;4,4;4,4;5,7;5,0;3,9;5,4;5,4;5,7;
2207062;"Sadlinki (2)";7,7;5,3;5,4;3,7;2,9;3,2;4,4;4,3;3,0;4,4;3,9;4,9;
2208000;"Powiat lęborski";8,7;7,4;5,4;4,1;4,7;4,8;6,2;6,1;6,2;6,1;5,9;6,0;
2208011;"Lębork (1)";7,9;6,9;5,0;3,8;4,4;4,6;6,1;6,0;6,0;6,0;5,7;6,0;
2208021;"Łeba (1)";9,2;8,2;6,5;5,7;5,7;6,2;8,9;8,0;8,1;8,7;8,7;8,1;
2208032;"Cewice (2)";9,9;7,3;5,1;3,7;4,5;4,4;5,5;5,2;5,1;5,4;5,7;5,5;
2208042;"Nowa Wieś Lęborska (2)";8,8;7,6;5,5;4,0;4,4;4,5;5,4;6,0;6,1;5,5;5,4;5,5;
2208052;"Wicko (2)";11,1;10,2;7,0;5,6;6,7;6,6;8,2;7,6;7,3;8,2;7,2;7,2;
2209000;"Powiat malborski";9,6;8,6;7,0;5,7;5,6;4,5;5,6;4,1;4,1;4,0;4,1;4,9;
2209011;"Malbork (1)";8,6;7,8;6,4;5,2;5,4;4,2;5,2;3,9;3,9;3,7;4,0;4,9;
2209032;"Lichnowy (2)";10,6;9,6;7,2;6,0;6,0;5,1;6,6;4,3;4,1;4,0;3,6;4,6;
2209042;"Malbork (2)";9,7;8,1;7,5;5,3;5,2;4,5;5,3;4,0;3,8;4,0;3,3;3,9;
2209062;"Miłoradz (2)";9,5;9,5;7,5;5,9;5,2;3,7;5,8;4,2;3,8;3,8;4,6;4,7;
2209073;"Nowy Staw (3)";12,5;10,7;8,6;7,6;6,9;5,5;6,6;4,6;4,8;4,7;4,5;6,0;
2209074;"Nowy Staw - miasto (4)";0,0;0,0;0,0;0,0;0,0;4,7;5,7;3,5;3,9;3,8;3,3;4,8;
2209075;"Nowy Staw - obszar wiejski (5)";0,0;0,0;0,0;0,0;0,0;6,4;7,7;5,9;5,8;5,8;6,1;7,5;
2209082;"Stare Pole (2)";12,1;11,2;8,6;6,2;6,4;4,6;6,2;4,6;4,8;4,6;4,8;5,0;
2210000;"Powiat nowodworski";13,4;11,8;9,0;6,9;6,7;5,9;7,9;6,6;6,2;5,8;5,4;6,1;
2210011;"Krynica Morska (1)";13,8;13,4;10,2;10,0;7,4;6,2;7,1;6,5;6,5;6,5;6,6;6,7;
2210023;"Nowy Dwór Gdański (3)";14,1;12,7;9,1;6,9;6,8;6,1;8,3;6,8;6,5;5,8;5,8;6,8;
2210024;"Nowy Dwór Gdański - miasto (4)";0,0;0,0;0,0;0,0;0,0;5,6;7,8;6,1;5,9;5,6;5,0;6,2;
2210025;"Nowy Dwór Gdański - obszar wiejski (5)";0,0;0,0;0,0;0,0;0,0;6,6;9,0;7,6;7,3;6,2;6,7;7,5;
2210032;"Ostaszewo (2)";12,0;9,8;7,0;5,0;6,2;6,1;7,5;6,2;5,6;5,0;4,4;4,9;
2210042;"Stegna (2)";12,4;11,0;8,9;6,9;6,4;5,1;7,2;6,2;5,7;5,5;4,8;5,3;
2210052;"Sztutowo (2)";13,1;11,0;9,5;7,6;7,1;6,8;8,8;7,5;6,7;6,4;5,3;5,8;
2211000;"Powiat pucki";6,5;5,9;5,0;4,1;3,7;3,4;3,8;3,1;3,1;3,0;2,8;3,4;
2211011;"Hel (1)";6,5;5,9;5,8;4,7;4,9;4,5;5,3;4,0;3,7;4,2;3,6;3,9;
2211021;"Jastarnia (1)";9,6;8,5;7,9;;;;;;;;;;
2211023;"Jastarnia (3)";;;;6,8;6,0;6,6;6,9;5,5;5,8;5,5;4,9;5,5;
2211024;"Jastarnia - miasto (4)";;;;0,0;0,0;6,8;7,2;5,9;6,0;5,8;4,9;5,5;
2211025;"Jastarnia - obszar wiejski (5)";;;;0,0;0,0;5,8;6,0;4,2;5,3;4,6;5,1;5,3;
2211031;"Puck (1)";7,2;7,0;5,7;4,6;4,3;4,0;4,4;4,2;4,1;4,1;3,8;4,5;
2211041;"Władysławowo (1)";7,3;;;;;;;;;;;;
2211043;"Władysławowo (3)";;6,8;5,6;4,9;4,5;4,1;4,7;3,9;4,2;4,0;3,7;4,4;
2211044;"Władysławowo - miasto (4)";;0,0;0,0;0,0;0,0;4,1;4,5;3,8;3,8;3,5;3,3;4,5;
2211045;"Władysławowo - obszar wiejski (5)";;0,0;0,0;0,0;0,0;4,1;5,2;4,1;5,1;5,0;4,5;4,4;
2211052;"Kosakowo (2)";4,5;4,2;3,5;3,0;2,5;2,2;2,1;1,8;1,6;1,6;1,4;1,9;
2211062;"Krokowa (2)";6,8;5,9;4,7;4,3;3,9;3,2;4,1;3,2;3,3;2,9;2,9;3,8;
2211072;"Puck (2)";6,2;5,3;4,6;3,6;3,1;3,1;3,6;2,9;2,8;2,7;2,8;3,2;
2212000;"Powiat słupski";10,1;7,9;6,3;4,3;3,7;3,4;5,4;5,6;4,4;4,1;4,2;4,1;
2212011;"Ustka (1)";6,6;6,0;5,1;3,5;2,8;2,4;3,7;4,0;4,1;3,6;3,9;3,6;
2212022;"Damnica (2)";12,5;9,6;6,6;3,6;3,1;2,9;4,6;5,1;3,4;3,4;3,5;4,3;
2212032;"Dębnica Kaszubska (2)";14,6;13,0;11,0;7,9;6,5;6,3;9,3;8,9;8,4;7,3;7,0;6,6;
2212042;"Główczyce (2)";11,1;7,8;3,8;2,7;2,9;2,5;5,2;5,8;3,4;3,7;3,6;3,9;
2212053;"Kępice (3)";14,8;11,5;10,8;6,6;7,1;6,7;10,2;10,2;9,6;9,6;9,3;6,3;
2212054;"Kępice - miasto (4)";0,0;0,0;0,0;0,0;0,0;5,7;10,0;9,9;8,7;8,6;8,2;5,8;
2212055;"Kępice - obszar wiejski (5)";0,0;0,0;0,0;0,0;0,0;7,3;10,3;10,4;10,1;10,3;10,0;6,6;
2212062;"Kobylnica (2)";7,5;4,8;4,6;3,3;2,3;2,3;4,0;3,7;2,5;2,3;2,8;;
2212063;"Kobylnica (3)";;;;;;;;;;;;3,2;
2212064;"Kobylnica - miasto (4)";;;;;;;;;;;;2,4;
2212065;"Kobylnica - obszar wiejski (5)";;;;;;;;;;;;3,7;
2212072;"Potęgowo (2)";11,4;9,3;7,1;5,1;4,8;4,1;6,2;6,2;3,7;3,6;3,9;3,7;
2212082;"Redzikowo (2)";8,7;6,4;4,6;3,5;2,9;2,7;4,3;4,6;2,8;2,6;2,8;3,5;
2212092;"Smołdzino (2)";11,1;8,4;5,6;3,5;3,4;3,0;5,4;6,3;3,2;4,1;3,9;4,8;
2212102;"Ustka (2)";7,8;6,7;6,0;4,5;2,8;2,8;4,1;4,4;4,7;4,2;4,0;3,9;
2213000;"Powiat starogardzki";8,1;6,1;4,7;3,2;3,2;3,1;4,5;3,5;3,4;3,4;3,4;4,0;
2213013;"Czarna Woda (3)";9,9;7,9;6,1;3,7;3,7;3,8;5,1;3,5;3,9;4,2;5,1;4,6;
2213014;"Czarna Woda - miasto (4)";0,0;0,0;0,0;0,0;0,0;3,5;4,7;3,0;3,9;4,0;5,1;4,6;
2213015;"Czarna Woda - obszar wiejski (5)";0,0;0,0;0,0;0,0;0,0;6,1;8,1;6,5;4,3;5,2;5,0;4,9;
2213021;"Skórcz (1)";9,0;6,7;5,4;3,6;4,2;3,3;4,7;3,3;3,3;3,4;3,4;4,1;
2213031;"Starogard Gdański (1)";6,9;5,1;4,0;2,7;2,6;2,8;4,5;3,0;3,0;2,9;3,0;3,7;
2213042;"Bobowo (2)";9,4;6,9;5,2;3,9;3,7;3,3;3,8;4,1;4,0;3,3;3,6;3,9;
2213052;"Kaliska (2)";11,2;7,7;5,8;3,9;3,1;3,3;4,9;4,2;3,6;4,5;4,2;5,1;
2213062;"Lubichowo (2)";9,2;7,9;5,3;3,9;4,6;4,7;5,6;4,7;4,2;4,5;4,5;4,5;
2213072;"Osieczna (2)";13,4;8,2;6,7;5,8;6,1;5,8;7,6;5,5;5,9;6,5;6,4;6,8;
2213082;"Osiek (2)";9,1;7,1;6,1;4,6;4,5;4,7;5,8;5,4;5,3;4,6;5,3;5,4;
2213093;"Skarszewy (3)";8,6;6,4;4,7;3,4;2,9;2,7;4,1;3,5;3,3;3,7;3,6;4,4;
2213094;"Skarszewy - miasto (4)";0,0;0,0;0,0;0,0;0,0;2,3;3,7;3,2;2,8;3,4;3,6;4,0;
2213095;"Skarszewy - obszar wiejski (5)";0,0;0,0;0,0;0,0;0,0;3,0;4,5;3,8;3,7;4,1;3,5;4,6;
2213102;"Skórcz (2)";9,3;6,9;5,9;3,1;4,6;3,9;5,3;4,3;3,7;3,3;3,8;4,5;
2213112;"Smętowo Graniczne (2)";8,6;7,6;6,5;4,0;4,5;4,0;5,7;4,6;4,6;4,4;4,2;5,0;
2213122;"Starogard Gdański (2)";6,7;5,2;3,7;2,5;2,5;2,5;3,5;2,8;2,9;2,9;2,6;2,9;
2213132;"Zblewo (2)";9,1;6,8;5,2;3,2;3,1;2,7;4,1;3,5;3,2;3,2;3,3;4,0;
2214000;"Powiat tczewski";5,9;5,1;4,4;4,1;4,0;3,5;5,0;3,8;3,5;3,7;3,6;3,9;
2214011;"Tczew (1)";5,5;4,7;4,0;3,9;3,8;3,3;5,0;3,6;3,3;3,5;3,5;4,0;
2214023;"Gniew (3)";6,5;5,4;5,1;4,4;4,3;3,8;5,6;4,5;4,1;4,0;4,0;4,0;
2214024;"Gniew - miasto (4)";0,0;0,0;0,0;0,0;0,0;3,8;6,0;4,2;4,1;3,7;4,0;4,0;
2214025;"Gniew - obszar wiejski (5)";0,0;0,0;0,0;0,0;0,0;3,8;5,4;4,7;4,0;4,2;3,9;4,0;
2214032;"Morzeszczyn (2)";7,5;7,3;6,7;5,6;5,4;4,5;5,4;5,8;4,6;4,2;4,4;4,6;
2214043;"Pelplin (3)";6,3;5,8;5,0;4,3;4,0;3,6;4,9;4,2;3,8;4,0;3,8;4,0;
2214044;"Pelplin - miasto (4)";0,0;0,0;0,0;0,0;0,0;3,4;4,8;4,4;3,6;4,3;3,7;4,4;
2214045;"Pelplin - obszar wiejski (5)";0,0;0,0;0,0;0,0;0,0;3,7;5,0;4,1;4,0;3,8;3,9;3,7;
2214052;"Subkowy (2)";6,6;6,0;5,0;4,5;4,3;4,0;5,5;4,8;3,5;4,2;3,3;3,5;
2214062;"Tczew (2)";5,6;4,9;4,0;3,8;3,7;3,3;4,1;3,0;2,9;3,1;3,3;3,3;
2215000;"Powiat wejherowski";6,4;5,4;4,5;3,2;3,0;2,6;3,3;2,6;2,5;2,6;2,8;3,3;
2215011;"Reda (1)";5,8;5,1;4,5;3,1;2,7;2,3;2,9;2,3;2,2;2,3;2,5;3,0;
2215021;"Rumia (1)";4,8;4,1;3,5;2,6;2,4;2,1;2,7;1,9;1,7;1,9;2,1;2,6;
2215031;"Wejherowo (1)";7,2;6,3;5,2;3,7;3,5;3,0;4,0;3,1;3,3;3,1;3,2;3,9;
2215042;"Choczewo (2)";10,2;8,1;7,3;4,9;5,5;4,3;5,8;4,6;4,6;4,5;5,2;5,4;
2215052;"Gniewino (2)";6,9;6,7;5,3;4,0;4,4;2,7;4,0;3,7;3,9;3,1;3,7;3,9;
2215062;"Linia (2)";6,9;5,1;3,9;2,8;2,8;2,2;3,0;2,2;2,4;2,3;2,7;3,5;
2215072;"Luzino (2)";7,6;6,0;4,8;3,1;3,0;2,9;3,6;2,6;2,5;2,7;2,6;3,3;
2215082;"Łęczyce (2)";7,8;7,1;5,5;4,0;3,4;2,8;4,1;3,3;3,3;3,5;4,2;4,3;
2215092;"Szemud (2)";4,8;3,8;2,9;2,2;2,3;1,9;2,3;2,0;1,6;1,8;1,9;2,2;
2215102;"Wejherowo (2)";6,9;5,6;4,7;3,4;3,3;2,8;3,4;2,6;2,8;3,0;2,9;3,6;
2216000;"Powiat sztumski";9,9;6,8;6,0;4,6;4,3;3,8;4,4;3,4;2,8;2,5;2,3;2,8;
2216013;"Dzierzgoń (3)";11,6;8,8;8,2;6,9;6,6;5,6;6,1;5,0;4,1;3,9;2,9;4,0;
2216014;"Dzierzgoń - miasto (4)";0,0;0,0;0,0;0,0;0,0;4,5;5,7;4,6;4,0;3,8;2,5;4,0;
2216015;"Dzierzgoń - obszar wiejski (5)";0,0;0,0;0,0;0,0;0,0;7,2;6,7;5,5;4,4;4,2;3,4;4,0;
2216022;"Mikołajki Pomorskie (2)";10,6;6,7;5,8;3,6;3,7;3,2;3,9;2,9;2,6;2,1;2,2;2,8;
2216032;"Stary Dzierzgoń (2)";10,5;7,6;8,5;6,4;5,5;5,5;7,0;5,6;3,4;3,8;3,2;2,9;
2216042;"Stary Targ (2)";13,1;8,3;7,4;5,4;4,4;3,5;4,7;3,3;2,7;2,2;2,3;2,6;
2216053;"Sztum (3)";7,7;5,1;4,0;2,8;2,9;2,6;2,9;2,3;2,2;1,6;1,8;2,3;
2216054;"Sztum - miasto (4)";0,0;0,0;0,0;0,0;0,0;2,4;3,0;2,2;2,1;1,7;1,8;2,4;
2216055;"Sztum - obszar wiejski (5)";0,0;0,0;0,0;0,0;0,0;2,7;2,9;2,5;2,2;1,6;1,9;2,1;
2261000;"Powiat m. Gdańsk";4,2;3,1;2,9;2,5;2,4;2,2;3,0;2,5;2,0;2,2;2,2;2,7;
2261011;"Gdańsk (1)";4,2;3,1;2,9;2,5;2,4;2,2;3,0;2,5;2,0;2,2;2,2;2,7;
2262000;"Powiat m. Gdynia";4,0;3,5;2,9;2,2;1,9;1,7;2,7;1,9;1,5;1,6;1,8;2,3;
2262011;"Gdynia (1)";4,0;3,5;2,9;2,2;1,9;1,7;2,7;1,9;1,5;1,6;1,8;2,3;
2263000;"Powiat m. Słupsk";7,3;5,2;4,0;3,0;2,6;2,5;4,4;4,2;2,7;2,8;3,1;3,9;
2263011;"Słupsk (1)";7,3;5,2;4,0;3,0;2,6;2,5;4,4;4,2;2,7;2,8;3,1;3,9;
2264000;"Powiat m. Sopot";3,4;2,8;2,5;1,9;1,7;1,4;2,6;1,9;1,8;1,8;2,1;2,3;
2264011;"Sopot (1)";3,4;2,8;2,5;1,9;1,7;1,4;2,6;1,9;1,8;1,8;2,1;2,3;
2400000;"ŚLĄSKIE";6,1;5,2;4,3;3,4;2,9;2,5;3,5;3,0;2,6;2,5;2,5;3,1;
2401000;"Powiat będziński";7,6;7,1;6,2;4,9;4,2;2,8;4,2;3,7;3,3;2,9;3,0;3,6;
2401011;"Będzin (1)";8,2;7,9;6,9;5,3;4,7;3,2;5,0;4,2;3,7;3,4;3,4;4,1;
2401021;"Czeladź (1)";8,3;7,5;6,4;5,1;4,7;2,9;4,3;3,8;3,4;3,0;3,1;3,6;
2401031;"Wojkowice (1)";6,9;6,6;6,1;4,5;3,8;2,5;3,4;3,0;3,1;2,5;2,5;3,2;
2401042;"Bobrowniki (2)";6,3;5,8;5,2;4,1;3,0;2,1;3,1;3,1;2,8;2,4;2,3;2,7;
2401052;"Mierzęcice (2)";6,3;5,2;5,1;4,0;3,2;2,1;3,0;2,7;2,3;2,2;2,1;2,8;
2401062;"Psary (2)";6,4;6,5;5,5;4,1;3,6;2,4;3,3;2,9;2,6;2,5;2,4;2,7;
2401073;"Siewierz (3)";6,6;5,9;4,9;4,3;3,7;2,7;3,8;3,8;3,2;2,9;3,4;3,9;
2401074;"Siewierz - miasto (4)";0,0;0,0;0,0;0,0;0,0;3,4;4,6;4,7;3,7;3,9;4,1;5,1;
2401075;"Siewierz - obszar wiejski (5)";0,0;0,0;0,0;0,0;0,0;2,2;3,2;3,1;2,8;2,1;2,8;2,9;
2401081;"Sławków (1)";7,1;6,4;5,6;5,0;3,7;2,5;3,7;3,6;2,7;2,4;3,2;3,7;
2402000;"Powiat bielski";4,7;4,0;3,0;2,3;1,9;1,7;2,8;2,2;1,8;1,8;1,9;2,1;
2402011;"Szczyrk (1)";7,2;6,7;4,4;3,0;2,2;2,3;3,3;2,3;2,1;2,2;1,7;2,1;
2402022;"Bestwina (2)";4,0;3,2;2,4;2,2;1,8;1,7;2,6;2,2;1,8;1,7;1,9;2,2;
2402032;"Buczkowice (2)";5,4;4,9;3,7;2,9;2,3;2,0;3,5;2,6;1,7;1,9;2,0;2,2;
2402043;"Czechowice-Dziedzice (3)";4,7;3,9;3,2;2,6;2,4;2,4;3,4;2,8;2,5;2,5;2,5;2,6;
2402044;"Czechowice-Dziedzice - miasto (4)";0,0;0,0;0,0;0,0;0,0;2,5;3,6;2,9;2,6;2,5;2,6;2,9;
2402045;"Czechowice-Dziedzice - obszar wiejski (5)";0,0;0,0;0,0;0,0;0,0;1,9;2,7;2,5;2,2;2,3;2,1;1,8;
2402052;"Jasienica (2)";3,6;3,2;2,3;1,7;1,4;1,1;2,0;1,6;1,4;1,4;1,5;1,5;
2402062;"Jaworze (2)";4,2;4,0;2,9;2,2;1,8;1,5;2,9;2,1;1,6;1,5;1,8;2,0;
2402072;"Kozy (2)";4,8;4,0;2,7;1,9;1,5;1,3;2,5;2,2;1,3;1,4;1,6;1,8;
2402082;"Porąbka (2)";6,0;5,0;3,5;2,8;2,1;1,6;2,7;2,1;1,9;1,6;1,9;2,0;
2402093;"Wilamowice (3)";4,1;3,4;2,4;1,8;1,4;1,2;2,2;1,5;1,4;1,2;1,3;1,6;
2402094;"Wilamowice - miasto (4)";0,0;0,0;0,0;0,0;0,0;1,1;2,7;1,8;1,6;1,5;1,5;1,9;
2402095;"Wilamowice - obszar wiejski (5)";0,0;0,0;0,0;0,0;0,0;1,2;2,1;1,4;1,3;1,2;1,2;1,6;
2402102;"Wilkowice (2)";5,2;4,4;3,2;2,5;2,1;1,7;2,4;2,1;1,7;1,8;2,0;2,4;
2403000;"Powiat cieszyński";5,9;4,6;4,0;3,5;3,1;2,9;3,8;3,4;3,1;3,2;3,0;3,1;
2403011;"Cieszyn (1)";6,3;4,7;4,2;3,7;3,3;3,1;3,8;3,6;3,1;3,2;3,0;3,2;
2403021;"Ustroń (1)";5,6;4,8;4,6;3,6;3,4;3,3;3,9;3,6;3,4;3,5;3,1;3,5;
2403031;"Wisła (1)";7,5;6,6;5,6;5,1;4,1;3,7;5,0;3,9;3,8;4,0;3,7;3,6;
2403042;"Brenna (2)";5,8;5,0;4,0;3,7;3,4;2,8;3,6;3,3;3,6;3,5;3,2;3,3;
2403052;"Chybie (2)";4,8;4,1;3,2;3,1;2,6;2,4;3,2;2,8;2,7;3,2;2,8;2,8;
2403062;"Dębowiec (2)";5,4;3,3;2,8;2,6;2,3;2,2;2,9;2,2;2,1;2,1;2,1;2,5;
2403072;"Goleszów (2)";5,4;4,5;3,7;3,3;3,3;3,1;4,1;3,6;3,8;3,2;3,0;3,4;
2403082;"Hażlach (2)";5,2;3,9;3,3;3,2;3,0;2,7;3,6;3,1;2,7;2,8;2,9;3,2;
2403092;"Istebna (2)";8,1;6,4;5,6;5,0;4,1;3,6;4,8;4,6;4,2;3,9;3,7;4,0;
2403103;"Skoczów (3)";5,6;4,0;3,3;3,0;2,8;2,7;3,7;3,3;2,9;3,1;3,0;2,9;
2403104;"Skoczów - miasto (4)";0,0;0,0;0,0;0,0;0,0;3,1;4,2;3,9;3,5;3,7;3,5;3,4;
2403105;"Skoczów - obszar wiejski (5)";0,0;0,0;0,0;0,0;0,0;2,2;3,2;2,7;2,3;2,6;2,5;2,4;
2403113;"Strumień (3)";5,7;4,4;3,4;2,7;2,4;2,4;3,1;2,7;2,7;2,6;2,7;2,5;
2403114;"Strumień - miasto (4)";0,0;0,0;0,0;0,0;0,0;2,9;3,8;4,0;3,6;3,4;3,6;3,0;
2403115;"Strumień - obszar wiejski (5)";0,0;0,0;0,0;0,0;0,0;2,2;2,8;2,3;2,3;2,3;2,4;2,4;
2403122;"Zebrzydowice (2)";5,0;3,8;3,2;3,0;2,4;2,3;3,1;2,8;2,0;2,3;2,2;2,4;
2404000;"Powiat częstochowski";9,4;7,5;5,6;4,4;3,7;3,2;4,6;3,9;3,2;3,1;3,3;3,8;
2404013;"Blachownia (3)";9,9;7,4;5,6;4,4;3,1;2,6;3,9;3,2;3,0;2,8;2,9;3,6;
2404014;"Blachownia - miasto (4)";0,0;0,0;0,0;0,0;0,0;2,6;4,1;2,9;3,0;2,8;2,8;3,4;
2404015;"Blachownia - obszar wiejski (5)";0,0;0,0;0,0;0,0;0,0;2,8;3,4;3,9;3,0;2,9;3,2;4,3;
2404022;"Dąbrowa Zielona (2)";14,2;13,6;11,1;10,0;9,0;9,2;11,2;9,9;8,1;8,8;7,7;7,4;
2404032;"Janów (2)";11,0;8,5;6,1;4,2;3,8;3,1;4,6;4,0;3,4;3,3;3,7;3,9;
2404042;"Kamienica Polska (2)";9,1;7,1;5,2;3,8;3,0;2,4;4,1;3,2;2,4;2,2;2,8;3,6;
2404052;"Kłomnice (2)";8,5;6,6;4,2;3,1;2,4;2,1;3,3;3,1;2,4;2,0;2,6;3,0;
2404063;"Koniecpol (3)";15,1;14,0;11,0;10,3;9,9;9,0;10,9;9,3;7,6;8,0;7,5;7,9;
2404064;"Koniecpol - miasto (4)";0,0;0,0;0,0;0,0;0,0;8,4;10,4;8,7;7,5;7,9;6,9;7,3;
2404065;"Koniecpol - obszar wiejski (5)";0,0;0,0;0,0;0,0;0,0;10,0;11,6;10,4;7,8;8,3;8,4;8,7;
2404072;"Konopiska (2)";8,5;6,9;5,1;3,8;3,2;2,2;3,5;2,8;2,5;2,6;2,6;3,2;
2404082;"Kruszyna (2)";8,5;6,7;5,4;3,7;3,0;2,4;3,7;3,6;2,9;2,4;2,9;3,0;
2404092;"Lelów (2)";12,6;11,7;9,9;8,3;7,6;7,6;8,3;7,7;6,2;5,8;4,7;5,4;
2404102;"Mstów (2)";7,2;5,2;4,0;2,8;2,2;2,1;3,4;2,7;1,9;2,0;2,2;2,8;
2404112;"Mykanów (2)";7,0;5,4;3,8;3,1;2,5;2,1;3,0;2,6;2,4;2,2;2,5;3,1;
2404122;"Olsztyn (2)";8,7;6,1;4,9;3,4;3,1;2,3;4,0;3,0;;;;;
2404123;"Olsztyn (3)";;;;;;;;;2,8;2,5;2,7;3,3;
2404124;"Olsztyn - miasto (4)";;;;;;;;;3,1;2,3;2,1;3,1;
2404125;"Olsztyn - obszar wiejski (5)";;;;;;;;;2,6;2,6;2,9;3,4;
2404132;"Poczesna (2)";8,5;6,3;4,3;3,3;2,7;2,1;3,1;2,7;2,1;2,1;2,5;3,1;
2404142;"Przyrów (2)";12,5;11,0;8,3;7,2;6,9;6,4;8,3;7,5;6,6;6,1;;;
2404143;"Przyrów (3)";;;;;;;;;;;6,1;6,9;
2404144;"Przyrów - miasto (4)";;;;;;;;;;;7,6;7,9;
2404145;"Przyrów - obszar wiejski (5)";;;;;;;;;;;5,5;6,4;
2404152;"Rędziny (2)";8,9;6,4;4,7;3,3;2,7;2,2;3,9;3,2;2,5;2,5;3,1;3,0;
2404162;"Starcza (2)";9,0;6,8;4,4;3,3;2,3;2,7;3,7;2,8;3,0;2,9;2,9;3,3;
2405000;"Powiat gliwicki";4,7;4,2;3,5;3,0;2,6;1,9;2,8;2,7;1,9;1,9;1,8;2,6;
2405011;"Knurów (1)";4,7;4,1;3,2;2,7;2,4;1,6;2,6;2,6;1,7;1,8;1,6;2,8;
2405021;"Pyskowice (1)";5,7;5,4;4,1;3,6;3,1;2,4;3,6;3,5;2,7;2,3;2,3;3,5;
2405032;"Gierałtowice (2)";3,1;2,7;2,1;1,9;1,4;1,0;1,9;1,6;1,2;1,2;0,9;1,5;
2405042;"Pilchowice (2)";3,9;3,4;3,1;2,5;2,4;1,8;2,2;2,0;1,5;1,3;1,4;1,7;
2405052;"Rudziniec (2)";5,1;5,1;4,8;4,1;3,5;2,7;3,6;3,6;2,9;3,0;2,6;3,5;
2405063;"Sośnicowice (3)";4,0;3,6;3,1;2,5;2,4;2,0;2,2;2,3;1,6;1,5;1,5;2,2;
2405064;"Sośnicowice - miasto (4)";0,0;0,0;0,0;0,0;0,0;1,8;2,8;2,2;1,9;1,7;1,6;2,5;
2405065;"Sośnicowice - obszar wiejski (5)";0,0;0,0;0,0;0,0;0,0;2,0;2,1;2,3;1,6;1,5;1,5;2,1;
2405073;"Toszek (3)";5,0;4,6;3,8;3,2;2,7;2,1;2,8;2,6;1,9;1,9;2,1;2,2;
2405074;"Toszek - miasto (4)";0,0;0,0;0,0;0,0;0,0;2,5;3,5;2,8;2,1;2,0;2,4;2,2;
2405075;"Toszek - obszar wiejski (5)";0,0;0,0;0,0;0,0;0,0;1,8;2,4;2,5;1,8;1,9;1,8;2,2;
2405082;"Wielowieś (2)";5,5;5,0;4,5;3,4;3,0;2,6;3,1;3,2;2,1;2,2;2,4;2,3;
2406000;"Powiat kłobucki";7,7;7,0;5,6;4,6;4,6;4,1;5,3;4,9;4,4;4,6;4,8;5,0;
2406013;"Kłobuck (3)";9,0;7,8;6,3;5,2;5,4;4,5;5,8;5,4;4,8;5,0;5,4;5,8;
2406014;"Kłobuck - miasto (4)";0,0;0,0;0,0;0,0;0,0;4,5;6,0;5,7;5,2;5,6;6,0;6,4;
2406015;"Kłobuck - obszar wiejski (5)";0,0;0,0;0,0;0,0;0,0;4,4;5,4;4,9;4,2;4,0;4,6;4,9;
2406023;"Krzepice (3)";6,6;5,6;4,8;3,7;3,9;3,3;4,6;4,5;3,7;4,3;4,7;4,9;
2406024;"Krzepice - miasto (4)";0,0;0,0;0,0;0,0;0,0;3,3;5,2;5,2;3,9;4,5;5,1;4,7;
2406025;"Krzepice - obszar wiejski (5)";0,0;0,0;0,0;0,0;0,0;3,4;4,1;3,9;3,5;4,1;4,3;5,1;
2406032;"Lipie (2)";6,3;5,4;4,3;3,3;3,6;3,6;4,3;4,0;3,6;3,1;3,6;3,7;
2406042;"Miedźno (2)";9,0;7,9;6,0;5,7;5,5;4,5;6,0;5,6;5,3;5,6;5,2;5,9;
2406052;"Opatów (2)";6,0;5,8;4,9;4,1;3,9;4,0;4,5;4,2;4,0;3,9;4,2;4,7;
2406062;"Panki (2)";6,9;6,1;5,0;4,0;4,1;3,8;4,9;4,2;4,0;3,7;3,9;4,1;
2406072;"Popów (2)";6,6;6,3;4,1;3,4;3,6;2,9;4,1;4,1;3,9;4,1;4,5;4,1;
2406082;"Przystajń (2)";6,7;6,2;5,0;4,7;4,5;3,8;5,3;4,2;4,5;4,7;4,3;4,9;
2406092;"Wręczyca Wielka (2)";8,6;8,1;6,6;5,0;5,0;4,6;5,7;5,4;4,6;4,9;5,1;5,2;
2407000;"Powiat lubliniecki";6,1;5,2;4,7;3,8;3,5;3,1;3,6;3,2;3,3;3,1;3,2;3,5;
2407011;"Lubliniec (1)";6,0;5,1;4,6;3,6;3,4;3,0;3,4;3,3;3,5;3,1;3,0;3,5;
2407022;"Boronów (2)";6,3;6,0;5,9;4,2;3,6;3,0;4,3;3,4;3,4;2,8;3,7;3,6;
2407032;"Ciasna (2)";5,4;4,6;3,9;3,1;3,3;2,9;3,4;3,0;3,2;2,9;3,0;3,4;
2407042;"Herby (2)";7,3;6,8;5,9;4,7;4,4;4,1;5,1;4,3;4,4;3,7;3,9;4,0;
2407052;"Kochanowice (2)";6,5;5,3;4,8;4,2;3,5;3,2;3,7;3,4;3,1;3,3;3,2;3,6;
2407062;"Koszęcin (2)";6,7;5,4;4,8;3,7;3,7;3,0;3,4;2,8;3,0;3,2;3,1;3,6;
2407072;"Pawonków (2)";4,6;3,5;4,2;3,5;3,1;2,8;3,0;2,4;3,0;3,1;3,4;3,2;
2407083;"Woźniki (3)";5,8;5,7;4,9;3,9;3,5;3,1;3,9;3,5;3,2;2,9;3,3;3,1;
2407084;"Woźniki - miasto (4)";0,0;0,0;0,0;0,0;0,0;3,0;4,1;3,8;3,4;2,8;3,4;3,2;
2407085;"Woźniki - obszar wiejski (5)";0,0;0,0;0,0;0,0;0,0;3,2;3,7;3,2;3,0;3,0;3,2;3,0;
2408000;"Powiat mikołowski";4,4;3,8;2,7;2,2;2,2;1,9;3,0;2,5;1,8;1,7;2,0;2,4;
2408011;"Łaziska Górne (1)";4,8;4,2;2,8;2,2;2,3;2,1;3,5;3,0;2,0;2,1;2,5;2,9;
2408021;"Mikołów (1)";4,8;3,9;2,8;2,3;2,2;1,8;3,0;2,4;1,7;1,7;1,8;2,3;
2408031;"Orzesze (1)";4,2;3,7;2,8;2,3;2,3;2,0;3,0;2,7;1,9;1,6;2,0;2,5;
2408042;"Ornontowice (2)";2,5;2,6;2,4;1,9;1,6;1,6;2,3;1,8;1,3;1,3;1,2;1,7;
2408052;"Wyry (2)";3,4;3,0;1,8;1,7;1,8;1,7;2,4;1,8;1,6;1,4;2,1;2,1;
2409000;"Powiat myszkowski";9,0;7,4;6,1;4,6;3,7;3,4;4,6;4,2;4,1;3,6;3,3;3,5;
2409011;"Myszków (1)";9,3;7,9;6,5;4,8;3,7;3,2;4,7;4,3;3,9;3,5;3,4;3,8;
2409023;"Koziegłowy (3)";7,6;6,4;5,3;4,0;3,1;3,2;4,1;3,9;3,8;3,3;2,9;3,0;
2409024;"Koziegłowy - miasto (4)";0,0;0,0;0,0;0,0;0,0;2,7;4,0;3,6;2,7;3,4;2,8;3,7;
2409025;"Koziegłowy - obszar wiejski (5)";0,0;0,0;0,0;0,0;0,0;3,3;4,1;3,9;4,0;3,2;2,9;2,9;
2409032;"Niegowa (2)";9,8;8,7;7,0;5,2;4,7;4,2;4,5;4,8;4,8;4,4;3,1;3,5;
2409042;"Poraj (2)";8,6;6,1;5,0;3,9;3,0;2,9;4,0;3,6;3,2;3,4;2,9;3,0;
2409053;"Żarki (3)";10,2;8,1;6,6;5,3;4,9;4,4;5,7;4,7;5,6;4,8;4,1;4,1;
2409054;"Żarki - miasto (4)";0,0;0,0;0,0;0,0;0,0;3,7;5,3;4,5;4,9;4,0;4,1;3,7;
2409055;"Żarki - obszar wiejski (5)";0,0;0,0;0,0;0,0;0,0;5,3;6,1;5,0;6,4;5,7;4,0;4,5;
2410000;"Powiat pszczyński";3,7;3,2;2,8;2,3;2,0;1,7;2,6;2,2;2,1;2,1;1,9;2,4;
2410012;"Goczałkowice-Zdrój (2)";2,9;2,8;2,1;2,1;2,1;1,4;2,6;2,2;2,0;2,0;2,1;2,6;
2410022;"Kobiór (2)";4,0;3,4;3,0;2,2;2,2;1,8;2,7;2,0;1,6;1,9;1,3;1,8;
2410032;"Miedźna (2)";2,8;2,3;2,1;1,8;1,8;1,3;2,3;1,9;1,7;1,7;1,9;2,0;
2410042;"Pawłowice (2)";2,8;2,5;2,3;1,6;1,2;1,0;1,6;1,8;1,5;1,5;1,4;1,9;
2410053;"Pszczyna (3)";4,5;4,0;3,5;2,9;2,5;2,3;3,3;2,6;2,6;2,6;2,3;2,7;
2410054;"Pszczyna - miasto (4)";0,0;0,0;0,0;0,0;0,0;2,5;3,8;3,0;3,0;3,0;2,7;3,2;
2410055;"Pszczyna - obszar wiejski (5)";0,0;0,0;0,0;0,0;0,0;2,0;2,8;2,2;2,2;2,3;2,0;2,2;
2410062;"Suszec (2)";3,1;2,5;2,3;1,5;1,3;1,2;1,7;1,7;1,5;1,3;1,4;2,1;
2411000;"Powiat raciborski";3,8;3,5;3,3;2,9;2,4;2,4;3,2;3,2;2,5;2,3;2,4;3,2;
2411011;"Racibórz (1)";4,1;3,7;3,5;3,2;2,6;2,7;3,7;3,6;2,8;2,6;2,7;3,7;
2411022;"Kornowac (2)";3,3;3,3;2,8;2,5;1,6;1,7;2,0;2,1;1,5;1,6;1,7;2,1;
2411033;"Krzanowice (3)";3,3;3,1;2,3;2,2;2,0;2,5;3,3;3,3;2,4;2,1;2,3;2,7;
2411034;"Krzanowice - miasto (4)";0,0;0,0;0,0;0,0;0,0;2,5;3,9;3,8;2,7;2,1;2,3;3,2;
2411035;"Krzanowice - obszar wiejski (5)";0,0;0,0;0,0;0,0;0,0;2,5;3,0;2,9;2,3;2,2;2,3;2,4;
2411042;"Krzyżanowice (2)";3,8;3,1;2,8;2,6;2,3;2,3;2,7;2,8;2,4;2,1;2,1;2,9;
2411053;"Kuźnia Raciborska (3)";4,0;4,1;3,8;3,3;2,9;2,4;3,2;3,0;2,7;2,7;2,7;3,2;
2411054;"Kuźnia Raciborska - miasto (4)";0,0;0,0;0,0;0,0;0,0;3,4;4,4;4,1;3,2;3,5;3,8;4,1;
2411055;"Kuźnia Raciborska - obszar wiejski (5)";0,0;0,0;0,0;0,0;0,0;1,7;2,3;2,2;2,3;2,0;1,8;2,4;
2411062;"Nędza (2)";3,9;3,0;3,0;2,6;2,2;2,0;2,9;2,8;2,2;1,9;2,1;2,3;
2411072;"Pietrowice Wielkie (2)";2,5;2,8;2,5;2,0;1,4;1,6;2,1;2,0;1,6;1,1;1,3;2,2;
2411082;"Rudnik (2)";4,1;3,5;3,6;3,2;2,4;2,3;3,1;3,2;2,3;2,6;2,4;2,7;
2412000;"Powiat rybnicki";3,9;3,5;3,3;2,5;2,1;1,8;2,7;2,0;1,8;1,6;1,8;2,4;
2412013;"Czerwionka-Leszczyny (3)";4,2;3,7;3,7;2,9;2,5;2,1;3,1;2,4;2,2;2,1;2,4;3,0;
2412014;"Czerwionka-Leszczyny - miasto (4)";0,0;0,0;0,0;0,0;0,0;2,4;3,5;2,6;2,4;2,4;2,8;3,5;
2412015;"Czerwionka-Leszczyny - obszar wiejski (5)";0,0;0,0;0,0;0,0;0,0;1,6;2,2;2,1;1,6;1,5;1,6;2,0;
2412022;"Gaszowice (2)";4,1;3,7;2,8;2,3;1,7;1,4;2,7;1,9;1,6;1,5;1,4;2,0;
2412032;"Jejkowice (2)";4,0;3,5;3,0;1,9;1,9;1,5;2,1;1,6;1,5;1,2;1,1;1,8;
2412042;"Lyski (2)";3,0;3,1;2,4;1,6;1,5;1,4;2,4;1,6;1,2;1,2;1,3;1,8;
2412052;"Świerklany (2)";3,7;3,2;3,0;2,2;1,6;1,3;2,1;1,4;1,2;0,9;1,1;1,7;
2413000;"Powiat tarnogórski";6,0;5,4;4,7;3,9;3,3;2,9;4,0;3,8;2,9;2,8;2,9;3,4;
2413011;"Kalety (1)";6,9;6,4;5,6;4,8;4,4;4,2;5,0;4,9;3,9;3,7;3,4;4,2;
2413021;"Miasteczko Śląskie (1)";7,3;7,1;5,8;4,5;3,8;3,5;5,1;5,2;4,0;3,5;3,6;3,9;
2413031;"Radzionków (1)";5,6;5,1;4,4;3,4;3,0;2,5;4,0;3,6;2,8;2,6;2,4;3,0;
2413041;"Tarnowskie Góry (1)";6,3;5,5;4,9;4,1;3,5;3,2;4,3;4,1;3,0;3,1;3,2;3,8;
2413052;"Krupski Młyn (2)";5,1;4,8;4,3;3,3;2,6;2,1;3,2;2,8;2,0;2,3;2,4;2,8;
2413062;"Ożarowice (2)";5,1;5,3;4,6;3,7;3,1;2,6;3,4;3,6;2,3;2,7;2,4;2,4;
2413072;"Świerklaniec (2)";5,6;4,9;4,6;3,6;2,8;2,5;3,8;3,3;2,3;2,3;2,6;2,9;
2413082;"Tworóg (2)";5,1;4,9;4,2;3,6;3,3;2,8;3,3;3,2;2,4;2,4;2,8;3,0;
2413092;"Zbrosławice (2)";5,0;4,7;3,9;3,4;2,9;2,2;3,0;3,0;2,4;2,1;2,1;2,5;
2414000;"Powiat bieruńsko-lędziński";3,2;2,5;2,2;1,8;1,5;1,2;2,0;1,3;1,2;0,9;1,0;1,4;
2414011;"Bieruń (1)";2,7;2,1;1,9;1,6;1,5;1,2;2,0;1,3;1,1;1,0;1,0;1,6;
2414021;"Imielin (1)";3,5;3,0;2,3;1,8;1,4;1,3;1,9;1,4;1,1;1,1;0,9;1,0;
2414031;"Lędziny (1)";3,8;2,9;2,6;2,0;1,7;1,4;2,3;1,4;1,3;0,8;1,1;1,6;
2414042;"Bojszowy (2)";2,5;2,2;1,6;1,2;1,1;0,8;1,4;1,2;1,1;1,1;1,2;1,6;
2414052;"Chełm Śląski (2)";3,5;2,7;2,8;2,2;1,5;1,2;1,9;1,2;1,2;0,8;0,8;1,1;
2415000;"Powiat wodzisławski";5,1;4,7;3,9;3,0;2,4;2,4;3,7;2,8;2,5;2,6;2,1;3,0;
2415011;"Pszów (1)";5,2;4,7;4,4;3,0;2,3;2,3;3,7;2,8;2,5;2,9;2,3;3,4;
2415021;"Radlin (1)";4,8;4,7;3,9;3,0;2,6;2,5;4,0;2,8;2,6;2,5;2,1;3,3;
2415031;"Rydułtowy (1)";5,6;5,2;4,7;3,8;2,9;3,1;4,3;3,5;3,0;3,1;2,5;3,5;
2415041;"Wodzisław Śląski (1)";5,7;5,1;4,2;3,2;2,6;2,8;4,2;3,2;2,8;3,1;2,5;3,4;
2415052;"Godów (2)";4,6;4,2;3,4;2,3;2,0;1,7;2,8;2,3;2,0;2,2;1,6;2,4;
2415062;"Gorzyce (2)";4,7;4,2;3,3;2,6;1,9;2,1;3,2;2,5;2,1;2,4;1,6;2,5;
2415072;"Lubomia (2)";3,8;3,5;3,0;2,6;2,0;2,0;3,2;2,7;2,2;2,1;1,8;2,6;
2415082;"Marklowice (2)";4,1;3,9;3,2;2,4;1,8;1,9;3,0;2,1;2,0;1,6;1,5;2,5;
2415092;"Mszana (2)";4,4;3,8;2,7;2,0;1,8;1,8;2,5;1,9;1,9;1,9;1,6;2,0;
2416000;"Powiat zawierciański";8,1;7,5;6,3;5,1;4,3;3,4;4,3;3,1;3,1;3,1;3,1;3,9;
2416011;"Poręba (1)";7,1;7,2;6,1;4,9;4,3;3,0;3,8;2,8;3,0;2,9;3,0;3,9;
2416021;"Zawiercie (1)";8,9;8,1;6,7;5,6;4,7;3,7;4,6;3,4;3,5;3,4;3,7;4,5;
2416032;"Irządze (2)";7,0;7,3;5,7;3,6;3,0;2,8;3,6;2,5;2,5;2,3;2,6;2,9;
2416042;"Kroczyce (2)";9,2;8,4;6,8;5,5;4,9;3,6;4,0;2,5;3,0;2,9;3,1;3,9;
2416053;"Łazy (3)";7,4;6,3;5,7;4,6;4,2;3,6;4,4;3,2;3,0;3,1;3,0;4,0;
2416054;"Łazy - miasto (4)";0,0;0,0;0,0;0,0;0,0;3,9;4,9;3,7;3,1;3,2;3,2;4,8;
2416055;"Łazy - obszar wiejski (5)";0,0;0,0;0,0;0,0;0,0;3,3;4,0;2,9;3,0;3,1;2,9;3,5;
2416063;"Ogrodzieniec (3)";8,1;7,5;6,1;5,0;4,0;3,5;4,0;2,8;3,0;3,1;3,0;3,4;
2416064;"Ogrodzieniec - miasto (4)";0,0;0,0;0,0;0,0;0,0;3,2;3,6;2,9;2,9;3,3;3,4;3,4;
2416065;"Ogrodzieniec - obszar wiejski (5)";0,0;0,0;0,0;0,0;0,0;3,7;4,4;2,7;3,1;2,9;2,6;3,3;
2416073;"Pilica (3)";6,0;5,2;4,4;3,4;2,5;2,1;3,1;2,2;1,8;2,1;2,0;2,3;
2416074;"Pilica - miasto (4)";0,0;0,0;0,0;0,0;0,0;2,5;2,2;1,9;1,8;2,4;1,6;2,7;
2416075;"Pilica - obszar wiejski (5)";0,0;0,0;0,0;0,0;0,0;2,0;3,3;2,3;1,8;2,1;2,2;2,2;
2416083;"Szczekociny (3)";9,0;9,3;7,9;5,3;4,3;3,9;4,7;3,2;3,3;3,2;3,1;4,0;
2416084;"Szczekociny - miasto (4)";0,0;0,0;0,0;0,0;0,0;4,4;5,0;3,5;3,3;3,6;3,4;4,6;
2416085;"Szczekociny - obszar wiejski (5)";0,0;0,0;0,0;0,0;0,0;3,4;4,4;3,0;3,3;2,9;2,8;3,4;
2416092;"Włodowice (2)";9,8;8,7;7,6;6,4;5,6;4,1;5,2;4,0;4,1;;;;
2416093;"Włodowice (3)";;;;;;;;;;3,6;3,3;3,9;
2416094;"Włodowice - miasto (4)";;;;;;;;;;3,4;3,9;4,8;
2416095;"Włodowice - obszar wiejski (5)";;;;;;;;;;3,7;3,1;3,6;
2416102;"Żarnowiec (2)";5,0;4,5;3,2;2,9;2,2;1,6;2,6;1,9;2,0;1,7;1,3;1,9;
2417000;"Powiat żywiecki";7,0;5,7;4,7;3,9;3,9;3,5;4,4;3,4;2,7;2,7;3,1;3,8;
2417011;"Żywiec (1)";6,6;5,8;4,5;3,6;3,5;3,2;4,1;3,0;2,1;2,7;2,9;3,8;
2417022;"Czernichów (2)";5,3;5,2;3,9;3,5;3,3;3,1;4,3;3,8;2,5;2,2;2,7;3,1;
2417032;"Gilowice (2)";6,4;5,1;4,1;3,3;3,3;2,8;4,0;3,3;2,1;2,1;3,0;3,6;
2417042;"Jeleśnia (2)";7,2;5,3;4,2;4,1;4,0;3,8;5,6;5,0;3,8;3,5;3,8;5,0;
2417052;"Koszarawa (2)";8,1;5,0;3,5;3,4;3,2;3,5;5,3;4,1;3,2;3,4;3,9;4,7;
2417062;"Lipowa (2)";7,2;5,8;4,9;3,5;3,2;2,9;3,9;2,9;2,2;2,2;2,7;3,3;
2417072;"Łękawica (2)";7,0;6,6;4,1;3,8;3,9;3,6;5,0;4,2;3,4;3,1;3,4;3,5;
2417082;"Łodygowice (2)";5,4;4,3;3,6;3,0;3,5;2,7;3,4;2,6;2,0;1,7;2,3;2,7;
2417092;"Milówka (2)";6,5;4,6;3,9;3,5;3,5;3,1;4,0;2,7;2,9;2,8;3,1;3,6;
2417102;"Radziechowy-Wieprz (2)";7,2;5,4;4,7;3,7;3,7;3,5;4,6;3,1;2,5;2,4;3,1;4,1;
2417112;"Rajcza (2)";10,1;8,9;7,5;5,8;5,7;5,3;4,3;3,3;2,9;3,0;3,4;4,2;
2417122;"Ślemień (2)";7,4;6,6;5,0;4,7;3,9;3,6;4,5;2,9;2,8;2,9;2,7;3,1;
2417132;"Świnna (2)";5,4;4,3;4,3;3,8;3,3;3,1;4,2;3,5;2,4;2,9;3,2;3,8;
2417142;"Ujsoły (2)";9,5;8,9;7,3;5,9;5,7;5,2;5,8;5,3;4,1;4,1;3,8;5,4;
2417152;"Węgierska Górka (2)";7,8;5,8;5,9;4,6;4,9;4,8;5,2;3,8;3,6;3,2;3,5;4,1;
2461000;"Powiat m. Bielsko-Biała";4,9;4,3;3,2;2,5;2,1;1,9;2,9;2,4;1,9;2,0;2,2;2,5;
2461011;"Bielsko-Biała (1)";4,9;4,3;3,2;2,5;2,1;1,9;2,9;2,4;1,9;2,0;2,2;2,5;
2462000;"Powiat m. Bytom";9,6;8,6;7,1;5,1;4,4;3,8;5,0;4,2;4,0;4,0;3,9;5,2;
2462011;"Bytom (1)";9,6;8,6;7,1;5,1;4,4;3,8;5,0;4,2;4,0;4,0;3,9;5,2;
2463000;"Powiat m. Chorzów";6,1;5,5;4,6;3,7;2,9;2,2;2,9;2,3;2,2;2,3;2,3;3,0;
2463011;"Chorzów (1)";6,1;5,5;4,6;3,7;2,9;2,2;2,9;2,3;2,2;2,3;2,3;3,0;
2464000;"Powiat m. Częstochowa";8,5;6,5;5,0;3,7;3,1;2,5;3,9;3,3;2,9;2,8;3,2;3,9;
2464011;"Częstochowa (1)";8,5;6,5;5,0;3,7;3,1;2,5;3,9;3,3;2,9;2,8;3,2;3,9;
2465000;"Powiat m. Dąbrowa Górnicza";7,6;6,6;6,0;4,6;4,0;3,1;4,3;4,0;3,8;3,8;3,4;3,9;
2465011;"Dąbrowa Górnicza (1)";7,6;6,6;6,0;4,6;4,0;3,1;4,3;4,0;3,8;3,8;3,4;3,9;
2466000;"Powiat m. Gliwice";5,8;5,1;4,1;3,5;3,2;2,4;3,3;3,2;2,5;2,3;2,4;3,3;
2466011;"Gliwice (1)";5,8;5,1;4,1;3,5;3,2;2,4;3,3;3,2;2,5;2,3;2,4;3,3;
2467000;"Powiat m. Jastrzębie-Zdrój";6,5;5,7;4,6;3,4;2,8;2,8;3,9;3,2;2,1;2,3;2,2;3,2;
2467011;"Jastrzębie-Zdrój (1)";6,5;5,7;4,6;3,4;2,8;2,8;3,9;3,2;2,1;2,3;2,2;3,2;
2468000;"Powiat m. Jaworzno";4,5;3,5;3,0;2,6;2,3;2,2;2,8;2,7;2,4;2,4;2,4;2,8;
2468011;"Jaworzno (1)";4,5;3,5;3,0;2,6;2,3;2,2;2,8;2,7;2,4;2,4;2,4;2,8;
2469000;"Powiat m. Katowice";5,2;4,4;3,3;2,7;2,0;1,3;2,2;2,3;1,9;1,3;1,3;2,0;
2469011;"Katowice (1)";5,2;4,4;3,3;2,7;2,0;1,3;2,2;2,3;1,9;1,3;1,3;2,0;
2470000;"Powiat m. Mysłowice";5,3;4,6;3,5;3,4;3,1;2,7;4,0;3,5;3,0;2,5;2,5;3,2;
2470011;"Mysłowice (1)";5,3;4,6;3,5;3,4;3,1;2,7;4,0;3,5;3,0;2,5;2,5;3,2;
2471000;"Powiat m. Piekary Śląskie";6,6;6,0;4,6;3,6;3,3;3,0;4,1;3,4;3,4;3,6;3,8;4,6;
2471011;"Piekary Śląskie (1)";6,6;6,0;4,6;3,6;3,3;3,0;4,1;3,4;3,4;3,6;3,8;4,6;
2472000;"Powiat m. Ruda Śląska";4,1;3,5;2,7;2,0;1,5;1,4;1,8;1,4;1,3;1,5;1,6;2,3;
2472011;"Ruda Śląska (1)";4,1;3,5;2,7;2,0;1,5;1,4;1,8;1,4;1,3;1,5;1,6;2,3;
2473000;"Powiat m. Rybnik";4,7;4,4;3,7;2,8;2,3;2,0;3,1;2,2;1,9;1,8;1,8;2,6;
2473011;"Rybnik (1)";4,7;4,4;3,7;2,8;2,3;2,0;3,1;2,2;1,9;1,8;1,8;2,6;
2474000;"Powiat m. Siemianowice Śląskie";6,6;5,8;4,0;3,3;2,9;2,3;3,4;2,5;2,3;2,2;2,3;3,3;
2474011;"Siemianowice Śląskie (1)";6,6;5,8;4,0;3,3;2,9;2,3;3,4;2,5;2,3;2,2;2,3;3,3;
2475000;"Powiat m. Sosnowiec";7,1;6,3;5,6;4,7;3,9;3,2;4,4;4,0;3,3;3,6;3,7;4,1;
2475011;"Sosnowiec (1)";7,1;6,3;5,6;4,7;3,9;3,2;4,4;4,0;3,3;3,6;3,7;4,1;
2476000;"Powiat m. Świętochłowice";5,7;4,7;3,9;3,2;2,9;2,3;3,2;2,2;2,0;1,9;2,1;2,8;
2476011;"Świętochłowice (1)";5,7;4,7;3,9;3,2;2,9;2,3;3,2;2,2;2,0;1,9;2,1;2,8;
2477000;"Powiat m. Tychy";3,7;2,9;2,7;2,2;2,1;1,7;2,6;1,9;1,5;1,5;1,6;2,2;
2477011;"Tychy (1)";3,7;2,9;2,7;2,2;2,1;1,7;2,6;1,9;1,5;1,5;1,6;2,2;
2478000;"Powiat m. Zabrze";6,5;5,3;3,9;3,4;2,9;2,5;3,9;2,9;2,5;2,4;2,4;3,2;
2478011;"Zabrze (1)";6,5;5,3;3,9;3,4;2,9;2,5;3,9;2,9;2,5;2,4;2,4;3,2;
2479000;"Powiat m. Żory";4,5;3,9;3,2;2,4;1,8;1,9;3,0;2,3;2,1;2,0;2,2;2,9;
2479011;"Żory (1)";4,5;3,9;3,2;2,4;1,8;1,9;3,0;2,3;2,1;2,0;2,2;2,9;
2600000;"ŚWIĘTOKRZYSKIE";9,5;8,5;7,4;6,1;5,9;5,7;6,4;5,5;5,0;5,0;4,9;5,5;
2601000;"Powiat buski";6,4;5,8;4,6;3,8;3,2;3,1;3,9;3,1;2,9;2,8;2,7;3,5;
2601013;"Busko-Zdrój (3)";6,8;6,0;4,9;4,0;3,5;3,4;4,4;3,3;3,0;2,8;2,8;3,6;
2601014;"Busko-Zdrój - miasto (4)";0,0;0,0;0,0;0,0;0,0;3,4;4,6;3,2;3,3;2,8;3,0;3,8;
2601015;"Busko-Zdrój - obszar wiejski (5)";0,0;0,0;0,0;0,0;0,0;3,3;4,3;3,4;2,9;2,9;2,5;3,4;
2601022;"Gnojno (2)";6,7;5,7;4,8;3,7;3,9;3,1;3,3;2,9;3,1;2,7;2,7;4,3;
2601032;"Nowy Korczyn (2)";5,6;5,3;4,1;3,3;2,5;;;;;;;;
2601033;"Nowy Korczyn (3)";;;;;;3,1;3,6;2,5;2,7;2,6;2,1;3,2;
2601034;"Nowy Korczyn - miasto (4)";;;;;;6,1;6,2;4,7;4,6;3,5;3,2;2,4;
2601035;"Nowy Korczyn - obszar wiejski (5)";;;;;;2,5;3,1;2,1;2,3;2,4;1,9;3,3;
2601042;"Pacanów (2)";5,3;4,9;3,5;3,1;2,5;;;;;;;;
2601043;"Pacanów (3)";;;;;;2,9;3,1;2,9;2,5;2,5;2,2;2,9;
2601044;"Pacanów - miasto (4)";;;;;;3,3;3,3;3,5;3,8;3,5;2,7;3,1;
2601045;"Pacanów - obszar wiejski (5)";;;;;;2,9;3,1;2,7;2,3;2,3;2,1;2,8;
2601052;"Solec-Zdrój (2)";5,8;5,2;4,0;3,1;2,7;2,5;4,1;2,7;2,4;2,0;2,4;3,1;
2601062;"Stopnica (2)";7,1;;;;;;;;;;;;
2601063;"Stopnica (3)";;6,2;5,0;4,1;3,6;3,1;3,7;3,2;3,1;3,1;3,1;3,9;
2601064;"Stopnica - miasto (4)";;0,0;0,0;0,0;0,0;3,6;4,3;3,6;3,5;3,5;3,8;5,2;
2601065;"Stopnica - obszar wiejski (5)";;0,0;0,0;0,0;0,0;3,0;3,6;3,1;3,0;3,1;3,0;3,7;
2601072;"Tuczępy (2)";6,6;6,2;5,1;4,3;3,0;3,2;3,7;2,8;2,5;2,6;2,9;3,7;
2601082;"Wiślica (2)";5,6;5,6;4,2;3,6;;;;;;;;;
2601083;"Wiślica (3)";;;;;2,9;2,2;3,1;3,0;2,6;3,6;3,2;2,9;
2601084;"Wiślica - miasto (4)";;;;;0,0;2,6;3,6;4,4;3,4;4,9;3,4;3,4;
2601085;"Wiślica - obszar wiejski (5)";;;;;0,0;2,2;3,1;2,8;2,6;3,5;3,2;2,8;
2602000;"Powiat jędrzejowski";8,7;7,9;6,6;5,0;4,8;4,8;5,3;4,2;3,9;4,0;3,4;4,0;
2602012;"Imielno (2)";8,5;6,8;5,8;4,9;5,1;5,1;4,9;4,2;3,8;4,5;4,1;4,1;
2602023;"Jędrzejów (3)";9,2;8,4;7,3;5,5;5,2;5,2;5,7;4,2;3,9;4,0;3,5;4,4;
2602024;"Jędrzejów - miasto (4)";0,0;0,0;0,0;0,0;0,0;6,0;6,6;4,9;4,5;4,6;3,9;4,9;
2602025;"Jędrzejów - obszar wiejski (5)";0,0;0,0;0,0;0,0;0,0;4,3;4,8;3,6;3,2;3,5;3,2;3,9;
2602033;"Małogoszcz (3)";9,7;8,8;7,1;5,3;5,0;4,9;5,4;4,3;3,9;4,1;3,4;3,7;
2602034;"Małogoszcz - miasto (4)";0,0;0,0;0,0;0,0;0,0;5,2;5,9;4,3;3,8;4,3;2,9;3,2;
2602035;"Małogoszcz - obszar wiejski (5)";0,0;0,0;0,0;0,0;0,0;4,7;5,3;4,3;3,9;4,0;3,5;3,8;
2602042;"Nagłowice (2)";8,8;8,4;6,7;4,7;4,7;4,9;5,8;4,8;4,3;4,2;2,7;3,8;
2602052;"Oksa (2)";7,3;7,5;5,2;4,5;4,6;4,0;4,3;3,6;3,5;4,1;2,8;3,4;
2602063;"Sędziszów (3)";8,8;7,8;6,5;4,8;4,7;4,8;5,2;4,2;4,0;4,4;3,5;3,9;
2602064;"Sędziszów - miasto (4)";0,0;0,0;0,0;0,0;0,0;4,8;5,0;4,4;4,0;4,7;3,4;4,3;
2602065;"Sędziszów - obszar wiejski (5)";0,0;0,0;0,0;0,0;0,0;4,9;5,3;3,9;4,0;4,0;3,6;3,4;
2602072;"Słupia (2)";6,8;6,7;5,9;4,2;3,5;3,0;3,8;3,6;2,9;3,3;2,8;3,0;
2602082;"Sobków (2)";7,6;6,8;5,4;4,9;4,3;4,3;5,0;4,4;3,5;3,4;3,3;;
2602083;"Sobków (3)";;;;;;;;;;;;3,8;
2602084;"Sobków - miasto (4)";;;;;;;;;;;;4,7;
2602085;"Sobków - obszar wiejski (5)";;;;;;;;;;;;3,7;
2602092;"Wodzisław (2)";8,7;7,7;6,2;4,6;4,9;4,9;5,7;;;;;;
2602093;"Wodzisław (3)";;;;;;;;4,6;4,4;4,4;3,7;4,6;
2602094;"Wodzisław - miasto (4)";;;;;;;;4,3;5,6;5,2;4,3;5,4;
2602095;"Wodzisław - obszar wiejski (5)";;;;;;;;4,6;4,2;4,3;3,6;4,4;
2603000;"Powiat kazimierski";9,7;8,1;7,4;6,2;5,9;5,3;6,5;6,4;5,6;5,9;5,7;6,4;
2603012;"Bejsce (2)";7,9;7,0;6,4;5,4;4,8;4,9;5,5;5,6;4,3;4,4;4,5;5,4;
2603022;"Czarnocin (2)";9,3;7,8;6,8;4,9;5,3;4,4;5,6;5,1;5,0;4,8;4,8;5,3;
2603033;"Kazimierza Wielka (3)";10,7;9,3;8,6;7,3;6,7;5,7;7,2;7,2;6,4;6,8;6,6;7,1;
2603034;"Kazimierza Wielka - miasto (4)";0,0;0,0;0,0;0,0;0,0;6,2;7,6;7,4;6,7;7,0;7,3;7,6;
2603035;"Kazimierza Wielka - obszar wiejski (5)";0,0;0,0;0,0;0,0;0,0;5,5;7,0;7,0;6,2;6,7;6,3;6,9;
2603042;"Opatowiec (2)";7,3;5,4;5,0;4,2;4,3;;;;;;;;
2603043;"Opatowiec (3)";;;;;;4,2;5,1;5,0;4,6;4,8;4,0;5,0;
2603044;"Opatowiec - miasto (4)";;;;;;5,1;8,4;7,2;5,4;5,6;3,5;4,9;
2603045;"Opatowiec - obszar wiejski (5)";;;;;;4,1;4,7;4,8;4,6;4,7;4,1;5,0;
2603053;"Skalbmierz (3)";9,6;7,5;6,9;5,8;5,6;5,4;6,6;6,5;5,5;5,6;5,4;6,4;
2603054;"Skalbmierz - miasto (4)";0,0;0,0;0,0;0,0;0,0;6,4;8,5;8,2;6,8;5,9;5,5;5,7;
2603055;"Skalbmierz - obszar wiejski (5)";0,0;0,0;0,0;0,0;0,0;5,1;6,1;6,1;5,2;5,6;5,4;6,6;
2604000;"Powiat kielecki";9,0;8,3;7,4;6,1;6,0;5,8;5,4;4,3;3,5;3,4;3,3;3,7;
2604012;"Bieliny (2)";9,5;9,1;7,2;6,4;6,3;6,0;5,3;3,9;3,8;3,3;3,0;3,5;
2604023;"Bodzentyn (3)";10,7;10,3;9,7;8,4;9,7;10,3;7,7;6,4;3,6;3,8;3,5;4,1;
2604024;"Bodzentyn - miasto (4)";0,0;0,0;0,0;0,0;0,0;9,4;7,1;6,8;3,3;3,3;3,1;5,1;
2604025;"Bodzentyn - obszar wiejski (5)";0,0;0,0;0,0;0,0;0,0;10,5;7,9;6,3;3,7;4,0;3,5;3,9;
2604033;"Chęciny (3)";8,2;7,5;6,4;5,7;5,5;4,9;4,3;2,9;2,5;2,6;2,3;3,3;
2604034;"Chęciny - miasto (4)";0,0;0,0;0,0;0,0;0,0;5,6;4,8;2,9;2,7;2,6;2,6;3,5;
2604035;"Chęciny - obszar wiejski (5)";0,0;0,0;0,0;0,0;0,0;4,7;4,1;2,9;2,4;2,6;2,2;3,2;
2604043;"Chmielnik (3)";11,1;9,9;8,9;6,8;6,6;5,8;6,2;5,5;5,0;4,8;4,7;4,7;
2604044;"Chmielnik - miasto (4)";0,0;0,0;0,0;0,0;0,0;5,2;5,7;4,8;5,3;5,6;4,1;5,3;
2604045;"Chmielnik - obszar wiejski (5)";0,0;0,0;0,0;0,0;0,0;6,0;6,4;5,7;4,8;4,5;5,0;4,4;
2604053;"Daleszyce (3)";9,7;9,5;8,6;6,9;6,4;6,5;6,4;4,6;3,5;3,3;3,2;4,0;
2604054;"Daleszyce - miasto (4)";0,0;0,0;0,0;0,0;0,0;6,6;6,7;5,1;3,1;3,9;3,5;4,0;
2604055;"Daleszyce - obszar wiejski (5)";0,0;0,0;0,0;0,0;0,0;6,5;6,3;4,5;3,5;3,1;3,2;4,0;
2604062;"Górno (2)";8,5;6,7;5,9;4,2;4,2;3,7;4,1;3,0;2,6;2,7;2,4;2,9;
2604072;"Łagów (2)";8,9;8,0;7,2;7,1;;;;;;;;;
2604073;"Łagów (3)";;;;;6,6;6,6;6,5;5,2;5,0;4,4;4,2;4,0;
2604074;"Łagów - miasto (4)";;;;;0,0;6,8;7,1;4,8;4,4;4,6;4,5;4,1;
2604075;"Łagów - obszar wiejski (5)";;;;;0,0;6,6;6,4;5,4;5,1;4,3;4,1;4,0;
2604082;"Łopuszno (2)";8,9;10,1;9,2;7,5;7,8;7,7;7,9;7,0;4,6;;;;
2604083;"Łopuszno (3)";;;;;;;;;;3,5;2,8;3,5;
2604084;"Łopuszno - miasto (4)";;;;;;;;;;2,0;2,2;2,5;
2604085;"Łopuszno - obszar wiejski (5)";;;;;;;;;;3,8;2,9;3,7;
2604092;"Masłów (2)";7,4;7,4;6,2;5,5;5,5;5,2;4,7;3,0;2,6;2,6;2,5;3,2;
2604102;"Miedziana Góra (2)";8,0;6,5;6,0;4,7;4,2;4,4;4,5;3,4;2,7;2,7;3,0;3,4;
2604112;"Mniów (2)";11,9;9,9;10,0;8,3;8,1;8,5;8,1;6,5;5,6;5,6;5,4;5,3;
2604122;"Morawica (2)";6,9;5,3;4,4;;;;;;;;;;
2604123;"Morawica (3)";;;;3,6;3,3;3,4;3,1;2,6;2,1;2,2;2,2;2,5;
2604124;"Morawica - miasto (4)";;;;0,0;0,0;3,3;3,1;2,4;2,2;2,5;2,7;3,1;
2604125;"Morawica - obszar wiejski (5)";;;;0,0;0,0;3,4;3,1;2,7;2,0;2,1;2,2;2,4;
2604132;"Nowa Słupia (2)";10,1;10,8;9,6;8,8;8,1;;;;;;;;
2604133;"Nowa Słupia (3)";;;;;;8,5;6,9;7,2;6,3;6,2;5,7;5,2;
2604134;"Nowa Słupia - miasto (4)";;;;;;7,1;7,5;6,0;7,5;7,2;5,6;5,7;
2604135;"Nowa Słupia - obszar wiejski (5)";;;;;;8,7;6,8;7,4;6,1;6,0;5,7;5,1;
2604142;"Piekoszów (2)";9,1;7,8;7,3;5,1;4,9;4,3;4,3;3,1;2,8;;;;
2604143;"Piekoszów (3)";;;;;;;;;;2,8;2,9;3,7;
2604144;"Piekoszów - miasto (4)";;;;;;;;;;2,8;2,9;3,3;
2604145;"Piekoszów - obszar wiejski (5)";;;;;;;;;;2,8;2,9;3,8;
2604152;"Pierzchnica (2)";10,6;10,4;8,9;6,7;6,4;;;;;;;;
2604153;"Pierzchnica (3)";;;;;;6,8;7,6;5,8;5,4;5,0;4,0;4,7;
2604154;"Pierzchnica - miasto (4)";;;;;;6,8;7,7;5,0;5,3;3,9;4,6;5,1;
2604155;"Pierzchnica - obszar wiejski (5)";;;;;;6,8;7,6;6,1;5,5;5,4;3,8;4,5;
2604162;"Raków (2)";8,3;9,0;7,9;6,6;6,4;6,9;6,3;5,8;5,0;5,2;5,4;4,5;
2604172;"Nowiny (2)";7,5;6,8;6,0;4,4;4,2;3,9;3,8;3,2;2,3;2,3;2,7;2,9;
2604182;"Strawczyn (2)";7,6;8,0;7,9;6,9;7,1;6,7;5,8;4,2;3,1;3,3;3,2;3,3;
2604192;"Zagnańsk (2)";8,9;8,7;6,7;6,3;5,8;5,0;5,1;3,9;3,0;3,2;3,1;3,6;
2605000;"Powiat konecki";12,2;10,3;8,4;7,1;7,0;6,8;8,4;6,4;6,1;6,0;5,9;6,6;
2605012;"Fałków (2)";8,4;8,7;6,1;4,8;5,7;4,7;5,6;4,3;5,0;4,6;5,3;4,9;
2605022;"Gowarczów (2)";15,3;10,8;9,3;7,5;7,7;7,4;9,3;7,2;7,6;7,6;;;
2605023;"Gowarczów (3)";;;;;;;;;;;7,1;8,0;
2605024;"Gowarczów - miasto (4)";;;;;;;;;;;6,5;8,4;
2605025;"Gowarczów - obszar wiejski (5)";;;;;;;;;;;7,3;7,9;
2605033;"Końskie (3)";11,3;9,5;7,4;6,4;6,2;6,4;8,0;5,9;5,8;5,8;5,7;6,7;
2605034;"Końskie - miasto (4)";0,0;0,0;0,0;0,0;0,0;5,7;7,2;5,2;5,5;5,2;5,0;6,3;
2605035;"Końskie - obszar wiejski (5)";0,0;0,0;0,0;0,0;0,0;7,1;8,9;6,6;6,3;6,5;6,3;7,2;
2605042;"Radoszyce (2)";11,4;9,8;8,4;6,9;;;;;;;;;
2605043;"Radoszyce (3)";;;;;7,1;7,3;8,4;6,8;6,0;5,9;5,8;6,3;
2605044;"Radoszyce - miasto (4)";;;;;0,0;7,3;8,8;6,8;6,2;6,1;5,6;5,7;
2605045;"Radoszyce - obszar wiejski (5)";;;;;0,0;7,3;8,1;6,8;5,9;5,8;6,0;6,7;
2605052;"Ruda Maleniecka (2)";13,8;13,2;11,0;9,1;7,9;8,1;9,8;7,4;7,1;7,0;6,6;8,2;
2605062;"Słupia Konecka (2)";5,2;4,6;3,4;3,4;3,2;3,2;4,0;3,6;2,8;4,1;3,0;2,9;
2605072;"Smyków (2)";12,1;10,4;8,9;7,8;7,3;6,8;7,9;5,8;5,4;5,3;5,2;5,8;
2605083;"Stąporków (3)";15,5;13,3;11,2;9,4;9,3;8,2;10,6;8,0;7,4;6,9;6,8;6,9;
2605084;"Stąporków - miasto (4)";0,0;0,0;0,0;0,0;0,0;7,2;9,7;6,8;6,4;6,1;6,3;6,7;
2605085;"Stąporków - obszar wiejski (5)";0,0;0,0;0,0;0,0;0,0;8,7;11,1;8,6;7,9;7,3;7,0;7,1;
2606000;"Powiat opatowski";14,7;14,0;11,7;10,0;9,8;10,0;10,6;10,4;9,9;9,6;9,3;9,9;
2606012;"Baćkowice (2)";12,5;10,7;8,6;7,5;7,8;7,7;7,9;8,2;8,1;8,0;8,1;8,4;
2606022;"Iwaniska (2)";19,6;19,4;14,8;12,5;12,7;13,1;13,8;14,2;;;;;
2606023;"Iwaniska (3)";;;;;;;;;13,0;13,2;12,8;12,9;
2606024;"Iwaniska - miasto (4)";;;;;;;;;11,4;10,8;11,3;11,5;
2606025;"Iwaniska - obszar wiejski (5)";;;;;;;;;13,4;13,8;13,2;13,2;
2606032;"Lipnik (2)";16,8;15,8;14,4;11,3;11,1;11,4;12,6;11,8;11,8;10,7;10,5;11,6;
2606043;"Opatów (3)";14,1;13,4;11,8;10,2;9,4;10,1;10,9;10,2;10,0;9,4;9,6;10,4;
2606044;"Opatów - miasto (4)";0,0;0,0;0,0;0,0;0,0;11,3;11,9;10,9;10,6;10,0;11,0;11,5;
2606045;"Opatów - obszar wiejski (5)";0,0;0,0;0,0;0,0;0,0;8,7;9,8;9,5;9,4;8,8;7,9;9,1;
2606053;"Ożarów (3)";13,3;13,2;10,8;9,3;9,2;8,8;9,5;9,9;8,7;8,3;7,6;8,7;
2606054;"Ożarów - miasto (4)";0,0;0,0;0,0;0,0;0,0;7,9;8,2;8,0;7,0;6,7;6,4;7,9;
2606055;"Ożarów - obszar wiejski (5)";0,0;0,0;0,0;0,0;0,0;9,4;10,4;11,2;9,9;9,4;8,5;9,3;
2606062;"Sadowie (2)";12,7;11,8;9,6;8,1;8,4;8,2;8,7;7,9;7,7;8,0;8,3;8,8;
2606072;"Tarłów (2)";14,7;13,4;11,5;10,6;10,3;11,2;11,1;10,7;9,6;10,2;8,8;9,5;
2606082;"Wojciechowice (2)";13,7;13,1;10,9;9,1;8,9;8,7;8,5;9,0;9,4;8,5;7,8;8,5;
2607000;"Powiat ostrowiecki";10,6;9,8;8,0;7,0;6,6;6,1;7,1;5,5;5,3;5,8;6,0;6,8;
2607011;"Ostrowiec Świętokrzyski (1)";10,1;9,3;7,6;6,6;6,2;5,9;7,0;5,4;5,2;5,8;6,1;7,0;
2607022;"Bałtów (2)";9,7;10,5;8,7;7,9;6,8;6,5;7,0;5,3;5,4;6,2;5,3;6,5;
2607032;"Bodzechów (2)";12,1;10,9;9,0;7,6;7,4;6,3;7,7;6,2;5,9;6,3;6,5;6,5;
2607043;"Ćmielów (3)";12,2;11,4;9,5;9,0;7,7;7,2;8,4;6,0;6,3;6,1;6,6;7,7;
2607044;"Ćmielów - miasto (4)";0,0;0,0;0,0;0,0;0,0;6,9;7,9;6,0;6,5;6,2;6,6;8,1;
2607045;"Ćmielów - obszar wiejski (5)";0,0;0,0;0,0;0,0;0,0;7,5;8,8;6,0;6,2;6,1;6,7;7,4;
2607053;"Kunów (3)";13,0;11,7;9,4;8,2;7,8;6,8;7,6;6,3;5,3;5,5;5,7;6,7;
2607054;"Kunów - miasto (4)";0,0;0,0;0,0;0,0;0,0;5,5;6,8;6,1;4,9;5,0;5,5;6,4;
2607055;"Kunów - obszar wiejski (5)";0,0;0,0;0,0;0,0;0,0;7,3;7,9;6,3;5,4;5,7;5,8;6,8;
2607062;"Waśniów (2)";8,4;7,6;6,5;5,3;5,2;4,2;4,7;4,4;3,7;4,4;4,8;4,8;
2608000;"Powiat pińczowski";6,7;6,1;5,4;4,8;4,8;4,7;5,3;5,0;4,8;4,4;4,3;4,9;
2608013;"Działoszyce (3)";7,8;6,8;5,7;4,5;5,0;4,8;5,9;5,5;5,2;4,5;4,8;5,5;
2608014;"Działoszyce - miasto (4)";0,0;0,0;0,0;0,0;0,0;7,3;9,0;9,1;8,2;5,7;7,5;8,4;
2608015;"Działoszyce - obszar wiejski (5)";0,0;0,0;0,0;0,0;0,0;4,2;5,1;4,6;4,5;4,2;4,1;4,9;
2608022;"Kije (2)";6,7;6,6;5,6;4,8;5,3;4,7;4,9;4,2;3,4;4,3;4,0;4,4;
2608032;"Michałów (2)";6,0;5,3;4,6;4,0;3,5;3,4;4,4;4,5;4,5;4,0;4,0;4,5;
2608043;"Pińczów (3)";6,8;6,2;5,8;5,0;5,0;5,0;5,7;5,2;5,3;4,5;4,4;5,2;
2608044;"Pińczów - miasto (4)";0,0;0,0;0,0;0,0;0,0;5,6;6,5;5,7;6,1;5,0;4,9;5,8;
2608045;"Pińczów - obszar wiejski (5)";0,0;0,0;0,0;0,0;0,0;4,4;4,8;4,7;4,6;4,0;3,9;4,7;
2608052;"Złota (2)";5,3;5,1;4,3;4,4;4,1;4,1;4,2;4,6;4,3;3,9;4,0;4,3;
2609000;"Powiat sandomierski";8,5;6,6;6,5;5,7;5,2;5,4;6,1;5,5;5,4;5,2;5,2;5,9;
2609011;"Sandomierz (1)";8,0;6,4;6,3;5,5;5,2;5,3;6,3;5,4;5,2;4,8;5,0;5,8;
2609022;"Dwikozy (2)";8,5;6,6;6,8;5,7;5,7;5,7;6,5;6,0;6,0;5,3;5,2;6,0;
2609032;"Klimontów (2)";11,0;8,3;7,9;7,1;6,1;6,7;;;;;;;
2609033;"Klimontów (3)";;;;;;;7,3;6,5;6,3;6,8;6,2;7,1;
2609034;"Klimontów - miasto (4)";;;;;;;7,8;6,9;6,6;6,6;5,4;6,6;
2609035;"Klimontów - obszar wiejski (5)";;;;;;;7,1;6,4;6,3;6,9;6,5;7,3;
2609043;"Koprzywnica (3)";9,1;6,8;6,6;5,7;5,5;5,0;5,8;5,7;5,7;5,5;5,5;5,8;
2609044;"Koprzywnica - miasto (4)";0,0;0,0;0,0;0,0;0,0;5,6;6,9;6,5;6,2;6,2;6,2;6,3;
2609045;"Koprzywnica - obszar wiejski (5)";0,0;0,0;0,0;0,0;0,0;4,6;5,2;5,2;5,4;5,0;5,0;5,4;
2609052;"Łoniów (2)";7,8;6,4;6,3;5,3;4,4;4,6;5,0;4,5;4,5;4,2;4,6;5,4;
2609062;"Obrazów (2)";8,2;6,4;6,4;6,1;5,3;5,4;5,8;5,5;5,5;5,9;5,6;6,0;
2609072;"Samborzec (2)";6,5;4,8;4,7;4,2;4,0;4,2;4,8;4,2;4,2;3,8;3,6;4,4;
2609082;"Wilczyce (2)";8,8;7,1;6,3;5,2;5,5;5,9;6,7;6,7;7,0;5,6;6,8;7,5;
2609093;"Zawichost (3)";10,0;7,8;7,9;6,8;5,9;6,3;6,9;5,9;6,0;6,0;6,4;6,8;
2609094;"Zawichost - miasto (4)";0,0;0,0;0,0;0,0;0,0;6,1;7,3;5,5;6,7;6,5;6,4;6,8;
2609095;"Zawichost - obszar wiejski (5)";0,0;0,0;0,0;0,0;0,0;6,5;6,7;6,2;5,6;5,7;6,3;6,7;
2610000;"Powiat skarżyski";13,7;12,2;10,7;8,3;8,7;8,3;10,3;9,8;8,8;8,9;8,9;9,4;
2610011;"Skarżysko-Kamienna (1)";12,3;10,8;9,5;7,7;7,9;7,5;9,5;8,9;8,0;8,0;8,0;8,8;
2610022;"Bliżyn (2)";19,4;17,8;15,3;11,9;12,1;11,4;13,7;13,2;11,4;11,5;10,8;11,5;
2610032;"Łączna (2)";13,2;11,9;9,5;7,0;8,2;7,5;8,5;8,3;7,7;8,2;8,1;8,2;
2610042;"Skarżysko Kościelne (2)";16,0;14,9;12,6;9,5;9,8;9,7;12,9;12,1;11,4;10,6;11,3;10,5;
2610053;"Suchedniów (3)";14,6;12,4;11,3;8,3;9,1;8,5;10,3;10,1;9,5;9,9;9,9;10,4;
2610054;"Suchedniów - miasto (4)";0,0;0,0;0,0;0,0;0,0;8,3;10,2;9,9;9,5;10,0;9,8;10,4;
2610055;"Suchedniów - obszar wiejski (5)";0,0;0,0;0,0;0,0;0,0;9,0;10,7;10,7;9,6;9,7;10,2;10,4;
2611000;"Powiat starachowicki";9,7;8,5;7,4;6,4;5,8;6,0;7,0;6,8;6,8;7,0;6,7;6,8;
2611011;"Starachowice (1)";9,8;8,7;7,7;6,7;6,0;6,1;7,0;6,8;6,9;7,2;6,9;7,1;
2611022;"Brody (2)";11,0;9,6;8,2;7,0;6,5;7,0;8,4;7,7;7,6;8,4;7,6;7,2;
2611032;"Mirzec (2)";9,1;7,5;6,3;5,8;5,0;5,7;6,3;6,6;6,4;6,3;6,0;6,1;
2611042;"Pawłów (2)";8,2;7,1;5,8;5,0;4,4;4,7;5,5;5,5;5,3;5,3;5,1;5,5;
2611053;"Wąchock (3)";10,8;10,5;9,0;8,1;7,6;7,4;8,8;9,1;8,2;8,4;8,3;8,1;
2611054;"Wąchock - miasto (4)";0,0;0,0;0,0;0,0;0,0;7,1;10,0;9,4;7,7;9,1;8,9;8,7;
2611055;"Wąchock - obszar wiejski (5)";0,0;0,0;0,0;0,0;0,0;7,6;7,9;8,9;8,5;8,1;8,0;7,7;
2612000;"Powiat staszowski";7,9;6,7;6,4;5,2;5,1;4,8;5,5;4,2;4,1;4,3;4,2;4,9;
2612012;"Bogoria (2)";9,5;7,6;7,2;6,2;6,2;5,6;5,4;4,5;4,7;5,0;;;
2612013;"Bogoria (3)";;;;;;;;;;;5,3;5,9;
2612014;"Bogoria - miasto (4)";;;;;;;;;;;5,1;5,0;
2612015;"Bogoria - obszar wiejski (5)";;;;;;;;;;;5,3;6,1;
2612022;"Łubnice (2)";6,2;5,1;4,2;3,8;3,3;3,4;3,8;3,4;3,3;3,0;3,4;3,8;
2612032;"Oleśnica (2)";9,5;7,2;6,7;5,7;5,5;;;;;;;;
2612033;"Oleśnica (3)";;;;;;5,4;4,8;4,4;4,5;4,6;4,3;4,9;
2612034;"Oleśnica - miasto (4)";;;;;;6,5;5,4;5,5;5,2;5,5;4,9;5,5;
2612035;"Oleśnica - obszar wiejski (5)";;;;;;4,3;4,3;3,5;3,9;3,9;3,8;4,4;
2612043;"Osiek (3)";10,1;9,7;8,6;6,6;5,8;5,6;6,7;4,7;4,4;5,1;4,3;5,1;
2612044;"Osiek - miasto (4)";0,0;0,0;0,0;0,0;0,0;4,8;5,1;3,5;3,4;4,0;3,6;4,9;
2612045;"Osiek - obszar wiejski (5)";0,0;0,0;0,0;0,0;0,0;5,9;7,3;5,2;4,8;5,5;4,6;5,1;
2612053;"Połaniec (3)";5,7;5,7;5,4;4,6;4,6;4,2;5,6;4,0;3,5;4,1;4,0;4,4;
2612054;"Połaniec - miasto (4)";0,0;0,0;0,0;0,0;0,0;3,8;5,1;3,7;3,2;3,9;4,0;4,3;
2612055;"Połaniec - obszar wiejski (5)";0,0;0,0;0,0;0,0;0,0;5,3;6,6;4,6;4,0;4,3;4,0;4,5;
2612062;"Rytwiany (2)";9,0;6,8;6,7;5,4;5,4;5,2;5,5;4,1;4,3;3,7;3,6;4,5;
2612073;"Staszów (3)";7,9;6,4;6,2;5,1;5,2;4,8;5,6;4,4;4,1;4,5;4,4;5,3;
2612074;"Staszów - miasto (4)";0,0;0,0;0,0;0,0;0,0;4,5;5,5;4,2;4,2;4,5;4,4;5,4;
2612075;"Staszów - obszar wiejski (5)";0,0;0,0;0,0;0,0;0,0;5,4;5,8;4,6;3,9;4,4;4,4;5,2;
2612082;"Szydłów (2)";5,8;4,9;5,5;4,2;4,2;;;;;;;;
2612083;"Szydłów (3)";;;;;;3,9;4,6;3,4;3,9;3,6;3,3;3,8;
2612084;"Szydłów - miasto (4)";;;;;;3,1;3,9;2,2;2,4;2,9;3,1;3,3;
2612085;"Szydłów - obszar wiejski (5)";;;;;;4,2;4,8;3,7;4,3;3,8;3,3;4,0;
2613000;"Powiat włoszczowski";9,3;6,5;6,3;5,2;4,7;5,2;6,0;4,9;4,5;4,2;4,1;4,4;
2613012;"Kluczewsko (2)";10,6;7,2;7,1;5,9;5,0;5,3;5,7;5,4;4,0;3,5;3,9;4,0;
2613022;"Krasocin (2)";10,2;6,4;7,2;5,5;5,2;5,5;6,4;4,9;5,0;5,0;4,8;5,0;
2613032;"Moskorzew (2)";9,6;6,8;7,0;6,0;5,0;6,3;6,3;6,6;5,3;5,6;5,3;4,8;
2613042;"Radków (2)";8,4;6,6;5,9;4,6;5,2;4,8;5,3;5,7;4,0;3,9;4,6;4,6;
2613052;"Secemin (2)";10,2;6,7;5,5;4,7;4,1;6,2;7,2;5,2;5,7;5,1;4,6;5,2;
2613063;"Włoszczowa (3)";8,4;6,3;5,7;4,9;4,5;4,8;5,6;4,5;3,9;3,6;3,5;4,0;
2613064;"Włoszczowa - miasto (4)";0,0;0,0;0,0;0,0;0,0;4,4;5,4;4,6;4,0;3,6;3,6;4,1;
2613065;"Włoszczowa - obszar wiejski (5)";0,0;0,0;0,0;0,0;0,0;5,2;5,8;4,3;3,9;3,6;3,5;3,9;
2661000;"Powiat m. Kielce";8,5;7,7;7,0;5,4;5,3;4,8;5,7;5,2;4,3;4,4;4,3;5,1;
2661011;"Kielce (1)";8,5;7,7;7,0;5,4;5,3;4,8;5,7;5,2;4,3;4,4;4,3;5,1;
2800000;"WARMIŃSKO-MAZURSKIE";10,6;9,1;8,1;6,7;6,0;5,2;6,2;5,2;5,1;4,9;4,9;5,6;
2801000;"Powiat bartoszycki";15,5;13,5;13,3;11,7;10,7;9,5;10,3;9,7;9,4;9,0;8,5;9,2;
2801011;"Bartoszyce (1)";12,1;10,3;10,0;8,6;8,0;6,9;8,2;7,3;7,2;6,7;6,4;7,3;
2801021;"Górowo Iławeckie (1)";15,7;12,8;11,8;11,8;10,4;7,8;8,1;8,2;7,7;8,4;7,1;7,1;
2801032;"Bartoszyce (2)";16,9;14,6;14,3;13,1;11,8;10,1;11,5;10,9;10,5;9,4;9,5;9,4;
2801043;"Bisztynek (3)";14,6;13,3;13,3;12,1;10,9;10,6;11,1;10,0;9,8;9,2;8,8;10,3;
2801044;"Bisztynek - miasto (4)";0,0;0,0;0,0;0,0;0,0;9,6;9,8;8,9;7,7;6,9;7,5;9,4;
2801045;"Bisztynek - obszar wiejski (5)";0,0;0,0;0,0;0,0;0,0;11,2;11,9;10,7;11,1;10,6;9,5;10,9;
2801052;"Górowo Iławeckie (2)";21,7;19,0;19,5;16,3;15,5;14,5;14,3;14,5;14,6;15,2;13,2;13,6;
2801063;"Sępopol (3)";19,6;17,9;17,8;14,4;13,4;11,7;12,2;11,7;10,6;10,1;10,1;10,8;
2801064;"Sępopol - miasto (4)";0,0;0,0;0,0;0,0;0,0;10,1;10,8;10,6;7,9;7,1;7,0;8,5;
2801065;"Sępopol - obszar wiejski (5)";0,0;0,0;0,0;0,0;0,0;12,4;12,8;12,2;11,9;11,5;11,6;11,8;
2802000;"Powiat braniewski";15,1;14,1;13,0;11,3;10,8;9,9;10,6;9,1;8,4;7,0;7,2;8,1;
2802011;"Braniewo (1)";11,1;10,4;9,3;8,0;7,3;6,8;7,1;5,8;5,2;4,4;4,3;6,0;
2802022;"Braniewo (2)";17,7;17,4;16,2;13,5;13,6;11,8;12,7;10,9;9,8;8,6;8,9;8,7;
2802033;"Frombork (3)";15,0;13,3;12,8;11,3;10,4;7,7;9,7;9,2;8,3;6,5;7,4;7,1;
2802034;"Frombork - miasto (4)";0,0;0,0;0,0;0,0;0,0;5,7;6,7;6,3;5,4;4,7;5,4;5,8;
2802035;"Frombork - obszar wiejski (5)";0,0;0,0;0,0;0,0;0,0;11,2;15,2;14,3;13,5;9,5;10,8;9,1;
2802042;"Lelkowo (2)";24,4;20,6;20,3;18,2;17,7;17,1;20,0;16,8;14,7;12,7;12,5;12,2;
2802053;"Pieniężno (3)";16,0;15,1;14,7;12,7;13,1;11,7;12,2;11,4;10,2;7,4;8,5;9,9;
2802054;"Pieniężno - miasto (4)";0,0;0,0;0,0;0,0;0,0;7,0;8,0;7,7;6,5;4,7;5,3;6,2;
2802055;"Pieniężno - obszar wiejski (5)";0,0;0,0;0,0;0,0;0,0;15,3;15,2;14,1;12,9;9,2;10,7;12,5;
2802062;"Płoskinia (2)";16,3;14,4;12,7;11,5;11,2;11,6;12,1;10,1;8,7;8,0;9,5;9,4;
2802072;"Wilczęta (2)";20,0;19,1;16,5;15,2;13,4;12,7;15,4;12,7;15,1;12,9;10,8;11,1;
2803000;"Powiat działdowski";13,5;12,0;11,1;9,8;9,0;8,0;8,5;7,2;7,7;7,7;7,5;8,5;
2803011;"Działdowo (1)";10,3;9,1;8,8;7,4;6,5;6,5;7,0;5,6;6,4;5,8;5,7;7,3;
2803022;"Działdowo (2)";16,8;14,5;13,6;11,9;10,7;9,8;9,9;8,1;8,1;7,9;8,6;9,3;
2803032;"Iłowo-Osada (2)";14,3;13,4;11,8;10,4;9,7;8,1;8,4;7,3;7,2;7,2;7,6;8,6;
2803043;"Lidzbark (3)";16,0;14,0;12,9;11,8;11,2;8,6;9,6;9,1;9,8;10,2;9,2;9,4;
2803044;"Lidzbark - miasto (4)";0,0;0,0;0,0;0,0;0,0;9,2;9,7;9,3;10,1;10,5;9,6;9,5;
2803045;"Lidzbark - obszar wiejski (5)";0,0;0,0;0,0;0,0;0,0;8,0;9,4;8,9;9,4;9,9;8,8;9,3;
2803052;"Płośnica (2)";13,6;12,2;12,1;10,7;9,7;8,8;9,0;8,3;8,9;9,7;9,0;9,6;
2803062;"Rybno (2)";12,9;11,8;9,8;9,1;8,8;7,7;8,3;6,1;7,0;6,7;7,2;8,1;
2804000;"Powiat elbląski";14,2;12,2;11,2;9,6;8,8;7,3;9,2;8,0;7,5;7,2;7,1;7,8;
2804012;"Elbląg (2)";13,6;11,1;9,5;8,0;6,7;5,1;6,7;5,9;5,2;5,4;5,5;6,4;
2804022;"Godkowo (2)";17,6;14,9;13,8;12,2;11,0;9,0;12,3;11,7;9,8;9,3;9,9;10,0;
2804032;"Gronowo Elbląskie (2)";12,5;11,2;9,5;8,5;6,7;4,9;6,4;5,3;5,2;5,4;4,6;5,5;
2804042;"Markusy (2)";14,7;11,9;10,2;8,8;8,7;5,3;8,2;6,5;6,6;6,4;6,7;7,9;
2804052;"Milejewo (2)";12,5;10,5;9,9;7,0;6,3;4,8;5,8;5,2;5,2;4,7;4,1;4,1;
2804063;"Młynary (3)";11,5;10,8;9,7;8,9;8,2;7,7;9,3;7,8;7,8;6,9;6,1;6,9;
2804064;"Młynary - miasto (4)";0,0;0,0;0,0;0,0;0,0;7,2;8,2;7,8;7,2;5,7;5,7;7,5;
2804065;"Młynary - obszar wiejski (5)";0,0;0,0;0,0;0,0;0,0;8,0;10,1;7,9;8,3;7,6;6,4;6,5;
2804073;"Pasłęk (3)";14,8;12,7;12,1;10,4;10,0;9,2;11,0;9,0;8,5;8,3;8,6;9,2;
2804074;"Pasłęk - miasto (4)";0,0;0,0;0,0;0,0;0,0;8,6;9,6;7,5;7,1;7,1;7,6;8,5;
2804075;"Pasłęk - obszar wiejski (5)";0,0;0,0;0,0;0,0;0,0;10,2;13,3;11,4;10,8;10,2;10,3;10,3;
2804082;"Rychliki (2)";19,7;17,1;17,1;14,8;12,8;11,9;14,7;14,5;13,5;11,7;11,8;11,9;
2804093;"Tolkmicko (3)";11,9;10,6;9,1;8,0;8,3;5,1;7,3;7,3;6,1;6,3;5,8;6,5;
2804094;"Tolkmicko - miasto (4)";0,0;0,0;0,0;0,0;0,0;4,6;6,0;6,8;5,2;5,0;5,2;5,7;
2804095;"Tolkmicko - obszar wiejski (5)";0,0;0,0;0,0;0,0;0,0;5,4;8,2;7,5;6,7;7,1;6,2;7,1;
2805000;"Powiat ełcki";12,0;10,1;9,1;7,7;7,0;6,2;7,3;6,3;6,2;6,0;5,9;6,1;
2805011;"Ełk (1)";10,5;8,8;7,8;6,5;5,7;5,1;5,7;5,0;4,9;4,8;4,8;5,3;
2805022;"Ełk (2)";16,7;15,7;14,5;11,8;12,1;10,3;12,0;10,3;9,8;9,5;8,9;7,6;
2805032;"Kalinowo (2)";14,8;11,0;11,0;9,2;7,8;7,0;9,5;8,5;7,7;8,2;8,3;8,0;
2805042;"Prostki (2)";13,9;11,3;9,7;9,1;8,0;7,3;9,5;7,6;7,7;7,0;7,3;7,3;
2805052;"Stare Juchy (2)";13,8;11,0;10,1;8,3;7,9;6,2;9,1;7,8;8,7;7,0;6,5;7,9;
2806000;"Powiat giżycki";8,5;7,9;7,0;5,2;4,5;4,5;5,8;4,4;4,6;4,8;4,8;5,7;
2806011;"Giżycko (1)";8,0;7,6;6,7;4,8;4,2;4,1;5,3;4,0;4,3;4,6;4,4;5,7;
2806042;"Giżycko (2)";8,4;7,8;7,3;5,1;4,6;4,5;5,4;3,7;4,1;4,0;4,0;4,9;
2806052;"Kruklanki (2)";8,9;8,5;7,4;5,1;4,4;5,4;6,2;5,3;5,2;5,3;5,0;6,0;
2806062;"Miłki (2)";10,2;9,6;7,6;5,5;4,9;5,1;7,4;5,7;5,9;5,4;6,2;6,9;
2806083;"Ryn (3)";8,9;7,7;7,2;6,4;4,8;5,0;6,6;5,4;4,8;5,5;5,4;5,5;
2806084;"Ryn - miasto (4)";0,0;0,0;0,0;0,0;0,0;3,7;6,2;5,0;4,5;5,5;5,2;4,9;
2806085;"Ryn - obszar wiejski (5)";0,0;0,0;0,0;0,0;0,0;6,3;7,0;5,7;5,1;5,5;5,6;6,1;
2806102;"Wydminy (2)";9,4;8,3;7,6;5,9;5,0;5,3;6,6;5,5;5,7;5,3;6,4;6,5;
2807000;"Powiat iławski";5,2;4,3;3,5;2,9;3,0;2,7;3,2;2,5;2,7;2,7;2,6;3,4;
2807011;"Iława (1)";4,5;3,6;3,3;2,7;2,7;2,4;3,0;2,3;2,4;2,2;2,3;3,1;
2807021;"Lubawa (1)";3,7;3,6;3,0;2,0;2,8;2,4;1,9;1,8;2,5;2,2;2,0;2,7;
2807032;"Iława (2)";5,2;4,1;3,5;2,9;2,8;2,4;2,7;2,4;2,3;2,4;2,1;3,2;
2807043;"Kisielice (3)";6,3;4,3;4,0;2,8;3,4;3,2;3,3;3,0;3,4;3,8;3,9;4,0;
2807044;"Kisielice - miasto (4)";0,0;0,0;0,0;0,0;0,0;2,6;3,3;2,8;3,5;3,4;3,9;4,4;
2807045;"Kisielice - obszar wiejski (5)";0,0;0,0;0,0;0,0;0,0;3,5;3,3;3,1;3,3;4,1;3,9;3,8;
2807052;"Lubawa (2)";2,5;2,3;1,7;1,3;1,7;1,4;1,5;1,2;1,9;2,0;1,6;2,1;
2807063;"Susz (3)";9,1;7,6;5,4;5,1;4,4;4,3;5,7;4,4;4,5;4,8;4,8;5,9;
2807064;"Susz - miasto (4)";0,0;0,0;0,0;0,0;0,0;3,7;4,6;3,7;3,9;4,3;4,7;6,1;
2807065;"Susz - obszar wiejski (5)";0,0;0,0;0,0;0,0;0,0;4,9;6,6;5,0;5,0;5,1;4,8;5,8;
2807073;"Zalewo (3)";5,9;5,3;4,0;3,4;3,7;4,0;5,1;3,4;3,0;2,7;2,6;3,6;
2807074;"Zalewo - miasto (4)";0,0;0,0;0,0;0,0;0,0;3,9;4,0;3,0;2,4;2,2;2,6;3,4;
2807075;"Zalewo - obszar wiejski (5)";0,0;0,0;0,0;0,0;0,0;4,1;5,6;3,7;3,3;3,0;2,7;3,7;
2808000;"Powiat kętrzyński";14,8;13,3;11,3;8,7;8,9;8,9;10,6;9,4;9,4;8,5;8,6;9,1;
2808011;"Kętrzyn (1)";11,7;10,3;8,6;6,6;6,7;6,8;8,3;6,9;7,0;6,5;6,5;7,0;
2808022;"Barciany (2)";18,1;15,5;13,3;10,9;10,8;10,6;12,7;12,3;12,3;10,5;11,1;11,9;
2808032;"Kętrzyn (2)";17,5;15,0;12,2;9,8;10,6;10,5;12,9;11,3;11,3;10,2;10,6;10,4;
2808043;"Korsze (3)";17,9;17,2;14,7;11,4;11,7;11,7;13,5;12,2;11,8;10,2;10,3;11,0;
2808044;"Korsze - miasto (4)";0,0;0,0;0,0;0,0;0,0;8,0;9,7;8,5;8,8;7,2;7,6;9,2;
2808045;"Korsze - obszar wiejski (5)";0,0;0,0;0,0;0,0;0,0;14,5;16,5;15,0;14,1;12,4;12,3;12,3;
2808053;"Reszel (3)";14,6;14,0;12,2;8,5;8,9;7,8;10,2;9,2;9,1;9,1;9,1;10,6;
2808054;"Reszel - miasto (4)";0,0;0,0;0,0;0,0;0,0;6,7;8,9;8,1;8,3;8,7;8,9;10,4;
2808055;"Reszel - obszar wiejski (5)";0,0;0,0;0,0;0,0;0,0;9,5;12,1;10,8;10,3;9,7;9,4;10,9;
2808062;"Srokowo (2)";17,3;15,1;13,6;10,8;10,0;10,5;11,5;10,4;10,5;9,1;9,7;9,1;
2809000;"Powiat lidzbarski";13,4;11,8;10,6;8,8;7,7;6,8;7,4;6,4;5,8;5,6;6,0;6,9;
2809011;"Lidzbark Warmiński (1)";10,5;9,1;8,4;6,7;5,9;5,2;5,5;4,9;4,4;5,0;5,3;5,8;
2809022;"Kiwity (2)";13,3;12,2;9,2;8,8;7,3;5,8;6,5;5,1;5,3;5,8;5,1;6,4;
2809032;"Lidzbark Warmiński (2)";13,4;11,8;10,5;8,6;7,1;5,6;6,7;5,6;4,9;4,9;5,8;6,2;
2809042;"Lubomino (2)";15,0;12,8;11,9;10,8;9,8;9,0;9,6;8,6;7,5;6,8;7,5;7,1;
2809053;"Orneta (3)";16,6;15,0;13,6;11,0;9,7;9,1;9,9;8,7;7,6;6,4;6,9;8,9;
2809054;"Orneta - miasto (4)";0,0;0,0;0,0;0,0;0,0;8,1;8,7;7,6;7,0;5,7;6,4;8,0;
2809055;"Orneta - obszar wiejski (5)";0,0;0,0;0,0;0,0;0,0;11,6;13,2;11,3;9,3;8,1;8,0;11,2;
2810000;"Powiat mrągowski";10,8;9,7;8,6;6,4;6,2;5,7;6,5;5,3;5,2;4,7;4,5;5,6;
2810011;"Mrągowo (1)";9,5;8,8;7,9;5,8;5,6;5,4;5,7;4,7;4,5;4,3;4,1;5,6;
2810023;"Mikołajki (3)";13,9;11,9;9,9;8,5;8,8;7,5;9,1;8,0;8,1;7,4;7,2;8,1;
2810024;"Mikołajki - miasto (4)";0,0;0,0;0,0;0,0;0,0;6,6;7,9;6,5;7,2;6,9;6,2;7,5;
2810025;"Mikołajki - obszar wiejski (5)";0,0;0,0;0,0;0,0;0,0;8,3;10,1;9,2;8,8;7,9;8,0;8,6;
2810032;"Mrągowo (2)";11,1;9,9;9,3;6,1;5,3;4,4;6,0;4,3;4,4;3,8;3,3;4,2;
2810042;"Piecki (2)";10,6;9,3;7,8;5,2;5,3;5,3;5,7;5,0;4,5;4,4;4,6;5,7;
2810052;"Sorkwity (2)";11,5;10,4;9,5;8,1;7,9;6,5;7,5;5,8;5,6;3,9;3,6;4,3;
2811000;"Powiat nidzicki";8,8;7,5;5,9;4,5;4,3;3,5;3,7;3,1;3,4;3,6;3,5;4,4;
2811012;"Janowiec Kościelny (2)";8,5;7,0;4,6;3,3;2,9;3,0;3,1;2,2;2,7;3,0;2,7;3,5;
2811022;"Janowo (2)";8,1;7,5;5,9;3,6;3,5;3,0;3,7;3,4;2,7;3,7;3,0;4,3;
2811032;"Kozłowo (2)";11,7;9,8;8,3;6,4;6,2;4,4;4,8;4,5;4,2;4,5;4,7;5,6;
2811043;"Nidzica (3)";8,0;6,9;5,4;4,2;4,0;3,4;3,5;2,9;3,3;3,5;3,4;4,2;
2811044;"Nidzica - miasto (4)";0,0;0,0;0,0;0,0;0,0;3,0;3,4;2,7;3,3;3,3;3,3;4,1;
2811045;"Nidzica - obszar wiejski (5)";0,0;0,0;0,0;0,0;0,0;4,2;3,8;3,1;3,4;3,8;3,5;4,2;
2812000;"Powiat nowomiejski";11,3;8,5;6,1;4,9;4,8;4,6;5,7;6,1;6,7;6,3;6,3;7,5;
2812011;"Nowe Miasto Lubawskie (1)";9,7;7,5;5,4;4,8;4,9;4,5;5,9;6,1;6,3;6,2;5,9;7,8;
2812022;"Biskupiec (2)";14,9;11,0;8,4;6,4;5,8;5,5;6,8;7,7;7,9;7,6;7,6;8,5;
2812032;"Grodziczno (2)";10,4;6,9;5,2;4,4;4,5;4,5;5,7;5,5;6,5;6,5;5,8;6,4;
2812042;"Kurzętnik (2)";9,8;7,5;5,3;4,2;4,0;3,9;4,4;5,5;6,2;5,3;5,7;7,0;
2812052;"Bratian (2)";11,6;9,2;6,0;4,6;4,5;4,8;5,8;5,6;6,6;6,2;6,2;7,4;
2813000;"Powiat olecki";13,0;11,4;10,2;8,9;7,4;6,1;7,5;6,6;6,6;8,7;7,7;8,3;
2813032;"Kowale Oleckie (2)";15,5;13,9;13,0;11,9;9,8;7,6;9,3;8,2;8,5;9,8;9,5;9,6;
2813043;"Olecko (3)";11,6;10,3;8,8;7,6;6,5;5,1;6,4;5,6;5,4;7,3;6,4;7,3;
2813044;"Olecko - miasto (4)";0,0;0,0;0,0;0,0;0,0;4,6;6,0;5,1;4,6;6,4;5,5;6,6;
2813045;"Olecko - obszar wiejski (5)";0,0;0,0;0,0;0,0;0,0;6,3;7,7;6,8;7,6;9,5;8,6;8,9;
2813052;"Świętajno (2)";17,2;14,7;13,6;12,5;10,3;8,7;11,4;10,0;11,1;14,1;12,5;12,0;
2813062;"Wieliczki (2)";12,6;10,6;10,5;8,3;6,2;7,2;7,9;6,8;7,2;10,3;8,7;9,3;
2814000;"Powiat olsztyński";9,5;8,3;7,4;6,4;5,3;4,3;5,4;4,0;3,6;3,4;3,3;3,6;
2814013;"Barczewo (3)";8,9;7,9;7,0;6,1;5,1;4,0;4,8;3,5;2,8;2,8;2,8;2,9;
2814014;"Barczewo - miasto (4)";0,0;0,0;0,0;0,0;0,0;3,7;4,6;2,9;2,7;2,6;2,9;3,0;
2814015;"Barczewo - obszar wiejski (5)";0,0;0,0;0,0;0,0;0,0;4,1;5,0;3,9;2,8;2,9;2,7;2,8;
2814023;"Biskupiec (3)";11,9;10,1;9,2;7,4;6,4;5,6;7,5;5,8;5,1;5,4;5,0;6,2;
2814024;"Biskupiec - miasto (4)";0,0;0,0;0,0;0,0;0,0;4,6;6,0;4,5;4,1;4,2;4,1;5,2;
2814025;"Biskupiec - obszar wiejski (5)";0,0;0,0;0,0;0,0;0,0;6,7;9,3;7,3;6,4;6,8;6,1;7,4;
2814033;"Dobre Miasto (3)";10,4;9,2;8,2;8,2;7,5;6,6;8,6;7,0;7,6;6,4;6,6;6,8;
2814034;"Dobre Miasto - miasto (4)";0,0;0,0;0,0;0,0;0,0;6,3;8,3;7,1;7,6;6,1;6,4;6,6;
2814035;"Dobre Miasto - obszar wiejski (5)";0,0;0,0;0,0;0,0;0,0;7,0;9,2;6,7;7,7;6,9;6,8;7,1;
2814042;"Dywity (2)";6,0;5,3;4,4;4,1;3,1;2,6;3,4;2,3;2,2;1,9;2,1;2,1;
2814052;"Gietrzwałd (2)";8,2;6,3;6,2;5,2;3,5;3,2;4,4;2,9;2,1;2,0;1,8;2,0;
2814063;"Jeziorany (3)";13,3;11,9;10,8;10,3;8,8;6,9;8,7;6,7;5,8;5,4;6,1;6,4;
2814064;"Jeziorany - miasto (4)";0,0;0,0;0,0;0,0;0,0;5,9;7,1;6,0;5,3;4,9;5,1;6,0;
2814065;"Jeziorany - obszar wiejski (5)";0,0;0,0;0,0;0,0;0,0;7,7;9,8;7,2;6,2;5,8;6,9;6,7;
2814072;"Jonkowo (2)";7,7;7,1;5,9;5,3;4,0;3,0;3,7;3,1;3,0;2,3;1,9;2,2;
2814082;"Kolno (2)";15,2;12,1;10,7;9,9;8,0;7,2;9,9;6,2;6,7;6,5;5,9;7,1;
2814093;"Olsztynek (3)";9,4;8,0;6,8;6,0;4,5;2,9;3,3;2,1;1,8;1,9;2,2;2,4;
2814094;"Olsztynek - miasto (4)";0,0;0,0;0,0;0,0;0,0;2,6;2,9;1,8;1,5;1,6;1,8;2,0;
2814095;"Olsztynek - obszar wiejski (5)";0,0;0,0;0,0;0,0;0,0;3,3;3,8;2,4;2,2;2,2;2,6;2,7;
2814102;"Purda (2)";8,4;7,1;6,5;5,6;4,4;3,8;5,0;3,3;2,9;2,6;2,4;2,6;
2814112;"Stawiguda (2)";6,0;5,3;4,9;3,5;3,0;1,9;2,5;1,5;1,1;1,2;1,1;1,3;
2814122;"Świątki (2)";10,9;10,2;9,4;7,2;5,6;4,8;6,6;5,7;4,6;4,7;3,8;4,3;
2815000;"Powiat ostródzki";10,9;8,8;8,2;6,8;6,4;5,6;6,2;5,2;5,0;4,9;5,3;5,8;
2815011;"Ostróda (1)";7,8;5,9;5,4;4,5;4,6;3,9;4,1;3,3;3,4;2,9;3,4;4,1;
2815022;"Dąbrówno (2)";13,8;11,4;11,5;10,0;8,7;6,6;7,8;6,0;6,9;6,7;7,3;8,8;
2815032;"Grunwald (2)";14,9;12,0;11,1;9,6;9,1;6,2;7,3;5,2;6,0;5,2;5,7;5,6;
2815042;"Łukta (2)";12,0;9,9;9,3;7,4;6,8;7,0;6,8;5,7;4,9;3,8;3,8;5,0;
2815052;"Małdyty (2)";11,5;9,5;9,2;7,2;7,2;6,7;8,7;7,2;6,9;7,5;7,2;7,6;
2815063;"Miłakowo (3)";15,5;13,5;12,5;10,5;9,5;8,9;10,8;8,5;8,1;9,0;9,4;10,3;
2815064;"Miłakowo - miasto (4)";0,0;0,0;0,0;0,0;0,0;6,5;7,4;6,0;6,1;7,1;6,6;7,7;
2815065;"Miłakowo - obszar wiejski (5)";0,0;0,0;0,0;0,0;0,0;10,9;14,0;10,8;10,0;10,8;12,0;12,6;
2815073;"Miłomłyn (3)";11,9;10,0;8,8;7,7;6,2;6,2;5,6;5,1;4,9;4,4;4,7;4,5;
2815074;"Miłomłyn - miasto (4)";0,0;0,0;0,0;0,0;0,0;5,7;5,2;5,0;4,3;3,8;4,3;4,2;
2815075;"Miłomłyn - obszar wiejski (5)";0,0;0,0;0,0;0,0;0,0;6,6;6,0;5,1;5,5;5,0;5,1;4,8;
2815083;"Morąg (3)";12,8;10,5;10,2;8,4;7,7;7,0;8,4;7,5;7,0;7,0;7,8;8,0;
2815084;"Morąg - miasto (4)";0,0;0,0;0,0;0,0;0,0;5,8;6,8;6,4;5,8;6,4;6,9;7,2;
2815085;"Morąg - obszar wiejski (5)";0,0;0,0;0,0;0,0;0,0;8,5;10,3;8,9;8,4;7,8;8,8;8,8;
2815092;"Ostróda (2)";9,2;7,3;6,2;5,5;5,2;4,4;4,3;3,2;2,9;3,2;3,7;4,2;
2816000;"Powiat piski";14,3;12,5;9,4;7,2;5,7;5,3;6,8;6,2;5,9;5,9;6,1;6,5;
2816013;"Biała Piska (3)";18,6;14,8;12,6;9,0;6,9;6,9;9,3;7,9;7,4;6,9;7,3;6,7;
2816014;"Biała Piska - miasto (4)";0,0;0,0;0,0;0,0;0,0;6,5;8,2;6,3;5,8;6,2;6,2;6,2;
2816015;"Biała Piska - obszar wiejski (5)";0,0;0,0;0,0;0,0;0,0;7,2;9,9;8,8;8,3;7,2;7,8;7,0;
2816023;"Orzysz (3)";15,0;13,1;9,6;7,0;5,5;4,9;6,8;6,4;5,6;5,8;6,0;6,4;
2816024;"Orzysz - miasto (4)";0,0;0,0;0,0;0,0;0,0;4,7;6,2;5,6;5,2;5,2;5,7;5,5;
2816025;"Orzysz - obszar wiejski (5)";0,0;0,0;0,0;0,0;0,0;5,2;7,9;7,7;6,3;6,8;6,5;7,7;
2816033;"Pisz (3)";12,7;11,7;8,2;6,2;4,9;4,6;5,7;5,5;5,4;5,2;5,4;6,4;
2816034;"Pisz - miasto (4)";0,0;0,0;0,0;0,0;0,0;4,4;5,6;5,2;5,1;5,0;5,4;6,4;
2816035;"Pisz - obszar wiejski (5)";0,0;0,0;0,0;0,0;0,0;5,2;6,1;6,2;5,9;5,7;5,6;6,3;
2816043;"Ruciane-Nida (3)";12,7;11,6;8,6;7,8;6,6;5,6;7,0;6,3;5,8;6,7;6,7;7,0;
2816044;"Ruciane-Nida - miasto (4)";0,0;0,0;0,0;0,0;0,0;5,2;6,6;6,7;5,9;7,3;7,0;7,1;
2816045;"Ruciane-Nida - obszar wiejski (5)";0,0;0,0;0,0;0,0;0,0;6,2;7,3;5,8;5,6;6,1;6,3;6,8;
2817000;"Powiat szczycieński";11,8;9,0;7,3;5,9;4,8;4,5;5,6;4,8;4,5;4,8;5,0;6,0;
2817011;"Szczytno (1)";11,3;8,4;6,6;5,7;4,7;4,4;5,3;4,5;4,6;4,8;4,9;6,5;
2817022;"Dźwierzuty (2)";14,7;11,1;8,3;7,4;5,8;5,7;7,2;6,3;5,6;5,7;5,4;6,6;
2817032;"Jedwabno (2)";12,8;10,7;8,5;7,3;6,3;4,4;5,7;4,9;5,2;5,8;6,1;6,2;
2817043;"Pasym (3)";9,9;8,0;6,3;5,4;3,8;3,3;4,3;4,2;3,6;5,0;3,9;5,0;
2817044;"Pasym - miasto (4)";0,0;0,0;0,0;0,0;0,0;2,9;4,5;4,5;3,9;4,6;4,0;6,2;
2817045;"Pasym - obszar wiejski (5)";0,0;0,0;0,0;0,0;0,0;3,5;4,1;4,0;3,3;5,3;3,9;4,2;
2817052;"Rozogi (2)";12,1;7,9;7,2;5,0;4,0;4,2;5,4;4,2;3,7;4,2;4,6;5,6;
2817062;"Szczytno (2)";11,1;8,9;7,2;5,4;4,2;4,5;5,3;4,2;4,0;4,3;4,9;5,1;
2817072;"Świętajno (2)";13,2;9,2;8,4;6,2;5,6;4,6;6,1;5,5;4,7;4,8;5,0;6,3;
2817082;"Wielbark (2)";11,4;9,4;8,0;5,7;5,3;;;;;;;;
2817083;"Wielbark (3)";;;;;;5,2;5,9;5,7;4,8;5,3;5,8;6,9;
2817084;"Wielbark - miasto (4)";;;;;;5,1;5,7;5,6;4,7;4,9;5,1;6,0;
2817085;"Wielbark - obszar wiejski (5)";;;;;;5,2;6,1;5,9;4,9;5,7;6,4;7,7;
2818000;"Powiat gołdapski";11,3;10,3;9,3;6,3;5,6;5,1;5,7;4,5;5,0;4,1;4,0;4,2;
2818012;"Banie Mazurskie (2)";14,4;13,6;12,6;8,8;7,1;7,7;8,9;6,6;7,5;5,6;5,8;5,5;
2818022;"Dubeninki (2)";14,6;12,6;11,5;8,6;6,6;7,1;7,0;6,0;6,4;6,3;5,7;4,6;
2818033;"Gołdap (3)";10,3;9,3;8,3;5,6;5,2;4,4;4,9;3,9;4,4;3,5;3,4;4,0;
2818034;"Gołdap - miasto (4)";0,0;0,0;0,0;0,0;0,0;3,6;4,0;3,1;3,6;3,3;3,1;3,9;
2818035;"Gołdap - obszar wiejski (5)";0,0;0,0;0,0;0,0;0,0;5,9;6,8;5,7;5,9;3,9;4,2;4,2;
2819000;"Powiat węgorzewski";14,1;12,2;11,4;9,7;8,8;7,4;8,7;7,3;6,1;5,9;6,2;6,4;
2819012;"Budry (2)";19,9;16,4;15,5;12,7;12,8;10,6;11,7;10,7;8,7;7,5;7,3;7,6;
2819022;"Pozezdrze (2)";13,2;12,2;10,6;9,1;8,0;7,2;8,0;6,0;5,2;5,0;5,0;5,2;
2819033;"Węgorzewo (3)";13,3;11,5;10,9;9,3;8,2;6,9;8,4;6,9;5,8;5,8;6,2;6,4;
2819034;"Węgorzewo - miasto (4)";0,0;0,0;0,0;0,0;0,0;5,9;7,1;5,6;4,8;5,0;5,4;5,5;
2819035;"Węgorzewo - obszar wiejski (5)";0,0;0,0;0,0;0,0;0,0;9,1;11,0;9,8;7,9;7,7;7,8;8,4;
2861000;"Powiat m. Elbląg";8,5;7,1;6,4;5,2;4,6;3,2;4,7;3,9;4,0;3,8;3,8;4,7;
2861011;"Elbląg (1)";8,5;7,1;6,4;5,2;4,6;3,2;4,7;3,9;4,0;3,8;3,8;4,7;
2862000;"Powiat m. Olsztyn";5,3;4,7;4,2;3,9;3,0;2,4;3,0;1,9;1,8;1,8;1,8;2,4;
2862011;"Olsztyn (1)";5,3;4,7;4,2;3,9;3,0;2,4;3,0;1,9;1,8;1,8;1,8;2,4;
3000000;"WIELKOPOLSKIE";5,3;4,3;3,6;2,8;2,4;2,2;2,9;2,4;2,2;2,3;2,3;2,8;
3001000;"Powiat chodzieski";8,5;7,0;6,6;5,1;4,6;4,9;5,9;5,1;4,9;5,3;5,3;5,5;
3001011;"Chodzież (1)";7,2;5,9;5,5;4,1;3,7;4,2;5,0;4,6;3,9;4,5;4,6;4,9;
3001022;"Budzyń (2)";7,4;6,1;5,9;4,1;4,1;3,9;4,4;;;;;;
3001023;"Budzyń (3)";;;;;;;;3,9;4,1;4,6;4,4;4,6;
3001024;"Budzyń - miasto (4)";;;;;;;;3,0;3,3;3,5;3,5;3,8;
3001025;"Budzyń - obszar wiejski (5)";;;;;;;;4,9;5,1;6,0;5,5;5,7;
3001032;"Chodzież (2)";9,6;6,0;5,6;4,5;4,4;4,5;5,6;4,3;4,6;4,9;4,6;4,7;
3001043;"Margonin (3)";9,9;9,1;7,8;7,7;6,4;7,1;7,7;6,5;6,4;6,7;6,9;7,5;
3001044;"Margonin - miasto (4)";0,0;0,0;0,0;0,0;0,0;6,3;6,4;5,8;5,9;6,3;5,4;6,9;
3001045;"Margonin - obszar wiejski (5)";0,0;0,0;0,0;0,0;0,0;7,8;8,8;7,1;6,9;7,1;8,1;8,1;
3001053;"Szamocin (3)";11,2;9,8;9,7;6,9;5,8;6,2;8,3;6,9;6,8;7,1;7,2;6,8;
3001054;"Szamocin - miasto (4)";0,0;0,0;0,0;0,0;0,0;6,0;7,8;6,4;6,9;6,8;7,4;7,3;
3001055;"Szamocin - obszar wiejski (5)";0,0;0,0;0,0;0,0;0,0;6,6;8,8;7,6;6,6;7,4;7,0;6,1;
3002000;"Powiat czarnkowsko-trzcianecki";6,9;4,9;4,2;3,0;2,7;2,6;3,0;2,1;2,7;2,9;3,0;3,8;
3002011;"Czarnków (1)";5,4;3,3;2,8;1,7;1,8;1,6;2,7;1,7;2,5;2,2;2,7;3,8;
3002022;"Czarnków (2)";6,4;3,3;2,5;1,3;1,2;1,1;2,2;1,4;1,6;2,0;2,1;2,9;
3002032;"Drawsko (2)";8,0;7,2;6,2;5,3;5,2;4,5;4,6;3,5;4,9;4,4;4,4;5,1;
3002043;"Krzyż Wielkopolski (3)";9,1;7,7;6,7;5,0;4,6;4,4;4,0;3,6;4,5;4,3;4,0;5,1;
3002044;"Krzyż Wielkopolski - miasto (4)";0,0;0,0;0,0;0,0;0,0;3,7;3,7;3,3;4,2;4,2;3,7;4,9;
3002045;"Krzyż Wielkopolski - obszar wiejski (5)";0,0;0,0;0,0;0,0;0,0;6,0;4,5;4,3;5,1;4,7;4,5;5,5;
3002052;"Lubasz (2)";5,2;3,3;2,1;1,5;1,4;1,5;1,8;1,4;1,4;1,1;1,5;2,4;
3002062;"Połajewo (2)";5,1;4,2;2,5;1,7;1,7;1,2;1,7;0,8;1,6;1,9;2,2;2,4;
3002073;"Trzcianka (3)";7,5;4,8;4,4;3,2;2,6;2,9;3,2;1,9;1,9;2,7;2,8;3,7;
3002074;"Trzcianka - miasto (4)";0,0;0,0;0,0;0,0;0,0;2,8;3,0;1,8;1,8;2,6;2,6;3,6;
3002075;"Trzcianka - obszar wiejski (5)";0,0;0,0;0,0;0,0;0,0;3,0;3,7;2,1;2,2;2,8;3,1;3,9;
3002083;"Wieleń (3)";7,6;6,4;5,7;4,2;3,8;3,5;3,7;3,3;4,4;4,5;4,5;5,1;
3002084;"Wieleń - miasto (4)";0,0;0,0;0,0;0,0;0,0;2,8;3,4;2,6;4,1;4,1;3,9;5,2;
3002085;"Wieleń - obszar wiejski (5)";0,0;0,0;0,0;0,0;0,0;4,1;4,0;3,9;4,7;4,9;5,1;5,0;
3003000;"Powiat gnieźnieński";6,7;5,2;4,3;3,5;2,7;2,1;2,5;2,5;2,6;2,7;2,7;3,2;
3003011;"Gniezno (1)";7,1;5,6;4,6;4,0;3,0;2,3;2,5;2,8;3,0;3,2;3,1;3,7;
3003023;"Czerniejewo (3)";5,8;4,0;3,5;2,9;2,2;1,6;2,4;2,4;2,8;2,8;2,8;3,0;
3003024;"Czerniejewo - miasto (4)";0,0;0,0;0,0;0,0;0,0;1,7;1,9;2,6;2,6;2,6;2,5;2,9;
3003025;"Czerniejewo - obszar wiejski (5)";0,0;0,0;0,0;0,0;0,0;1,6;2,7;2,2;2,8;2,9;3,0;3,1;
3003032;"Gniezno (2)";6,2;4,3;3,5;2,8;2,0;1,6;2,1;1,9;1,8;1,8;1,8;2,3;
3003042;"Kiszkowo (2)";4,8;3,8;3,2;2,5;1,9;1,3;1,9;1,8;2,5;2,4;2,6;2,6;
3003053;"Kłecko (3)";6,5;4,7;3,9;2,9;2,4;1,6;2,6;2,1;1,9;2,4;2,3;2,8;
3003054;"Kłecko - miasto (4)";0,0;0,0;0,0;0,0;0,0;1,5;2,5;1,6;2,1;2,7;2,2;2,4;
3003055;"Kłecko - obszar wiejski (5)";0,0;0,0;0,0;0,0;0,0;1,7;2,6;2,4;1,9;2,3;2,4;3,0;
3003062;"Łubowo (2)";5,8;4,1;3,3;2,2;1,9;1,5;1,7;1,6;2,1;2,0;1,9;2,1;
3003072;"Mieleszyn (2)";6,9;4,6;4,1;3,4;3,0;2,0;2,4;2,3;2,3;2,3;2,5;2,9;
3003082;"Niechanowo (2)";6,7;5,2;4,2;3,6;2,4;2,2;2,2;2,4;2,4;2,3;2,5;2,9;
3003093;"Trzemeszno (3)";6,7;5,4;4,4;3,2;2,4;1,9;2,5;2,4;2,5;2,7;3,0;3,1;
3003094;"Trzemeszno - miasto (4)";0,0;0,0;0,0;0,0;0,0;1,9;2,3;2,1;2,3;2,6;2,9;3,0;
3003095;"Trzemeszno - obszar wiejski (5)";0,0;0,0;0,0;0,0;0,0;1,9;2,7;2,8;2,7;2,9;3,0;3,3;
3003103;"Witkowo (3)";7,4;5,7;5,0;3,8;3,4;2,6;3,5;2,9;2,9;2,6;2,6;3,0;
3003104;"Witkowo - miasto (4)";0,0;0,0;0,0;0,0;0,0;2,4;3,3;2,5;2,7;2,4;2,4;2,9;
3003105;"Witkowo - obszar wiejski (5)";0,0;0,0;0,0;0,0;0,0;3,0;3,7;3,3;3,0;2,8;2,8;3,2;
3004000;"Powiat gostyński";6,9;5,5;4,9;4,2;3,9;3,6;4,3;3,8;3,6;3,9;3,7;3,8;
3004013;"Borek Wielkopolski (3)";6,8;5,1;4,8;4,1;3,6;3,2;3,9;3,7;3,8;3,7;4,0;3,9;
3004014;"Borek Wielkopolski - miasto (4)";0,0;0,0;0,0;0,0;0,0;3,4;3,6;3,2;2,6;3,5;4,1;3,3;
3004015;"Borek Wielkopolski - obszar wiejski (5)";0,0;0,0;0,0;0,0;0,0;3,1;4,0;3,9;4,4;3,8;4,0;4,3;
3004023;"Gostyń (3)";7,8;6,1;5,5;4,8;4,4;4,0;4,8;4,0;3,7;4,3;4,1;4,1;
3004024;"Gostyń - miasto (4)";0,0;0,0;0,0;0,0;0,0;4,0;4,8;4,0;3,9;4,4;4,0;4,3;
3004025;"Gostyń - obszar wiejski (5)";0,0;0,0;0,0;0,0;0,0;3,9;4,8;4,0;3,3;4,2;4,2;3,7;
3004033;"Krobia (3)";6,4;5,3;4,1;3,6;3,5;3,0;3,4;3,2;3,1;3,3;2,8;3,1;
3004034;"Krobia - miasto (4)";0,0;0,0;0,0;0,0;0,0;2,7;3,0;2,9;3,2;3,0;2,7;2,8;
3004035;"Krobia - obszar wiejski (5)";0,0;0,0;0,0;0,0;0,0;3,1;3,5;3,4;3,0;3,5;2,9;3,3;
3004042;"Pępowo (2)";6,6;5,0;5,0;3,6;3,7;3,7;4,0;3,6;3,3;3,0;3,5;3,2;
3004052;"Piaski (2)";6,6;5,2;4,5;3,9;3,6;3,4;3,9;3,9;3,4;3,9;4,1;4,2;
3004063;"Pogorzela (3)";6,1;5,1;4,3;4,2;3,6;3,3;5,1;4,6;4,7;4,4;3,6;4,1;
3004064;"Pogorzela - miasto (4)";0,0;0,0;0,0;0,0;0,0;4,3;5,0;5,0;5,2;5,3;4,2;4,8;
3004065;"Pogorzela - obszar wiejski (5)";0,0;0,0;0,0;0,0;0,0;2,6;5,1;4,3;4,3;3,7;3,2;3,5;
3004073;"Poniec (3)";6,1;4,6;5,0;4,0;3,5;3,7;4,5;3,9;3,4;3,6;3,3;3,5;
3004074;"Poniec - miasto (4)";0,0;0,0;0,0;0,0;0,0;3,0;3,8;3,7;4,0;3,4;3,5;3,7;
3004075;"Poniec - obszar wiejski (5)";0,0;0,0;0,0;0,0;0,0;4,1;5,0;4,1;3,1;3,8;3,3;3,3;
3005000;"Powiat grodziski";5,3;4,4;3,6;3,1;2,9;2,4;3,0;3,0;3,1;3,3;3,2;3,6;
3005012;"Granowo (2)";5,2;4,6;4,0;3,2;2,9;2,3;3,1;2,9;3,6;3,3;2,8;2,9;
3005023;"Grodzisk Wielkopolski (3)";5,5;4,7;3,8;3,4;3,3;2,7;3,1;3,2;3,4;3,5;3,5;3,9;
3005024;"Grodzisk Wielkopolski - miasto (4)";0,0;0,0;0,0;0,0;0,0;2,7;3,0;3,1;3,3;3,2;3,2;3,7;
3005025;"Grodzisk Wielkopolski - obszar wiejski (5)";0,0;0,0;0,0;0,0;0,0;2,8;3,3;3,6;3,9;4,2;4,5;4,4;
3005032;"Kamieniec (2)";4,4;3,6;3,2;2,7;2,8;2,2;3,4;2,9;3,1;4,1;3,5;3,9;
3005043;"Rakoniewice (3)";5,9;4,6;4,1;3,4;2,9;2,4;3,0;3,3;2,8;2,9;3,2;3,5;
3005044;"Rakoniewice - miasto (4)";0,0;0,0;0,0;0,0;0,0;0,6;1,0;1,4;1,3;1,5;1,5;1,9;
3005045;"Rakoniewice - obszar wiejski (5)";0,0;0,0;0,0;0,0;0,0;3,1;3,8;4,0;3,4;3,5;3,9;4,1;
3005053;"Wielichowo (3)";4,6;4,0;2,2;2,2;2,2;1,7;2,3;2,1;2,3;2,5;2,5;3,0;
3005054;"Wielichowo - miasto (4)";0,0;0,0;0,0;0,0;0,0;1,7;2,9;2,1;2,2;3,2;2,9;4,1;
3005055;"Wielichowo - obszar wiejski (5)";0,0;0,0;0,0;0,0;0,0;1,7;2,0;2,1;2,3;2,3;2,4;2,6;
3006000;"Powiat jarociński";6,3;5,3;3,5;2,8;2,4;2,3;3,4;3,1;2,7;2,8;3,1;3,9;
3006012;"Jaraczewo (2)";6,2;5,5;;;;;;;;;;;
3006013;"Jaraczewo (3)";;;4,0;3,6;2,6;2,6;3,5;3,3;2,7;3,2;3,2;4,0;
3006014;"Jaraczewo - miasto (4)";;;0,0;0,0;0,0;3,3;3,4;3,8;2,6;3,2;3,5;4,2;
3006015;"Jaraczewo - obszar wiejski (5)";;;0,0;0,0;0,0;2,4;3,5;3,2;2,7;3,2;3,2;3,9;
3006023;"Jarocin (3)";6,0;4,9;3,3;2,7;2,3;2,3;3,4;3,0;2,7;2,7;3,1;4,0;
3006024;"Jarocin - miasto (4)";0,0;0,0;0,0;0,0;0,0;2,5;3,5;3,2;2,8;2,9;3,4;4,2;
3006025;"Jarocin - obszar wiejski (5)";0,0;0,0;0,0;0,0;0,0;2,2;3,2;2,8;2,5;2,5;2,7;3,8;
3006032;"Kotlin (2)";6,6;6,1;3,9;2,8;2,6;2,0;3,2;3,2;2,8;2,9;3,0;3,3;
3006043;"Żerków (3)";7,7;6,1;3,5;2,9;2,4;2,4;3,7;2,9;3,0;2,9;3,0;3,7;
3006044;"Żerków - miasto (4)";0,0;0,0;0,0;0,0;0,0;1,6;2,6;1,5;2,0;1,9;2,6;4,4;
3006045;"Żerków - obszar wiejski (5)";0,0;0,0;0,0;0,0;0,0;2,7;3,9;3,3;3,2;3,2;3,1;3,6;
3007000;"Powiat kaliski";4,0;3,1;2,5;1,8;1,4;1,4;1,8;1,7;1,9;1,9;2,1;2,5;
3007012;"Blizanów (2)";3,7;2,5;2,4;1,6;1,5;1,3;1,7;1,6;1,8;1,8;1,9;2,5;
3007022;"Brzeziny (2)";4,7;3,4;2,9;1,7;1,8;1,4;1,7;2,0;1,8;1,5;2,0;2,3;
3007032;"Ceków-Kolonia (2)";3,5;3,0;2,1;1,5;1,3;1,1;1,6;1,9;2,2;1,9;2,9;3,0;
3007042;"Godziesze Wielkie (2)";3,9;3,1;2,8;1,8;1,5;1,5;1,5;1,6;1,9;2,0;1,9;2,3;
3007052;"Koźminek (2)";4,3;3,4;2,7;1,8;1,2;1,3;1,9;;;;;;
3007053;"Koźminek (3)";;;;;;;;1,6;2,0;1,9;2,3;2,9;
3007054;"Koźminek - miasto (4)";;;;;;;;1,9;1,9;2,1;3,1;3,2;
3007055;"Koźminek - obszar wiejski (5)";;;;;;;;1,5;2,0;1,8;2,1;2,8;
3007062;"Lisków (2)";3,7;3,1;2,3;1,7;1,4;1,5;1,7;1,9;1,8;2,0;1,8;2,3;
3007072;"Mycielin (2)";3,9;3,4;2,6;1,8;1,3;1,4;1,9;1,9;1,9;1,8;2,0;2,7;
3007082;"Opatówek (2)";3,9;2,9;2,1;;;;;;;;;;
3007083;"Opatówek (3)";;;;1,6;1,2;1,0;1,7;1,5;1,7;1,7;1,9;2,4;
3007084;"Opatówek - miasto (4)";;;;0,0;0,0;1,5;2,7;1,7;2,0;2,0;2,2;3,1;
3007085;"Opatówek - obszar wiejski (5)";;;;0,0;0,0;0,8;1,2;1,3;1,5;1,6;1,8;2,1;
3007093;"Stawiszyn (3)";4,6;3,5;3,0;2,5;2,1;1,7;2,4;2,1;2,3;2,4;2,5;3,0;
3007094;"Stawiszyn - miasto (4)";0,0;0,0;0,0;0,0;0,0;2,4;3,4;2,4;3,4;2,8;3,6;4,8;
3007095;"Stawiszyn - obszar wiejski (5)";0,0;0,0;0,0;0,0;0,0;1,6;2,1;2,0;2,1;2,3;2,2;2,6;
3007102;"Szczytniki (2)";4,5;3,6;2,5;1,6;1,5;1,4;2,0;1,7;2,5;1,9;2,5;2,7;
3007112;"Żelazków (2)";3,8;2,9;2,6;1,8;1,3;1,4;1,6;1,4;1,8;1,6;1,9;2,2;
3008000;"Powiat kępiński";2,7;2,2;1,9;1,7;1,7;1,5;1,9;1,7;1,8;1,6;1,6;1,7;
3008012;"Baranów (2)";2,0;1,7;1,5;1,1;1,3;1,4;1,4;1,3;1,4;1,2;1,2;1,2;
3008022;"Bralin (2)";2,3;1,6;1,5;1,4;1,2;1,2;1,6;1,5;1,8;1,4;1,2;1,7;
3008033;"Kępno (3)";3,1;2,5;2,2;2,2;2,1;1,9;2,4;2,0;1,9;1,8;1,8;1,9;
3008034;"Kępno - miasto (4)";0,0;0,0;0,0;0,0;0,0;2,1;2,6;2,1;2,0;2,0;1,9;2,1;
3008035;"Kępno - obszar wiejski (5)";0,0;0,0;0,0;0,0;0,0;1,6;2,1;1,9;1,7;1,7;1,7;1,7;
3008042;"Łęka Opatowska (2)";2,1;1,7;1,3;1,2;1,0;0,8;1,4;1,0;1,7;1,3;1,5;1,3;
3008052;"Perzów (2)";3,4;2,5;2,3;2,0;1,9;1,6;2,1;1,6;2,6;1,8;2,2;2,1;
3008062;"Rychtal (2)";3,1;2,7;1,7;1,6;1,5;1,5;2,0;2,1;1,8;1,5;;;
3008063;"Rychtal (3)";;;;;;;;;;;1,2;1,9;
3008064;"Rychtal - miasto (4)";;;;;;;;;;;2,0;2,1;
3008065;"Rychtal - obszar wiejski (5)";;;;;;;;;;;0,8;1,8;
3008072;"Trzcinica (2)";2,3;2,0;1,8;1,4;1,4;1,2;1,5;1,4;1,4;1,1;1,1;1,3;
3009000;"Powiat kolski";8,9;7,8;6,1;3,7;2,7;2,4;3,1;2,0;1,9;2,3;2,2;2,8;
3009011;"Koło (1)";9,0;7,7;6,3;3,8;3,2;2,8;3,9;2,3;2,7;3,0;2,8;3,8;
3009022;"Babiak (2)";9,0;8,1;5,9;3,2;1,9;2,2;2,8;1,4;1,8;2,0;2,3;2,4;
3009032;"Chodów (2)";12,6;11,1;7,2;4,5;2,5;2,8;3,2;2,5;1,9;2,1;1,9;2,7;
3009043;"Dąbie (3)";9,4;8,8;7,2;4,2;2,8;2,2;3,3;2,1;1,2;2,0;2,3;2,7;
3009044;"Dąbie - miasto (4)";0,0;0,0;0,0;0,0;0,0;2,9;4,7;3,0;1,6;2,8;3,4;4,1;
3009045;"Dąbie - obszar wiejski (5)";0,0;0,0;0,0;0,0;0,0;1,9;2,7;1,7;1,0;1,6;1,8;2,1;
3009052;"Grzegorzew (2)";9,0;7,4;6,1;4,0;2,4;2,5;2,4;2,2;1,6;2,5;1,8;2,9;
3009063;"Kłodawa (3)";8,3;7,3;5,5;3,4;2,4;2,3;2,8;1,6;1,6;2,1;1,9;2,8;
3009064;"Kłodawa - miasto (4)";0,0;0,0;0,0;0,0;0,0;2,9;3,6;2,1;1,8;2,2;2,1;3,1;
3009065;"Kłodawa - obszar wiejski (5)";0,0;0,0;0,0;0,0;0,0;1,7;1,9;1,2;1,3;2,1;1,8;2,4;
3009072;"Koło (2)";7,4;6,4;5,0;3,2;2,5;2,5;2,5;1,8;1,8;1,7;2,0;2,3;
3009082;"Kościelec (2)";8,6;7,4;6,1;3,6;2,4;2,3;3,4;1,9;1,8;1,9;1,9;2,2;
3009092;"Olszówka (2)";8,5;7,2;5,4;3,2;2,4;2,0;2,3;2,2;2,0;2,3;2,0;2,9;
3009102;"Osiek Mały (2)";9,4;8,0;5,9;3,9;2,7;2,2;2,9;1,5;1,9;2,1;2,1;2,1;
3009113;"Przedecz (3)";8,9;9,0;6,9;4,5;3,3;2,7;3,4;2,3;2,0;2,4;2,1;3,2;
3009114;"Przedecz - miasto (4)";0,0;0,0;0,0;0,0;0,0;2,7;4,0;2,4;2,0;2,5;2,5;2,9;
3009115;"Przedecz - obszar wiejski (5)";0,0;0,0;0,0;0,0;0,0;2,7;3,0;2,2;2,1;2,3;1,8;3,4;
3010000;"Powiat koniński";9,4;8,4;7,9;6,1;4,8;4,6;5,5;4,7;4,5;4,4;4,4;5,0;
3010013;"Golina (3)";10,5;9,2;8,7;6,4;5,3;5,3;6,4;5,3;4,9;4,2;4,5;5,0;
3010014;"Golina - miasto (4)";0,0;0,0;0,0;0,0;0,0;5,6;6,5;5,6;4,8;4,8;4,3;5,6;
3010015;"Golina - obszar wiejski (5)";0,0;0,0;0,0;0,0;0,0;5,2;6,3;5,1;4,9;3,9;4,7;4,7;
3010022;"Grodziec (2)";8,1;6,6;6,1;4,2;3,2;3,3;3,9;3,7;3,8;3,7;3,5;4,6;
3010032;"Kazimierz Biskupi (2)";8,0;7,4;7,1;5,2;5,0;4,1;5,0;4,3;4,3;4,1;4,2;4,9;
3010043;"Kleczew (3)";9,3;8,0;7,2;5,2;4,2;4,6;5,1;4,0;4,0;3,4;4,0;4,6;
3010044;"Kleczew - miasto (4)";0,0;0,0;0,0;0,0;0,0;5,0;5,4;3,6;3,6;3,4;4,0;4,0;
3010045;"Kleczew - obszar wiejski (5)";0,0;0,0;0,0;0,0;0,0;4,2;4,9;4,3;4,3;3,5;4,0;5,0;
3010052;"Kramsk (2)";11,4;10,2;9,6;7,6;5,6;5,5;6,3;5,2;5,1;4,7;4,7;4,8;
3010062;"Krzymów (2)";9,1;7,4;7,3;5,7;4,9;4,4;4,9;4,0;3,7;3,2;3,4;3,6;
3010073;"Rychwał (3)";7,2;6,3;5,2;4,1;4,1;3,3;4,1;3,5;3,3;3,7;3,8;4,4;
3010074;"Rychwał - miasto (4)";0,0;0,0;0,0;0,0;0,0;3,0;3,8;3,0;3,1;4,0;4,2;5,0;
3010075;"Rychwał - obszar wiejski (5)";0,0;0,0;0,0;0,0;0,0;3,5;4,2;3,6;3,4;3,6;3,6;4,2;
3010082;"Rzgów (2)";8,1;6,5;6,8;5,1;4,0;3,6;4,1;4,2;4,1;4,2;4,2;4,9;
3010092;"Skulsk (2)";11,1;10,1;9,6;8,1;4,5;4,9;6,7;6,2;5,8;6,3;5,3;5,2;
3010103;"Sompolno (3)";10,4;9,6;9,2;7,1;5,2;5,5;6,1;5,4;5,8;5,8;5,4;5,9;
3010104;"Sompolno - miasto (4)";0,0;0,0;0,0;0,0;0,0;5,8;6,9;5,9;6,2;6,2;6,6;7,4;
3010105;"Sompolno - obszar wiejski (5)";0,0;0,0;0,0;0,0;0,0;5,3;5,7;5,1;5,5;5,6;4,8;5,2;
3010112;"Stare Miasto (2)";7,3;6,1;6,1;5,0;3,3;3,1;3,8;3,4;2,8;2,8;3,0;3,5;
3010123;"Ślesin (3)";9,4;9,0;8,6;6,6;5,1;5,1;6,1;5,1;5,0;4,8;4,9;5,7;
3010124;"Ślesin - miasto (4)";0,0;0,0;0,0;0,0;0,0;4,4;5,9;4,7;5,1;4,1;4,3;5,3;
3010125;"Ślesin - obszar wiejski (5)";0,0;0,0;0,0;0,0;0,0;5,3;6,1;5,3;4,9;4,9;5,1;5,8;
3010132;"Wierzbinek (2)";10,7;9,6;8,7;7,1;5,6;6,0;7,5;5,9;6,0;5,9;5,8;6,9;
3010142;"Wilczyn (2)";11,9;11,4;10,7;8,1;6,3;6,2;7,8;6,6;6,0;6,4;5,9;7,0;
3011000;"Powiat kościański";3,7;3,3;2,8;2,1;1,8;1,7;2,3;1,7;1,8;1,9;2,0;2,3;
3011011;"Kościan (1)";3,2;3,2;2,7;2,0;1,9;1,8;2,5;2,0;1,9;2,1;2,2;2,3;
3011023;"Czempiń (3)";3,7;3,2;2,6;2,0;1,6;1,5;2,3;1,7;1,8;2,1;1,8;1,9;
3011024;"Czempiń - miasto (4)";0,0;0,0;0,0;0,0;0,0;1,4;2,2;1,3;1,8;1,8;1,9;2,1;
3011025;"Czempiń - obszar wiejski (5)";0,0;0,0;0,0;0,0;0,0;1,5;2,4;2,0;1,8;2,3;1,8;1,8;
3011032;"Kościan (2)";3,7;2,9;2,6;1,9;1,7;1,6;2,3;1,5;1,6;1,8;1,7;2,0;
3011043;"Krzywiń (3)";4,3;3,8;3,6;2,7;2,3;1,8;2,2;1,8;1,6;1,9;2,3;2,3;
3011044;"Krzywiń - miasto (4)";0,0;0,0;0,0;0,0;0,0;2,6;3,7;3,3;1,9;2,8;3,8;3,5;
3011045;"Krzywiń - obszar wiejski (5)";0,0;0,0;0,0;0,0;0,0;1,6;1,8;1,5;1,5;1,7;1,9;2,1;
3011053;"Śmigiel (3)";4,2;3,5;2,7;2,0;1,6;1,6;2,0;1,6;1,9;1,9;2,0;2,6;
3011054;"Śmigiel - miasto (4)";0,0;0,0;0,0;0,0;0,0;1,5;2,1;1,6;2,4;2,6;2,7;3,4;
3011055;"Śmigiel - obszar wiejski (5)";0,0;0,0;0,0;0,0;0,0;1,7;2,0;1,6;1,7;1,6;1,7;2,1;
3012000;"Powiat krotoszyński";5,8;4,0;3,3;2,7;2,5;2,2;3,1;2,5;2,4;2,3;2,5;3,0;
3012011;"Sulmierzyce (1)";6,2;4,1;2,5;2,5;2,5;1,7;2,5;2,5;2,0;2,1;1,2;2,2;
3012023;"Kobylin (3)";5,1;3,4;3,4;2,3;2,4;2,5;3,0;2,9;2,8;2,2;3,2;3,3;
3012024;"Kobylin - miasto (4)";0,0;0,0;0,0;0,0;0,0;2,6;3,2;2,5;2,8;2,3;3,6;3,3;
3012025;"Kobylin - obszar wiejski (5)";0,0;0,0;0,0;0,0;0,0;2,4;2,8;3,1;2,8;2,2;2,8;3,2;
3012033;"Koźmin Wielkopolski (3)";5,6;3,6;3,0;2,5;2,1;1,9;2,8;2,1;2,1;2,2;2,2;2,6;
3012034;"Koźmin Wielkopolski - miasto (4)";0,0;0,0;0,0;0,0;0,0;2,0;3,1;2,3;2,1;2,7;2,6;2,6;
3012035;"Koźmin Wielkopolski - obszar wiejski (5)";0,0;0,0;0,0;0,0;0,0;1,7;2,5;2,0;2,0;1,8;1,8;2,6;
3012043;"Krotoszyn (3)";6,0;4,3;3,6;3,0;2,7;2,3;3,4;2,7;2,5;2,4;2,7;3,3;
3012044;"Krotoszyn - miasto (4)";0,0;0,0;0,0;0,0;0,0;2,4;3,7;2,9;2,6;2,4;2,9;3,5;
3012045;"Krotoszyn - obszar wiejski (5)";0,0;0,0;0,0;0,0;0,0;2,1;2,8;2,1;2,3;2,4;2,3;2,8;
3012052;"Rozdrażew (2)";4,0;3,1;2,1;1,7;1,3;1,5;1,7;1,3;1,6;1,5;1,6;1,8;
3012063;"Zduny (3)";7,0;4,6;3,8;3,0;2,7;2,3;3,0;2,4;2,1;2,1;2,2;2,7;
3012064;"Zduny - miasto (4)";0,0;0,0;0,0;0,0;0,0;2,4;2,9;2,3;2,0;2,0;2,3;2,9;
3012065;"Zduny - obszar wiejski (5)";0,0;0,0;0,0;0,0;0,0;2,3;3,1;2,5;2,3;2,2;2,2;2,5;
3013000;"Powiat leszczyński";4,0;3,3;2,8;2,1;2,0;1,8;2,1;1,4;1,6;1,7;1,7;2,3;
3013012;"Krzemieniewo (2)";4,4;3,3;2,8;2,2;2,3;2,1;2,2;1,7;2,0;1,9;1,3;2,2;
3013022;"Lipno (2)";4,1;3,3;2,9;2,3;2,1;2,0;2,1;1,4;1,5;1,7;1,6;2,3;
3013033;"Osieczna (3)";3,5;3,2;2,7;2,0;1,8;1,7;2,1;1,4;1,4;1,5;1,6;2,0;
3013034;"Osieczna - miasto (4)";0,0;0,0;0,0;0,0;0,0;1,5;1,8;1,3;1,3;1,3;1,0;1,8;
3013035;"Osieczna - obszar wiejski (5)";0,0;0,0;0,0;0,0;0,0;1,8;2,1;1,4;1,5;1,6;1,8;2,1;
3013043;"Rydzyna (3)";4,0;3,7;2,8;2,0;1,9;1,8;2,1;1,3;1,2;1,6;1,9;2,0;
3013044;"Rydzyna - miasto (4)";0,0;0,0;0,0;0,0;0,0;1,3;1,0;0,8;0,5;1,0;1,0;1,3;
3013045;"Rydzyna - obszar wiejski (5)";0,0;0,0;0,0;0,0;0,0;2,0;2,6;1,5;1,5;1,8;2,2;2,3;
3013052;"Święciechowa (2)";4,1;3,2;2,9;2,6;2,1;1,9;2,4;1,3;1,8;1,8;1,9;2,4;
3013062;"Wijewo (2)";4,5;3,2;3,3;2,0;1,8;1,6;1,9;1,5;1,4;1,6;2,1;2,7;
3013072;"Włoszakowice (2)";3,4;2,9;2,4;1,8;1,9;1,3;1,8;1,3;1,6;1,8;1,7;2,5;
3014000;"Powiat międzychodzki";4,2;3,7;2,9;2,5;2,6;2,5;3,4;3,4;2,9;2,8;3,1;3,6;
3014012;"Chrzypsko Wielkie (2)";3,6;3,2;2,4;2,5;2,6;2,4;3,0;2,8;2,8;2,5;2,7;2,9;
3014022;"Kwilcz (2)";4,1;4,6;3,4;3,2;3,1;3,2;4,4;4,2;4,4;3,5;3,6;4,0;
3014033;"Międzychód (3)";4,6;4,0;3,0;2,2;2,4;2,4;3,2;3,1;2,6;2,8;3,1;3,7;
3014034;"Międzychód - miasto (4)";0,0;0,0;0,0;0,0;0,0;2,3;3,3;3,1;2,3;2,4;2,1;2,4;
3014035;"Międzychód - obszar wiejski (5)";0,0;0,0;0,0;0,0;0,0;2,4;3,2;3,0;2,9;3,1;4,2;5,2;
3014043;"Sieraków (3)";3,6;2,9;2,5;2,7;2,5;2,2;2,9;3,6;2,7;2,5;2,8;3,4;
3014044;"Sieraków - miasto (4)";0,0;0,0;0,0;0,0;0,0;2,4;3,0;3,6;2,8;2,3;2,9;3,3;
3014045;"Sieraków - obszar wiejski (5)";0,0;0,0;0,0;0,0;0,0;1,8;2,6;3,6;2,4;2,9;2,7;3,6;
3015000;"Powiat nowotomyski";3,0;2,6;2,1;1,5;1,5;1,5;2,3;1,7;1,7;1,9;1,6;2,2;
3015012;"Kuślin (2)";3,2;2,7;2,4;2,0;1,7;1,8;2,7;2,5;1,9;2,2;1,9;2,2;
3015023;"Lwówek (3)";4,4;3,5;3,1;2,1;1,8;1,9;3,3;2,3;2,6;2,7;2,2;2,3;
3015024;"Lwówek - miasto (4)";0,0;0,0;0,0;0,0;0,0;0,3;0,7;1,0;0,7;0,7;0,5;0,7;
3015025;"Lwówek - obszar wiejski (5)";0,0;0,0;0,0;0,0;0,0;2,7;4,5;3,0;3,5;3,7;3,0;3,1;
3015032;"Miedzichowo (2)";4,3;3,5;2,6;2,1;2,2;1,9;2,5;2,2;2,0;1,9;1,0;1,9;
3015043;"Nowy Tomyśl (3)";2,8;2,5;1,7;1,3;1,5;1,5;2,2;1,5;1,8;2,0;1,6;2,2;
3015044;"Nowy Tomyśl - miasto (4)";0,0;0,0;0,0;0,0;0,0;1,5;2,4;1,7;2,1;2,1;1,8;2,5;
3015045;"Nowy Tomyśl - obszar wiejski (5)";0,0;0,0;0,0;0,0;0,0;1,5;2,0;1,4;1,5;1,8;1,3;2,1;
3015053;"Opalenica (3)";2,6;2,4;2,2;1,6;1,3;1,4;2,4;1,6;1,5;1,6;1,9;2,3;
3015054;"Opalenica - miasto (4)";0,0;0,0;0,0;0,0;0,0;1,4;2,5;1,7;1,3;1,5;2,0;2,4;
3015055;"Opalenica - obszar wiejski (5)";0,0;0,0;0,0;0,0;0,0;1,5;2,2;1,5;1,6;1,8;1,8;2,2;
3015063;"Zbąszyń (3)";2,1;2,3;1,7;1,2;1,3;1,1;1,6;1,2;1,0;1,3;1,3;1,9;
3015064;"Zbąszyń - miasto (4)";0,0;0,0;0,0;0,0;0,0;1,2;1,5;1,3;1,1;1,5;1,6;2,2;
3015065;"Zbąszyń - obszar wiejski (5)";0,0;0,0;0,0;0,0;0,0;0,9;1,6;1,1;0,9;1,1;1,0;1,7;
3016000;"Powiat obornicki";5,2;4,0;3,7;2,3;2,1;1,7;2,5;2,3;2,0;1,9;2,0;2,7;
3016013;"Oborniki (3)";4,5;3,7;3,6;2,3;2,1;1,8;2,6;2,3;2,1;1,9;2,1;2,8;
3016014;"Oborniki - miasto (4)";0,0;0,0;0,0;0,0;0,0;2,0;2,9;2,5;2,5;2,1;2,4;3,0;
3016015;"Oborniki - obszar wiejski (5)";0,0;0,0;0,0;0,0;0,0;1,6;2,4;2,1;1,8;1,8;1,8;2,7;
3016023;"Rogoźno (3)";6,4;4,6;3,9;2,3;2,3;1,6;2,4;2,2;2,0;1,8;1,9;2,4;
3016024;"Rogoźno - miasto (4)";0,0;0,0;0,0;0,0;0,0;1,5;2,2;2,1;1,8;1,4;1,6;2,1;
3016025;"Rogoźno - obszar wiejski (5)";0,0;0,0;0,0;0,0;0,0;1,8;2,7;2,4;2,3;2,4;2,2;2,8;
3016032;"Ryczywół (2)";5,4;3,8;3,7;2,4;1,8;1,6;2,5;2,8;1,9;1,9;1,5;2,6;
3017000;"Powiat ostrowski";5,0;3,9;3,1;2,2;2,0;1,9;2,5;2,0;2,1;2,2;2,1;2,8;
3017011;"Ostrów Wielkopolski (1)";5,0;4,0;3,3;2,3;2,3;2,1;2,8;2,4;2,5;2,7;2,6;3,5;
3017023;"Nowe Skalmierzyce (3)";3,6;2,5;1,8;1,0;1,3;1,3;1,7;1,2;1,4;1,2;1,4;1,8;
3017024;"Nowe Skalmierzyce - miasto (4)";0,0;0,0;0,0;0,0;0,0;1,3;2,1;1,3;1,7;1,4;1,6;2,0;
3017025;"Nowe Skalmierzyce - obszar wiejski (5)";0,0;0,0;0,0;0,0;0,0;1,2;1,6;1,1;1,3;1,1;1,3;1,8;
3017033;"Odolanów (3)";5,7;4,3;3,6;1,9;2,2;1,9;2,2;1,8;1,9;1,9;1,7;1,9;
3017034;"Odolanów - miasto (4)";0,0;0,0;0,0;0,0;0,0;1,6;2,0;1,8;2,1;1,8;1,8;2,1;
3017035;"Odolanów - obszar wiejski (5)";0,0;0,0;0,0;0,0;0,0;2,1;2,3;1,8;1,7;1,9;1,6;1,9;
3017042;"Ostrów Wielkopolski (2)";4,7;3,6;2,7;2,3;2,1;2,0;2,4;1,7;1,8;1,7;1,8;2,4;
3017052;"Przygodzice (2)";5,5;3,8;2,8;2,1;1,8;1,4;2,5;1,6;1,9;2,0;1,8;2,5;
3017063;"Raszków (3)";5,6;4,1;3,0;2,3;1,4;1,5;2,0;1,7;1,7;2,0;1,9;2,5;
3017064;"Raszków - miasto (4)";0,0;0,0;0,0;0,0;0,0;1,7;2,0;1,4;1,5;2,7;1,9;2,3;
3017065;"Raszków - obszar wiejski (5)";0,0;0,0;0,0;0,0;0,0;1,5;2,0;1,8;1,7;1,9;2,0;2,5;
3017072;"Sieroszewice (2)";5,1;3,8;3,1;2,3;1,8;1,8;2,7;1,7;1,8;1,7;2,0;2,3;
3017082;"Sośnie (2)";7,0;6,0;5,1;3,3;2,5;2,6;3,2;2,7;3,2;2,5;2,6;3,0;
3018000;"Powiat ostrzeszowski";6,0;4,7;3,9;3,2;3,1;2,9;3,2;2,3;2,6;2,7;2,7;3,2;
3018012;"Czajków (2)";3,9;3,2;2,7;2,0;2,3;1,9;2,2;1,1;1,5;1,2;0,9;1,4;
3018022;"Doruchów (2)";5,7;4,1;2,8;2,6;2,7;2,3;2,5;1,9;1,9;2,0;2,1;2,4;
3018033;"Grabów nad Prosną (3)";5,2;3,6;2,9;2,2;2,1;2,3;2,3;1,7;2,3;2,0;1,6;2,2;
3018034;"Grabów nad Prosną - miasto (4)";0,0;0,0;0,0;0,0;0,0;2,2;1,7;1,4;3,1;2,1;2,0;2,5;
3018035;"Grabów nad Prosną - obszar wiejski (5)";0,0;0,0;0,0;0,0;0,0;2,4;2,5;1,8;2,0;1,9;1,5;2,1;
3018042;"Kobyla Góra (2)";5,9;5,4;4,1;3,4;3,3;3,0;3,3;2,2;2,3;2,9;2,9;3,2;
3018052;"Kraszewice (2)";4,4;3,6;2,8;2,0;2,2;1,8;2,2;1,4;2,3;2,1;2,7;2,5;
3018063;"Mikstat (3)";5,1;3,8;3,4;2,3;2,2;2,4;2,6;1,9;2,6;2,4;2,2;2,8;
3018064;"Mikstat - miasto (4)";0,0;0,0;0,0;0,0;0,0;2,6;3,7;2,2;3,4;3,6;3,0;3,7;
3018065;"Mikstat - obszar wiejski (5)";0,0;0,0;0,0;0,0;0,0;2,3;2,1;1,8;2,3;1,9;1,9;2,4;
3018073;"Ostrzeszów (3)";7,0;5,5;5,0;4,1;4,0;3,6;4,1;2,9;3,2;3,3;3,6;4,1;
3018074;"Ostrzeszów - miasto (4)";0,0;0,0;0,0;0,0;0,0;3,8;4,4;3,4;3,7;3,5;4,2;4,9;
3018075;"Ostrzeszów - obszar wiejski (5)";0,0;0,0;0,0;0,0;0,0;3,4;3,7;2,1;2,6;3,0;2,8;3,3;
3019000;"Powiat pilski";6,1;4,8;4,3;3,3;2,9;2,8;3,7;3,1;2,9;3,2;3,1;3,7;
3019011;"Piła (1)";5,9;4,5;4,0;3,3;2,9;2,7;3,8;3,0;2,7;3,3;3,0;3,7;
3019022;"Białośliwie (2)";6,0;5,3;5,2;3,7;2,5;2,8;4,0;4,1;3,0;4,0;4,0;4,3;
3019032;"Kaczory (2)";5,4;4,2;3,6;2,5;2,5;2,4;3,0;2,4;;;;;
3019033;"Kaczory (3)";;;;;;;;;2,3;2,3;2,2;2,7;
3019034;"Kaczory - miasto (4)";;;;;;;;;1,9;1,5;1,6;2,1;
3019035;"Kaczory - obszar wiejski (5)";;;;;;;;;2,6;2,7;2,6;3,1;
3019043;"Łobżenica (3)";6,5;5,9;5,4;4,1;3,5;3,6;3,9;3,3;3,5;3,8;3,8;4,0;
3019044;"Łobżenica - miasto (4)";0,0;0,0;0,0;0,0;0,0;3,7;4,5;3,6;3,6;4,8;4,0;5,3;
3019045;"Łobżenica - obszar wiejski (5)";0,0;0,0;0,0;0,0;0,0;3,5;3,6;3,2;3,5;3,4;3,7;3,4;
3019052;"Miasteczko Krajeńskie (2)";4,8;4,6;4,7;2,9;1,8;2,5;2,9;2,7;2,8;;;;
3019053;"Miasteczko Krajeńskie (3)";;;;;;;;;;2,7;2,8;2,8;
3019054;"Miasteczko Krajeńskie - miasto (4)";;;;;;;;;;2,9;2,9;3,5;
3019055;"Miasteczko Krajeńskie - obszar wiejski (5)";;;;;;;;;;2,6;2,8;2,4;
3019062;"Szydłowo (2)";6,7;5,3;4,4;3,5;2,8;2,7;3,1;2,6;2,0;2,4;2,2;3,1;
3019073;"Ujście (3)";6,0;4,0;3,4;2,5;2,4;2,7;3,8;3,1;2,8;2,8;2,8;3,0;
3019074;"Ujście - miasto (4)";0,0;0,0;0,0;0,0;0,0;2,5;3,4;2,9;3,3;3,0;3,0;3,1;
3019075;"Ujście - obszar wiejski (5)";0,0;0,0;0,0;0,0;0,0;2,8;4,1;3,2;2,5;2,6;2,7;3,0;
3019083;"Wyrzysk (3)";7,0;6,0;5,0;3,7;3,4;3,7;4,0;3,6;3,8;3,8;3,5;4,4;
3019084;"Wyrzysk - miasto (4)";0,0;0,0;0,0;0,0;0,0;4,6;4,7;4,0;4,3;3,8;3,9;4,8;
3019085;"Wyrzysk - obszar wiejski (5)";0,0;0,0;0,0;0,0;0,0;3,1;3,5;3,3;3,4;3,8;3,3;4,2;
3019093;"Wysoka (3)";6,2;5,5;5,1;3,5;3,2;3,1;4,0;3,2;4,0;4,0;4,6;5,1;
3019094;"Wysoka - miasto (4)";0,0;0,0;0,0;0,0;0,0;2,7;3,8;2,7;3,1;3,0;4,0;3,6;
3019095;"Wysoka - obszar wiejski (5)";0,0;0,0;0,0;0,0;0,0;3,4;4,1;3,5;4,5;4,6;5,0;6,0;
3020000;"Powiat pleszewski";5,9;4,2;3,4;2,3;2,3;2,6;3,7;2,6;2,4;2,1;2,2;2,8;
3020012;"Chocz (2)";6,1;;;;;;;;;;;;
3020013;"Chocz (3)";;4,3;3,7;2,6;3,1;3,1;3,3;2,7;2,5;2,1;1,9;2,7;
3020014;"Chocz - miasto (4)";;0,0;0,0;0,0;0,0;2,8;3,9;2,7;2,0;2,3;1,2;2,7;
3020015;"Chocz - obszar wiejski (5)";;0,0;0,0;0,0;0,0;3,3;2,9;2,6;2,8;1,9;2,2;2,7;
3020022;"Czermin (2)";6,3;4,7;3,1;2,2;2,1;2,2;3,5;2,6;2,2;2,5;2,1;2,4;
3020033;"Dobrzyca (3)";4,6;3,0;2,9;1,9;2,2;2,2;3,4;2,3;1,8;1,5;1,9;2,2;
3020034;"Dobrzyca - miasto (4)";0,0;0,0;0,0;0,0;0,0;2,3;3,2;2,6;1,9;1,5;1,7;2,4;
3020035;"Dobrzyca - obszar wiejski (5)";0,0;0,0;0,0;0,0;0,0;2,1;3,5;2,1;1,7;1,5;1,9;2,0;
3020042;"Gizałki (2)";5,5;4,3;3,7;2,3;2,6;2,4;3,6;2,4;2,3;2,0;2,2;3,3;
3020052;"Gołuchów (2)";5,1;3,5;2,5;1,9;1,6;1,8;2,5;1,8;1,9;1,7;1,8;1,9;
3020063;"Pleszew (3)";6,4;4,6;3,8;2,6;2,5;3,0;4,3;3,0;2,8;2,4;2,6;3,3;
3020064;"Pleszew - miasto (4)";0,0;0,0;0,0;0,0;0,0;3,1;4,3;3,2;3,1;2,7;2,8;3,8;
3020065;"Pleszew - obszar wiejski (5)";0,0;0,0;0,0;0,0;0,0;2,8;4,3;2,7;2,5;2,0;2,3;2,8;
3021000;"Powiat poznański";2,4;2,0;1,7;1,4;1,1;0,9;1,5;1,3;0,8;0,8;0,8;1,0;
3021011;"Luboń (1)";3,1;2,2;1,7;1,3;1,1;0,9;1,9;1,6;1,0;0,9;0,9;1,2;
3021021;"Puszczykowo (1)";3,3;2,7;2,4;2,0;1,6;1,0;2,0;1,9;1,5;1,3;1,3;1,4;
3021033;"Buk (3)";2,5;2,3;2,0;1,7;1,6;1,3;1,9;1,4;0,9;1,1;1,0;1,2;
3021034;"Buk - miasto (4)";0,0;0,0;0,0;0,0;0,0;1,5;2,4;1,6;1,0;1,3;1,2;1,3;
3021035;"Buk - obszar wiejski (5)";0,0;0,0;0,0;0,0;0,0;1,1;1,5;1,2;0,8;1,0;0,8;1,1;
3021042;"Czerwonak (2)";2,2;1,9;1,6;1,3;1,0;0,8;1,5;1,3;0,8;1,0;0,9;1,0;
3021052;"Dopiewo (2)";1,8;1,5;1,5;1,1;0,8;0,7;1,1;1,0;0,5;0,6;0,6;0,7;
3021062;"Kleszczewo (2)";2,4;1,6;1,6;1,0;0,7;0,7;1,4;1,0;0,6;0,5;0,5;0,7;
3021072;"Komorniki (2)";2,0;1,6;1,4;1,1;1,0;0,7;1,2;1,0;0,6;0,7;0,6;0,8;
3021083;"Kostrzyn (3)";3,0;2,6;2,2;1,9;1,4;1,1;1,7;1,5;0,9;1,0;1,0;1,2;
3021084;"Kostrzyn - miasto (4)";0,0;0,0;0,0;0,0;0,0;1,0;1,8;1,8;1,0;1,2;1,2;1,3;
3021085;"Kostrzyn - obszar wiejski (5)";0,0;0,0;0,0;0,0;0,0;1,1;1,6;1,3;0,9;0,9;0,9;1,1;
3021093;"Kórnik (3)";1,8;1,5;1,4;1,2;1,0;0,7;1,4;1,1;0,6;0,6;0,7;0,8;
3021094;"Kórnik - miasto (4)";0,0;0,0;0,0;0,0;0,0;0,8;1,6;1,2;0,8;0,7;0,8;1,0;
3021095;"Kórnik - obszar wiejski (5)";0,0;0,0;0,0;0,0;0,0;0,7;1,3;1,1;0,6;0,6;0,6;0,7;
3021103;"Mosina (3)";3,2;2,3;1,8;1,4;1,0;1,0;1,8;1,5;1,0;0,9;1,0;1,2;
3021104;"Mosina - miasto (4)";0,0;0,0;0,0;0,0;0,0;0,9;1,9;1,5;1,0;1,0;1,1;1,0;
3021105;"Mosina - obszar wiejski (5)";0,0;0,0;0,0;0,0;0,0;1,1;1,8;1,6;1,0;0,9;1,0;1,3;
3021113;"Murowana Goślina (3)";2,8;2,4;1,8;1,5;1,1;1,0;1,6;1,7;0,9;0,9;0,8;1,1;
3021114;"Murowana Goślina - miasto (4)";0,0;0,0;0,0;0,0;0,0;0,9;1,4;1,5;1,0;0,8;0,7;1,1;
3021115;"Murowana Goślina - obszar wiejski (5)";0,0;0,0;0,0;0,0;0,0;1,1;2,0;1,9;0,9;1,0;0,9;1,1;
3021123;"Pobiedziska (3)";3,1;2,3;2,1;1,6;1,3;0,9;1,6;1,5;0,9;0,7;0,9;1,2;
3021124;"Pobiedziska - miasto (4)";0,0;0,0;0,0;0,0;0,0;0,8;1,5;1,4;0,8;0,8;0,8;1,2;
3021125;"Pobiedziska - obszar wiejski (5)";0,0;0,0;0,0;0,0;0,0;1,0;1,7;1,5;0,9;0,7;0,9;1,1;
3021132;"Rokietnica (2)";2,4;2,1;1,9;1,2;0,8;0,7;1,4;1,1;0,7;0,6;0,6;0,8;
3021143;"Stęszew (3)";2,6;2,6;2,3;2,0;1,4;1,2;1,8;1,4;1,0;0,9;0,9;1,2;
3021144;"Stęszew - miasto (4)";0,0;0,0;0,0;0,0;0,0;1,1;1,6;0,8;1,0;1,0;0,7;1,2;
3021145;"Stęszew - obszar wiejski (5)";0,0;0,0;0,0;0,0;0,0;1,3;1,9;1,7;1,0;0,9;1,0;1,2;
3021152;"Suchy Las (2)";1,9;2,0;1,8;1,4;0,8;0,6;1,5;1,2;0,8;0,8;0,8;1,0;
3021163;"Swarzędz (3)";2,1;1,8;1,5;1,1;1,1;0,9;1,6;1,2;0,7;0,8;0,9;1,1;
3021164;"Swarzędz - miasto (4)";0,0;0,0;0,0;0,0;0,0;1,0;2,0;1,4;0,9;1,0;0,9;1,2;
3021165;"Swarzędz - obszar wiejski (5)";0,0;0,0;0,0;0,0;0,0;0,9;1,2;1,1;0,6;0,6;0,8;1,0;
3021172;"Tarnowo Podgórne (2)";2,0;2,0;2,0;1,7;1,2;1,1;1,4;1,0;0,7;0,6;0,7;0,9;
3022000;"Powiat rawicki";6,1;4,7;4,0;3,5;2,8;2,7;3,3;2,5;2,7;2,7;2,8;3,2;
3022013;"Bojanowo (3)";7,0;6,9;5,4;4,4;3,5;3,2;4,0;3,0;3,0;3,1;3,1;3,4;
3022014;"Bojanowo - miasto (4)";0,0;0,0;0,0;0,0;0,0;3,1;3,7;3,4;3,5;3,6;3,2;2,8;
3022015;"Bojanowo - obszar wiejski (5)";0,0;0,0;0,0;0,0;0,0;3,2;4,1;2,9;2,8;2,9;3,1;3,7;
3022023;"Jutrosin (3)";4,4;3,0;2,8;2,5;1,9;2,1;2,6;1,8;2,0;2,1;2,0;2,0;
3022024;"Jutrosin - miasto (4)";0,0;0,0;0,0;0,0;0,0;2,0;3,2;2,8;2,7;3,1;2,9;2,4;
3022025;"Jutrosin - obszar wiejski (5)";0,0;0,0;0,0;0,0;0,0;2,1;2,4;1,5;1,8;1,8;1,6;1,8;
3022033;"Miejska Górka (3)";5,9;4,3;3,5;3,1;2,4;2,5;3,1;2,4;2,3;2,3;2,5;2,3;
3022034;"Miejska Górka - miasto (4)";0,0;0,0;0,0;0,0;0,0;2,8;3,4;2,8;2,7;2,6;3,4;2,7;
3022035;"Miejska Górka - obszar wiejski (5)";0,0;0,0;0,0;0,0;0,0;2,4;3,0;2,2;2,1;2,2;2,0;2,1;
3022042;"Pakosław (2)";5,0;3,3;3,2;2,7;2,3;2,1;2,0;1,9;1,9;2,0;1,8;2,9;
3022053;"Rawicz (3)";6,4;4,8;4,1;3,6;3,1;2,9;3,6;2,7;2,9;3,0;3,1;3,7;
3022054;"Rawicz - miasto (4)";0,0;0,0;0,0;0,0;0,0;3,3;4,0;3,0;3,5;3,5;3,5;4,6;
3022055;"Rawicz - obszar wiejski (5)";0,0;0,0;0,0;0,0;0,0;2,3;2,8;2,1;2,0;2,1;2,3;2,3;
3023000;"Powiat słupecki";9,0;6,8;5,8;5,0;4,8;4,2;5,2;4,4;4,4;4,5;4,6;5,0;
3023011;"Słupca (1)";8,5;6,5;5,7;5,0;5,3;4,4;5,8;4,7;4,9;4,9;5,0;5,7;
3023022;"Lądek (2)";7,9;6,9;5,4;4,6;4,1;3,7;4,0;3,7;4,1;4,4;4,2;4,3;
3023032;"Orchowo (2)";9,3;7,5;7,0;6,4;6,6;5,9;7,5;5,4;5,6;5,9;6,4;6,5;
3023042;"Ostrowite (2)";9,9;7,0;6,5;5,7;5,7;5,0;5,7;5,0;5,2;4,9;4,5;5,7;
3023052;"Powidz (2)";11,2;8,9;8,3;5,5;4,3;4,8;5,1;5,6;4,2;4,6;5,3;4,4;
3023062;"Słupca (2)";9,4;7,6;6,3;5,5;4,9;4,6;5,2;4,2;4,2;4,6;4,2;4,4;
3023072;"Strzałkowo (2)";7,8;5,8;4,5;3,7;4,0;3,5;4,9;3,9;3,5;3,7;4,2;4,8;
3023083;"Zagórów (3)";10,4;6,8;5,5;5,2;4,2;3,7;4,5;4,1;4,3;4,0;4,3;4,6;
3023084;"Zagórów - miasto (4)";0,0;0,0;0,0;0,0;0,0;3,8;4,3;3,8;3,7;3,4;4,8;5,1;
3023085;"Zagórów - obszar wiejski (5)";0,0;0,0;0,0;0,0;0,0;3,6;4,6;4,2;4,5;4,3;4,1;4,3;
3024000;"Powiat szamotulski";4,5;3,9;3,1;2,5;2,1;1,7;2,5;2,3;2,2;2,2;2,3;2,6;
3024011;"Obrzycko (1)";7,0;5,2;4,3;2,7;2,9;2,1;3,3;3,3;3,3;2,9;2,6;3,1;
3024022;"Duszniki (2)";4,2;3,3;2,7;2,7;2,1;1,6;2,0;2,0;1,9;1,9;1,8;2,0;
3024032;"Kaźmierz (2)";3,7;3,3;2,6;2,3;1,8;1,4;2,0;2,0;1,9;1,9;1,6;1,9;
3024042;"Obrzycko (2)";5,5;5,1;4,2;3,7;2,8;2,6;3,0;3,0;2,8;2,7;3,0;3,2;
3024053;"Ostroróg (3)";5,4;4,8;3,9;2,7;2,5;2,3;3,3;3,3;3,0;2,9;2,9;3,4;
3024054;"Ostroróg - miasto (4)";0,0;0,0;0,0;0,0;0,0;2,6;3,6;3,7;3,5;3,4;3,2;3,6;
3024055;"Ostroróg - obszar wiejski (5)";0,0;0,0;0,0;0,0;0,0;2,1;3,1;3,0;2,8;2,6;2,7;3,3;
3024063;"Pniewy (3)";4,9;4,1;3,2;2,9;1,9;1,6;2,6;2,1;2,0;2,1;2,2;2,7;
3024064;"Pniewy - miasto (4)";0,0;0,0;0,0;0,0;0,0;1,5;2,2;1,9;1,9;2,2;2,0;2,7;
3024065;"Pniewy - obszar wiejski (5)";0,0;0,0;0,0;0,0;0,0;1,8;3,3;2,3;2,1;2,1;2,7;2,8;
3024073;"Szamotuły (3)";5,0;4,5;3,5;2,7;2,5;2,0;3,0;2,5;2,5;2,4;2,5;2,9;
3024074;"Szamotuły - miasto (4)";0,0;0,0;0,0;0,0;0,0;2,1;3,1;2,5;2,6;2,4;2,7;3,1;
3024075;"Szamotuły - obszar wiejski (5)";0,0;0,0;0,0;0,0;0,0;2,0;2,7;2,6;2,4;2,3;2,2;2,8;
3024083;"Wronki (3)";3,0;2,9;2,3;1,7;1,5;1,2;1,7;1,8;1,6;2,0;2,2;2,4;
3024084;"Wronki - miasto (4)";0,0;0,0;0,0;0,0;0,0;1,3;1,8;1,9;1,8;2,3;2,5;2,8;
3024085;"Wronki - obszar wiejski (5)";0,0;0,0;0,0;0,0;0,0;1,0;1,5;1,6;1,4;1,6;1,8;1,9;
3025000;"Powiat średzki";7,9;6,9;6,1;4,1;3,9;4,3;4,9;3,7;4,0;3,9;3,9;4,6;
3025012;"Dominowo (2)";8,8;8,1;6,9;4,9;4,7;5,3;5,1;4,0;4,2;3,4;3,2;3,8;
3025022;"Krzykosy (2)";7,5;6,1;5,7;3,5;3,2;3,2;4,3;2,9;3,3;3,1;3,2;3,5;
3025032;"Nowe Miasto nad Wartą (2)";8,7;7,6;6,3;4,5;4,0;3,9;4,6;3,6;4,4;4,0;3,9;4,8;
3025043;"Środa Wielkopolska (3)";7,9;7,1;6,3;4,2;4,1;4,7;5,3;4,0;4,1;4,1;4,3;5,1;
3025044;"Środa Wielkopolska - miasto (4)";0,0;0,0;0,0;0,0;0,0;4,5;5,0;3,7;3,9;3,8;4,0;5,0;
3025045;"Środa Wielkopolska - obszar wiejski (5)";0,0;0,0;0,0;0,0;0,0;5,2;6,1;4,7;4,7;4,9;4,8;5,4;
3025052;"Zaniemyśl (2)";6,8;5,6;4,9;3,5;3,3;3,4;4,4;3,2;3,1;3,6;3,3;;
3025053;"Zaniemyśl (3)";;;;;;;;;;;;3,8;
3025054;"Zaniemyśl - miasto (4)";;;;;;;;;;;;4,0;
3025055;"Zaniemyśl - obszar wiejski (5)";;;;;;;;;;;;3,7;
3026000;"Powiat śremski";4,1;3,3;2,4;1,6;1,2;1,2;1,9;1,4;1,6;1,5;1,8;2,2;
3026012;"Brodnica (2)";5,0;3,9;2,8;2,3;2,0;1,7;2,1;1,9;2,4;2,0;2,0;2,2;
3026023;"Dolsk (3)";4,5;3,6;2,6;1,3;1,4;1,1;1,8;1,4;1,8;1,9;1,7;2,5;
3026024;"Dolsk - miasto (4)";0,0;0,0;0,0;0,0;0,0;1,0;2,3;1,2;1,5;2,5;1,4;3,5;
3026025;"Dolsk - obszar wiejski (5)";0,0;0,0;0,0;0,0;0,0;1,1;1,6;1,4;1,9;1,7;1,8;2,1;
3026033;"Książ Wielkopolski (3)";4,8;3,9;2,6;2,0;1,5;1,5;2,1;1,9;2,0;1,7;2,0;2,2;
3026034;"Książ Wielkopolski - miasto (4)";0,0;0,0;0,0;0,0;0,0;1,1;2,2;1,8;1,7;1,9;2,3;2,1;
3026035;"Książ Wielkopolski - obszar wiejski (5)";0,0;0,0;0,0;0,0;0,0;1,6;2,1;2,0;2,1;1,5;1,8;2,2;
3026043;"Śrem (3)";3,8;3,0;2,3;1,4;1,0;1,2;1,8;1,3;1,4;1,4;1,8;2,2;
3026044;"Śrem - miasto (4)";0,0;0,0;0,0;0,0;0,0;1,3;1,9;1,4;1,5;1,5;2,0;2,4;
3026045;"Śrem - obszar wiejski (5)";0,0;0,0;0,0;0,0;0,0;0,8;1,7;1,1;1,2;1,1;1,6;1,9;
3027000;"Powiat turecki";6,2;4,9;3,7;3,1;3,2;2,7;3,4;2,5;2,7;2,7;2,5;3,4;
3027011;"Turek (1)";6,3;5,1;3,7;3,2;3,6;3,1;4,0;2,8;3,2;3,3;3,1;4,3;
3027022;"Brudzew (2)";6,3;5,3;3,6;3,4;3,1;2,9;4,0;3,5;3,4;3,1;2,6;3,2;
3027033;"Dobra (3)";5,8;4,7;3,3;3,0;3,0;2,0;3,2;2,2;1,8;2,3;2,0;3,3;
3027034;"Dobra - miasto (4)";0,0;0,0;0,0;0,0;0,0;2,0;2,7;2,1;1,9;2,2;1,6;3,0;
3027035;"Dobra - obszar wiejski (5)";0,0;0,0;0,0;0,0;0,0;2,0;3,4;2,2;1,7;2,4;2,1;3,4;
3027042;"Kawęczyn (2)";5,1;4,0;3,6;2,4;2,8;2,2;3,0;2,4;2,1;2,3;2,2;3,2;
3027052;"Malanów (2)";4,1;3,5;3,3;2,4;2,6;1,8;2,2;1,8;1,8;1,8;1,6;2,5;
3027062;"Przykona (2)";6,4;4,6;2,9;2,2;2,7;2,3;3,1;2,4;2,5;2,5;2,7;2,5;
3027073;"Tuliszków (3)";7,8;5,7;4,7;3,9;3,3;2,8;3,4;2,8;2,6;2,3;2,2;3,1;
3027074;"Tuliszków - miasto (4)";0,0;0,0;0,0;0,0;0,0;3,2;3,2;2,9;2,8;2,2;2,4;3,6;
3027075;"Tuliszków - obszar wiejski (5)";0,0;0,0;0,0;0,0;0,0;2,7;3,5;2,8;2,5;2,3;2,0;3,0;
3027082;"Turek (2)";5,3;3,7;2,7;2,5;2,3;2,2;2,7;1,8;2,1;2,3;2,2;2,8;
3027092;"Władysławów (2)";7,3;5,9;4,2;3,6;3,9;3,4;3,8;2,9;3,2;3,1;2,8;3,5;
3028000;"Powiat wągrowiecki";8,5;5,7;4,6;3,5;3,2;2,5;3,3;2,8;3,1;3,2;3,1;3,6;
3028011;"Wągrowiec (1)";7,6;5,5;4,1;2,8;2,9;2,5;3,4;2,5;3,0;3,4;3,2;3,9;
3028022;"Damasławek (2)";8,9;6,5;5,8;5,1;4,0;3,3;3,8;3,4;4,0;3,3;3,3;4,6;
3028033;"Gołańcz (3)";10,1;6,7;6,0;4,0;3,8;2,9;3,8;3,4;3,6;3,3;3,1;3,7;
3028034;"Gołańcz - miasto (4)";0,0;0,0;0,0;0,0;0,0;2,9;3,4;3,2;3,4;3,5;3,1;4,2;
3028035;"Gołańcz - obszar wiejski (5)";0,0;0,0;0,0;0,0;0,0;2,8;4,0;3,6;3,7;3,1;3,1;3,4;
3028042;"Mieścisko (2)";8,3;6,1;4,6;4,0;3,0;2,3;3,1;2,8;2,5;2,7;;;
3028043;"Mieścisko (3)";;;;;;;;;;;3,0;3,1;
3028044;"Mieścisko - miasto (4)";;;;;;;;;;;2,6;2,3;
3028045;"Mieścisko - obszar wiejski (5)";;;;;;;;;;;3,2;3,7;
3028053;"Skoki (3)";8,0;5,1;4,0;3,7;2,8;1,8;2,5;2,6;2,9;2,5;2,3;2,8;
3028054;"Skoki - miasto (4)";0,0;0,0;0,0;0,0;0,0;1,5;2,2;2,3;2,3;1,9;2,1;2,8;
3028055;"Skoki - obszar wiejski (5)";0,0;0,0;0,0;0,0;0,0;2,1;2,8;2,8;3,3;3,0;2,5;2,7;
3028062;"Wapno (2)";10,6;7,9;6,5;5,3;4,4;4,1;4,3;3,8;4,4;4,3;5,0;5,3;
3028072;"Wągrowiec (2)";8,9;4,6;4,4;2,9;3,0;2,2;3,3;2,8;3,0;3,0;2,9;3,4;
3029000;"Powiat wolsztyński";3,4;2,9;2,0;1,4;1,2;1,3;2,1;1,7;1,4;1,5;1,2;1,9;
3029012;"Przemęt (2)";3,3;2,9;1,9;1,5;1,1;1,1;1,9;1,5;1,3;1,2;1,1;1,4;
3029022;"Siedlec (2)";3,1;2,5;2,0;1,2;1,1;1,2;1,8;1,3;1,0;1,3;0,7;1,5;
3029033;"Wolsztyn (3)";3,7;3,1;2,1;1,4;1,3;1,5;2,3;2,0;1,7;1,7;1,4;2,2;
3029034;"Wolsztyn - miasto (4)";0,0;0,0;0,0;0,0;0,0;1,7;2,6;2,2;2,0;2,0;1,8;2,9;
3029035;"Wolsztyn - obszar wiejski (5)";0,0;0,0;0,0;0,0;0,0;1,3;2,1;1,8;1,5;1,6;1,2;1,9;
3030000;"Powiat wrzesiński";8,0;6,0;4,3;2,4;2,4;2,4;3,6;3,0;3,0;2,6;2,5;2,9;
3030012;"Kołaczkowo (2)";9,8;6,8;5,0;2,7;2,7;2,4;3,7;3,3;3,8;2,5;3,5;3,7;
3030023;"Miłosław (3)";8,7;6,2;4,7;2,9;2,4;2,5;3,7;3,5;3,5;3,4;3,0;3,4;
3030024;"Miłosław - miasto (4)";0,0;0,0;0,0;0,0;0,0;3,0;4,3;3,9;4,6;3,6;3,5;4,1;
3030025;"Miłosław - obszar wiejski (5)";0,0;0,0;0,0;0,0;0,0;2,2;3,4;3,2;2,9;3,3;2,8;3,0;
3030033;"Nekla (3)";5,0;3,9;3,2;1,6;1,8;1,8;2,5;1,9;1,7;1,8;1,4;1,8;
3030034;"Nekla - miasto (4)";0,0;0,0;0,0;0,0;0,0;1,4;2,3;1,3;2,0;1,8;1,3;1,8;
3030035;"Nekla - obszar wiejski (5)";0,0;0,0;0,0;0,0;0,0;2,2;2,6;2,5;1,5;1,7;1,5;1,9;
3030043;"Pyzdry (3)";10,2;7,7;5,5;3,2;3,2;3,4;4,6;3,7;4,7;3,8;3,7;3,4;
3030044;"Pyzdry - miasto (4)";0,0;0,0;0,0;0,0;0,0;3,3;5,2;4,0;5,0;4,0;3,7;3,4;
3030045;"Pyzdry - obszar wiejski (5)";0,0;0,0;0,0;0,0;0,0;3,4;4,1;3,5;4,5;3,7;3,7;3,4;
3030053;"Września (3)";7,7;6,0;4,1;2,3;2,4;2,3;3,6;2,9;2,8;2,5;2,4;2,9;
3030054;"Września - miasto (4)";0,0;0,0;0,0;0,0;0,0;2,4;3,6;2,9;2,8;2,5;2,4;2,8;
3030055;"Września - obszar wiejski (5)";0,0;0,0;0,0;0,0;0,0;2,2;3,5;3,0;2,9;2,3;2,3;2,9;
3031000;"Powiat złotowski";8,8;7,9;6,6;5,9;5,2;4,3;4,8;3,8;3,9;4,1;3,8;4,6;
3031011;"Złotów (1)";7,5;6,3;6,0;5,2;4,8;4,2;3,9;3,0;3,3;3,4;3,2;4,8;
3031023;"Jastrowie (3)";11,1;9,9;7,0;6,8;6,3;5,5;6,3;5,2;5,3;5,4;4,3;5,6;
3031024;"Jastrowie - miasto (4)";0,0;0,0;0,0;0,0;0,0;5,2;5,7;4,4;4,7;5,0;3,8;5,7;
3031025;"Jastrowie - obszar wiejski (5)";0,0;0,0;0,0;0,0;0,0;6,4;8,2;7,5;7,1;6,8;5,9;5,2;
3031033;"Krajenka (3)";7,7;6,7;5,8;5,1;4,4;3,9;4,4;3,0;2,8;3,4;3,8;3,4;
3031034;"Krajenka - miasto (4)";0,0;0,0;0,0;0,0;0,0;4,2;5,1;3,3;2,9;4,3;4,5;3,7;
3031035;"Krajenka - obszar wiejski (5)";0,0;0,0;0,0;0,0;0,0;3,6;3,9;2,8;2,7;2,6;3,2;3,2;
3031042;"Lipka (2)";9,8;9,1;8,2;6,5;5,4;4,3;5,4;3,9;3,4;4,3;4,1;4,9;
3031053;"Okonek (3)";9,3;8,9;8,1;6,4;4,5;4,2;4,5;3,9;4,5;4,6;4,4;5,4;
3031054;"Okonek - miasto (4)";0,0;0,0;0,0;0,0;0,0;4,2;4,4;3,8;4,5;4,5;4,6;5,1;
3031055;"Okonek - obszar wiejski (5)";0,0;0,0;0,0;0,0;0,0;4,2;4,5;3,9;4,5;4,6;4,3;5,7;
3031062;"Tarnówka (2)";8,5;9,2;6,8;5,6;5,7;4,5;5,9;5,0;6,3;5,5;5,1;5,2;
3031072;"Zakrzewo (2)";7,6;6,8;5,1;4,7;4,5;2,8;4,6;3,3;3,6;3,5;3,2;3,9;
3031082;"Złotów (2)";8,9;8,2;6,7;6,6;5,7;4,7;5,0;3,9;3,5;3,8;3,3;3,8;
3061000;"Powiat m. Kalisz";5,3;4,2;3,6;2,5;2,2;2,2;3,0;2,8;2,9;2,8;3,2;3,7;
3061011;"Kalisz (1)";5,3;4,2;3,6;2,5;2,2;2,2;3,0;2,8;2,9;2,8;3,2;3,7;
3062000;"Powiat m. Konin";9,2;8,4;8,0;5,9;5,1;4,6;6,2;5,4;4,9;4,7;5,0;6,1;
3062011;"Konin (1)";9,2;8,4;8,0;5,9;5,1;4,6;6,2;5,4;4,9;4,7;5,0;6,1;
3063000;"Powiat m. Leszno";5,4;4,6;4,0;3,4;3,1;2,8;3,2;2,5;2,5;2,7;2,8;3,4;
3063011;"Leszno (1)";5,4;4,6;4,0;3,4;3,1;2,8;3,2;2,5;2,5;2,7;2,8;3,4;
3064000;"Powiat m. Poznań";3,0;2,4;2,0;1,6;1,3;1,2;2,1;1,7;1,1;1,1;1,1;1,5;
3064011;"Poznań (1)";3,0;2,4;2,0;1,6;1,3;1,2;2,1;1,7;1,1;1,1;1,1;1,5;
3200000;"ZACHODNIOPOMORSKIE";8,6;7,4;6,2;5,0;4,4;4,1;5,3;4,5;4,2;4,2;4,2;4,8;
3201000;"Powiat białogardzki";14,3;13,3;11,4;9,6;9,3;8,6;10,1;9,3;9,1;9,0;9,2;9,8;
3201011;"Białogard (1)";12,0;11,2;9,8;8,1;7,9;7,5;8,5;8,1;7,7;7,5;7,6;8,6;
3201022;"Białogard (2)";17,1;15,8;13,8;11,2;11,4;9,8;11,4;10,0;10,7;10,8;10,7;11,2;
3201033;"Karlino (3)";15,7;14,1;12,2;10,5;10,3;9,2;11,2;10,2;9,2;9,3;9,8;9,8;
3201034;"Karlino - miasto (4)";0,0;0,0;0,0;0,0;0,0;8,4;10,0;9,3;8,5;8,8;9,4;9,8;
3201035;"Karlino - obszar wiejski (5)";0,0;0,0;0,0;0,0;0,0;10,7;13,2;11,7;10,4;10,0;10,7;9,7;
3201043;"Tychowo (3)";17,4;16,1;13,1;11,9;10,6;10,6;13,0;11,8;12,2;12,3;12,6;12,8;
3201044;"Tychowo - miasto (4)";0,0;0,0;0,0;0,0;0,0;6,9;8,9;7,6;9,3;8,3;7,2;9,0;
3201045;"Tychowo - obszar wiejski (5)";0,0;0,0;0,0;0,0;0,0;12,6;15,3;14,1;13,8;14,4;15,5;14,8;
3202000;"Powiat choszczeński";11,1;10,6;9,4;8,0;7,5;7,3;9,2;8,2;7,4;7,6;7,6;8,0;
3202012;"Bierzwnik (2)";13,2;12,5;11,1;8,5;8,4;8,8;10,9;9,2;8,7;9,0;9,8;10,0;
3202023;"Choszczno (3)";9,2;8,7;7,6;6,0;5,7;5,3;7,0;6,6;5,8;6,4;6,2;6,5;
3202024;"Choszczno - miasto (4)";0,0;0,0;0,0;0,0;0,0;4,5;6,1;5,6;4,9;5,6;5,6;6,1;
3202025;"Choszczno - obszar wiejski (5)";0,0;0,0;0,0;0,0;0,0;7,1;8,9;8,8;7,7;8,0;7,4;7,3;
3202033;"Drawno (3)";12,3;11,3;11,0;10,2;9,7;9,2;10,8;8,6;8,8;8,4;8,6;9,0;
3202034;"Drawno - miasto (4)";0,0;0,0;0,0;0,0;0,0;7,4;8,2;6,2;6,4;5,5;6,7;6,6;
3202035;"Drawno - obszar wiejski (5)";0,0;0,0;0,0;0,0;0,0;10,6;13,0;10,6;10,9;10,8;10,2;11,0;
3202042;"Krzęcin (2)";12,0;11,9;9,7;8,2;8,2;8,2;10,4;9,3;9,1;8,4;8,2;8,3;
3202053;"Pełczyce (3)";11,7;11,5;10,3;9,7;8,6;8,3;10,4;9,1;8,2;8,1;8,3;9,4;
3202054;"Pełczyce - miasto (4)";0,0;0,0;0,0;0,0;0,0;7,8;9,1;8,2;7,9;6,6;7,1;8,7;
3202055;"Pełczyce - obszar wiejski (5)";0,0;0,0;0,0;0,0;0,0;8,5;11,0;9,5;8,3;8,8;8,9;9,7;
3202063;"Recz (3)";14,5;13,1;11,9;10,6;9,2;9,8;12,5;11,4;9,3;9,5;9,1;9,5;
3202064;"Recz - miasto (4)";0,0;0,0;0,0;0,0;0,0;6,1;8,6;8,2;6,3;6,6;6,6;7,1;
3202065;"Recz - obszar wiejski (5)";0,0;0,0;0,0;0,0;0,0;13,8;16,9;15,1;12,7;12,6;11,8;12,1;
3203000;"Powiat drawski";12,7;11,9;9,6;9,3;7,1;6,7;8,4;7,0;6,3;5,9;6,3;7,0;
3203013;"Czaplinek (3)";12,9;11,2;8,4;8,1;7,2;7,6;9,2;7,2;7,5;7,4;7,3;7,7;
3203014;"Czaplinek - miasto (4)";0,0;0,0;0,0;0,0;0,0;6,5;8,0;6,2;6,0;6,3;6,4;7,4;
3203015;"Czaplinek - obszar wiejski (5)";0,0;0,0;0,0;0,0;0,0;9,3;10,9;8,7;9,6;8,8;8,5;8,1;
3203023;"Drawsko Pomorskie (3)";12,0;10,7;8,8;8,4;5,4;5,3;6,3;5,4;4,4;4,1;4,6;5,2;
3203024;"Drawsko Pomorskie - miasto (4)";0,0;0,0;0,0;0,0;0,0;4,5;5,8;4,8;3,9;3,7;4,1;4,9;
3203025;"Drawsko Pomorskie - obszar wiejski (5)";0,0;0,0;0,0;0,0;0,0;6,8;7,5;6,8;5,6;4,9;5,6;6,0;
3203033;"Kalisz Pomorski (3)";12,0;13,5;12,2;10,4;7,8;6,7;8,3;8,0;6,8;5,2;5,6;6,2;
3203034;"Kalisz Pomorski - miasto (4)";0,0;0,0;0,0;0,0;0,0;5,1;6,2;6,3;5,1;4,4;4,6;4,9;
3203035;"Kalisz Pomorski - obszar wiejski (5)";0,0;0,0;0,0;0,0;0,0;9,0;11,4;10,3;9,3;6,4;6,9;7,9;
3203042;"Ostrowice (2)";14,3;12,1;8,7;8,6;7,4;;;;;;;;
3203052;"Wierzchowo (2)";13,6;13,0;11,2;11,0;8,3;7,7;8,9;7,8;6,9;7,1;7,7;7,8;
3203063;"Złocieniec (3)";13,0;12,8;10,0;10,1;8,0;7,4;9,9;7,9;7,1;6,8;7,2;8,5;
3203064;"Złocieniec - miasto (4)";0,0;0,0;0,0;0,0;0,0;7,2;9,5;7,4;6,8;6,4;6,7;8,1;
3203065;"Złocieniec - obszar wiejski (5)";0,0;0,0;0,0;0,0;0,0;8,0;11,2;9,4;8,2;8,0;9,0;9,7;
3204000;"Powiat goleniowski";6,1;5,3;4,9;3,8;3,5;3,4;4,5;2,7;2,1;2,4;2,7;3,3;
3204023;"Goleniów (3)";4,7;3,9;3,5;2,4;2,3;2,6;3,4;2,1;1,6;2,0;2,2;2,8;
3204024;"Goleniów - miasto (4)";0,0;0,0;0,0;0,0;0,0;2,6;3,3;2,0;1,8;2,2;2,4;3,0;
3204025;"Goleniów - obszar wiejski (5)";0,0;0,0;0,0;0,0;0,0;2,5;3,4;2,1;1,4;1,9;2,0;2,5;
3204033;"Maszewo (3)";6,8;5,8;5,8;4,4;3,9;3,8;5,5;3,2;2,5;2,4;3,1;3,6;
3204034;"Maszewo - miasto (4)";0,0;0,0;0,0;0,0;0,0;4,1;5,6;3,3;2,7;2,5;2,8;3,5;
3204035;"Maszewo - obszar wiejski (5)";0,0;0,0;0,0;0,0;0,0;3,7;5,5;3,1;2,3;2,4;3,3;3,7;
3204043;"Nowogard (3)";7,4;6,3;6,2;5,2;4,8;4,2;5,6;3,4;2,8;2,7;2,9;4,0;
3204044;"Nowogard - miasto (4)";0,0;0,0;0,0;0,0;0,0;3,4;4,5;2,7;2,2;2,4;2,5;3,8;
3204045;"Nowogard - obszar wiejski (5)";0,0;0,0;0,0;0,0;0,0;5,8;7,6;4,7;3,9;3,3;3,6;4,3;
3204052;"Osina (2)";6,9;6,6;5,5;4,3;4,2;3,9;5,5;2,8;2,3;2,6;3,2;3,7;
3204062;"Przybiernów (2)";6,9;7,3;5,9;4,5;4,5;4,2;5,7;3,4;2,0;3,1;3,2;3,2;
3204073;"Stepnica (3)";7,1;5,8;5,3;4,5;4,0;3,7;4,8;3,1;2,5;2,8;3,2;3,3;
3204074;"Stepnica - miasto (4)";0,0;0,0;0,0;0,0;0,0;2,4;3,7;2,7;2,4;2,1;3,2;3,3;
3204075;"Stepnica - obszar wiejski (5)";0,0;0,0;0,0;0,0;0,0;5,0;5,9;3,5;2,7;3,6;3,2;3,3;
3205000;"Powiat gryficki";11,7;10,6;7,9;5,6;4,4;3,9;4,9;3,8;3,6;4,1;4,3;5,2;
3205012;"Brojce (2)";12,8;11,7;9,2;6,6;4,7;4,2;5,3;5,0;4,3;4,8;5,0;5,4;
3205023;"Gryfice (3)";11,9;10,6;7,7;5,5;4,3;3,8;4,7;3,8;3,6;4,0;4,1;5,1;
3205024;"Gryfice - miasto (4)";0,0;0,0;0,0;0,0;0,0;3,6;4,5;3,8;3,7;3,9;3,9;5,0;
3205025;"Gryfice - obszar wiejski (5)";0,0;0,0;0,0;0,0;0,0;4,4;5,3;3,8;3,6;4,4;4,4;5,4;
3205032;"Karnice (2)";15,4;13,6;10,7;8,0;5,8;5,1;6,3;4,6;4,8;5,2;5,6;6,3;
3205043;"Płoty (3)";12,7;12,0;8,9;6,6;5,3;5,0;5,8;4,7;4,3;5,0;5,4;6,0;
3205044;"Płoty - miasto (4)";0,0;0,0;0,0;0,0;0,0;4,4;4,8;3,9;3,6;4,5;4,5;5,1;
3205045;"Płoty - obszar wiejski (5)";0,0;0,0;0,0;0,0;0,0;5,5;6,7;5,4;4,8;5,5;6,0;6,8;
3205072;"Rewal (2)";11,5;10,5;8,1;5,8;3,6;3,1;4,5;4,0;3,9;4,3;4,4;5,0;
3205083;"Trzebiatów (3)";9,6;8,9;6,4;4,2;3,9;3,2;4,2;3,0;2,8;3,3;3,5;4,5;
3205084;"Trzebiatów - miasto (4)";0,0;0,0;0,0;0,0;0,0;3,1;3,9;3,0;2,5;3,2;3,6;4,4;
3205085;"Trzebiatów - obszar wiejski (5)";0,0;0,0;0,0;0,0;0,0;3,4;4,7;2,8;3,1;3,4;3,4;4,7;
3206000;"Powiat gryfiński";8,3;6,9;6,5;5,2;4,7;3,7;4,8;3,9;3,7;3,4;3,5;3,9;
3206012;"Banie (2)";9,3;8,0;7,6;6,1;5,1;2,9;4,1;3,3;2,5;2,5;2,8;2,8;
3206023;"Cedynia (3)";10,5;9,1;8,9;6,8;7,2;6,5;7,8;6,5;6,3;5,6;5,0;5,1;
3206024;"Cedynia - miasto (4)";0,0;0,0;0,0;0,0;0,0;4,9;6,8;5,0;5,4;4,4;4,9;4,7;
3206025;"Cedynia - obszar wiejski (5)";0,0;0,0;0,0;0,0;0,0;7,5;8,4;7,5;6,8;6,3;5,1;5,3;
3206033;"Chojna (3)";10,5;9,1;8,3;6,7;6,4;5,6;7,1;6,1;6,1;5,6;5,7;6,3;
3206034;"Chojna - miasto (4)";0,0;0,0;0,0;0,0;0,0;3,4;5,0;4,2;4,3;3,9;4,0;4,5;
3206035;"Chojna - obszar wiejski (5)";0,0;0,0;0,0;0,0;0,0;8,1;9,6;8,5;8,3;7,8;7,8;8,7;
3206043;"Gryfino (3)";5,9;4,7;4,3;3,2;2,5;1,7;2,5;1,9;1,7;1,6;1,8;2,2;
3206044;"Gryfino - miasto (4)";0,0;0,0;0,0;0,0;0,0;1,7;2,5;1,6;1,6;1,6;1,7;2,1;
3206045;"Gryfino - obszar wiejski (5)";0,0;0,0;0,0;0,0;0,0;1,7;2,6;2,3;2,0;1,6;1,9;2,4;
3206053;"Mieszkowice (3)";9,5;7,6;7,3;6,6;6,2;5,9;6,8;5,7;5,8;5,2;4,9;5,3;
3206054;"Mieszkowice - miasto (4)";0,0;0,0;0,0;0,0;0,0;4,8;5,4;4,6;4,1;3,9;3,7;4,4;
3206055;"Mieszkowice - obszar wiejski (5)";0,0;0,0;0,0;0,0;0,0;7,1;8,3;6,8;7,6;6,5;6,2;6,3;
3206063;"Moryń (3)";11,9;9,5;8,7;7,3;6,3;5,9;6,9;5,2;5,3;5,3;5,5;5,1;
3206064;"Moryń - miasto (4)";0,0;0,0;0,0;0,0;0,0;5,0;6,2;4,4;3,9;3,9;4,2;3,9;
3206065;"Moryń - obszar wiejski (5)";0,0;0,0;0,0;0,0;0,0;6,3;7,4;5,7;6,1;6,2;6,3;5,8;
3206072;"Stare Czarnowo (2)";5,4;4,3;4,9;3,5;3,1;2,6;2,6;1,7;1,2;1,4;1,9;2,3;
3206083;"Trzcińsko-Zdrój (3)";11,0;10,2;9,0;7,6;6,9;6,0;7,5;5,9;5,7;5,5;5,6;6,1;
3206084;"Trzcińsko-Zdrój - miasto (4)";0,0;0,0;0,0;0,0;0,0;5,1;5,8;4,5;4,3;4,0;4,8;5,2;
3206085;"Trzcińsko-Zdrój - obszar wiejski (5)";0,0;0,0;0,0;0,0;0,0;6,6;8,7;6,9;6,7;6,5;6,2;6,7;
3206092;"Widuchowa (2)";9,1;7,2;7,1;6,0;5,8;3,6;5,0;4,2;3,6;2,8;2,7;3,4;
3207000;"Powiat kamieński";10,7;10,2;10,1;8,7;8,0;7,6;9,2;8,3;7,3;7,0;6,9;7,2;
3207013;"Dziwnów (3)";10,6;8,7;9,4;8,6;8,0;8,2;9,9;8,1;9,0;8,5;8,4;7,4;
3207014;"Dziwnów - miasto (4)";0,0;0,0;0,0;0,0;0,0;7,4;9,5;7,6;8,6;7,2;6,8;6,2;
3207015;"Dziwnów - obszar wiejski (5)";0,0;0,0;0,0;0,0;0,0;9,7;10,6;9,1;9,8;10,9;11,2;9,6;
3207023;"Golczewo (3)";8,8;7,9;8,6;6,9;7,2;6,7;8,8;9,0;7,7;7,6;7,7;7,6;
3207024;"Golczewo - miasto (4)";0,0;0,0;0,0;0,0;0,0;6,3;7,4;7,5;5,7;5,8;5,5;4,9;
3207025;"Golczewo - obszar wiejski (5)";0,0;0,0;0,0;0,0;0,0;7,1;10,0;10,2;9,3;8,9;9,5;9,6;
3207033;"Kamień Pomorski (3)";10,2;9,9;9,5;8,4;7,4;7,5;9,2;8,3;7,5;7,2;7,0;7,5;
3207034;"Kamień Pomorski - miasto (4)";0,0;0,0;0,0;0,0;0,0;7,1;8,5;7,6;7,1;6,7;6,6;7,0;
3207035;"Kamień Pomorski - obszar wiejski (5)";0,0;0,0;0,0;0,0;0,0;8,1;10,4;9,3;8,1;7,9;7,6;8,2;
3207043;"Międzyzdroje (3)";9,1;8,2;8,2;6,6;5,8;5,3;6,3;5,1;4,3;4,3;3,8;4,6;
3207044;"Międzyzdroje - miasto (4)";0,0;0,0;0,0;0,0;0,0;5,5;6,8;5,4;4,4;4,4;4,0;4,8;
3207045;"Międzyzdroje - obszar wiejski (5)";0,0;0,0;0,0;0,0;0,0;4,3;4,0;3,9;3,7;3,8;2,6;4,0;
3207052;"Świerzno (2)";14,4;14,0;13,5;12,9;10,7;10,2;12,7;11,9;9,1;9,9;9,3;9,8;
3207063;"Wolin (3)";11,8;11,7;11,4;9,6;9,2;8,4;9,5;8,5;7,3;6,6;6,8;7,1;
3207064;"Wolin - miasto (4)";0,0;0,0;0,0;0,0;0,0;7,3;7,8;6,9;5,5;5,4;5,4;5,4;
3207065;"Wolin - obszar wiejski (5)";0,0;0,0;0,0;0,0;0,0;9,0;10,6;9,5;8,5;7,3;7,7;8,2;
3208000;"Powiat kołobrzeski";6,3;5,0;4,5;2,7;1,5;0,7;3,0;2,6;1,1;1,2;1,4;2,2;
3208011;"Kołobrzeg (1)";5,7;4,5;4,2;2,6;1,4;0,7;3,2;2,5;1,1;1,2;1,4;2,3;
3208022;"Dygowo (2)";7,2;5,4;4,9;3,3;2,1;0,6;3,2;2,9;1,2;1,3;1,8;2,3;
3208033;"Gościno (3)";7,5;5,9;5,5;3,1;1,4;0,9;2,7;3,2;1,2;1,3;1,5;2,5;
3208034;"Gościno - miasto (4)";0,0;0,0;0,0;0,0;0,0;0,8;2,3;2,9;1,3;1,1;1,1;2,3;
3208035;"Gościno - obszar wiejski (5)";0,0;0,0;0,0;0,0;0,0;0,9;3,0;3,5;1,1;1,4;1,9;2,7;
3208042;"Kołobrzeg (2)";6,3;5,0;4,2;2,7;1,4;0,7;2,9;2,3;1,1;1,2;1,2;1,9;
3208052;"Rymań (2)";8,9;6,7;5,4;3,2;2,0;1,0;3,4;3,4;1,2;1,6;2,3;2,6;
3208062;"Siemyśl (2)";7,2;5,0;4,8;2,1;0,9;0,6;2,0;1,9;1,0;1,3;1,3;2,1;
3208072;"Ustronie Morskie (2)";7,2;6,6;5,9;3,2;1,7;0,6;2,5;2,4;0,9;1,1;0,9;1,3;
3209000;"Powiat koszaliński";11,3;9,8;7,8;6,4;5,9;5,6;7,2;6,5;6,2;5,7;5,6;6,2;
3209012;"Będzino (2)";11,5;10,3;8,7;6,7;6,0;5,3;7,8;6,1;5,4;4,6;4,7;5,2;
3209022;"Biesiekierz (2)";8,5;6,8;5,8;5,2;4,6;4,2;5,2;4,9;4,4;3,8;3,8;4,3;
3209033;"Bobolice (3)";14,0;11,7;7,7;5,9;6,8;7,9;9,5;8,4;8,6;8,7;8,2;9,2;
3209034;"Bobolice - miasto (4)";0,0;0,0;0,0;0,0;0,0;6,4;7,2;6,3;6,2;6,6;6,0;7,3;
3209035;"Bobolice - obszar wiejski (5)";0,0;0,0;0,0;0,0;0,0;9,0;11,3;10,1;10,5;10,3;10,0;10,6;
3209042;"Manowo (2)";9,0;7,5;6,7;5,7;4,6;4,7;5,4;5,9;5,2;4,8;5,1;5,2;
3209052;"Mielno (2)";9,2;7,9;7,2;;;;;;;;;;
3209053;"Mielno (3)";;;;6,4;5,2;5,3;7,1;5,7;5,3;4,9;5,0;6,3;
3209054;"Mielno - miasto (4)";;;;0,0;0,0;4,5;5,8;4,3;4,6;3,9;4,2;5,1;
3209055;"Mielno - obszar wiejski (5)";;;;0,0;0,0;6,6;8,9;7,6;6,2;6,4;6,2;8,0;
3209063;"Polanów (3)";13,7;12,2;9,8;8,2;7,6;7,2;10,3;9,0;9,5;9,2;8,7;9,1;
3209064;"Polanów - miasto (4)";0,0;0,0;0,0;0,0;0,0;4,7;6,8;5,1;5,8;6,4;6,9;7,4;
3209065;"Polanów - obszar wiejski (5)";0,0;0,0;0,0;0,0;0,0;8,4;12,1;11,0;11,5;10,6;9,7;10,1;
3209073;"Sianów (3)";11,2;10,0;7,6;6,4;5,7;5,2;7,0;6,6;5,9;5,1;5,2;5,5;
3209074;"Sianów - miasto (4)";0,0;0,0;0,0;0,0;0,0;4,9;6,6;5,9;5,2;4,8;5,0;5,3;
3209075;"Sianów - obszar wiejski (5)";0,0;0,0;0,0;0,0;0,0;5,5;7,3;7,2;6,5;5,2;5,3;5,7;
3209082;"Świeszyno (2)";10,6;9,4;7,7;6,0;5,7;4,4;5,1;5,1;5,1;4,2;4,2;5,0;
3210000;"Powiat myśliborski";7,5;5,9;5,4;4,6;4,1;3,5;4,3;3,3;3,4;3,4;3,9;4,8;
3210013;"Barlinek (3)";7,3;5,4;5,5;4,1;4,2;3,7;4,3;3,6;3,3;3,6;4,1;5,0;
3210014;"Barlinek - miasto (4)";0,0;0,0;0,0;0,0;0,0;3,3;4,0;3,3;3,0;3,7;4,0;4,9;
3210015;"Barlinek - obszar wiejski (5)";0,0;0,0;0,0;0,0;0,0;4,5;4,8;4,2;3,9;3,6;4,4;5,1;
3210022;"Boleszkowice (2)";7,4;5,4;3,7;3,3;3,2;3,6;4,2;2,5;3,0;2,7;2,9;3,6;
3210033;"Dębno (3)";7,1;5,4;5,0;4,6;3,9;3,7;4,4;3,5;3,5;3,8;4,1;5,2;
3210034;"Dębno - miasto (4)";0,0;0,0;0,0;0,0;0,0;3,6;4,2;3,6;3,6;4,1;4,4;5,5;
3210035;"Dębno - obszar wiejski (5)";0,0;0,0;0,0;0,0;0,0;3,8;4,7;3,3;3,4;3,2;3,6;4,8;
3210043;"Myślibórz (3)";8,0;6,9;5,6;4,9;4,0;2,9;4,2;2,7;3,2;3,0;3,5;4,3;
3210044;"Myślibórz - miasto (4)";0,0;0,0;0,0;0,0;0,0;1,6;2,6;1,2;1,4;1,4;1,4;1,7;
3210045;"Myślibórz - obszar wiejski (5)";0,0;0,0;0,0;0,0;0,0;4,4;6,0;4,6;5,4;4,8;5,9;7,4;
3210052;"Nowogródek Pomorski (2)";8,5;7,1;6,9;5,8;5,4;4,7;5,5;4,8;4,8;3,5;3,7;4,3;
3211000;"Powiat policki";5,6;4,9;4,2;3,2;2,8;2,5;3,3;2,9;2,3;2,0;2,2;2,6;
3211012;"Dobra (Szczecińska) (2)";4,1;3,6;3,5;2,7;2,5;2,1;2,5;2,1;1,7;1,3;1,5;1,7;
3211022;"Kołbaskowo (2)";5,3;4,7;3,9;3,1;2,6;2,3;3,0;2,7;2,1;1,7;2,0;2,3;
3211033;"Nowe Warpno (3)";10,8;9,6;9,7;7,2;6,3;6,7;9,5;8,3;5,5;4,4;4,7;4,7;
3211034;"Nowe Warpno - miasto (4)";0,0;0,0;0,0;0,0;0,0;6,5;9,5;8,4;6,0;5,2;5,7;5,3;
3211035;"Nowe Warpno - obszar wiejski (5)";0,0;0,0;0,0;0,0;0,0;7,1;9,6;7,9;4,7;2,8;2,7;3,5;
3211043;"Police (3)";6,1;5,3;4,5;3,5;2,8;2,7;3,7;3,5;2,7;2,5;2,8;3,4;
3211044;"Police - miasto (4)";0,0;0,0;0,0;0,0;0,0;2,7;3,9;3,6;2,8;2,6;3,0;3,4;
3211045;"Police - obszar wiejski (5)";0,0;0,0;0,0;0,0;0,0;2,7;3,2;3,2;2,6;2,2;2,4;3,4;
3212000;"Powiat pyrzycki";11,3;9,6;8,0;6,2;5,8;5,2;6,3;5,6;5,7;5,3;5,5;5,9;
3212012;"Bielice (2)";10,2;9,4;6,3;4,3;4,1;3,1;4,6;3,7;4,2;4,0;4,7;4,1;
3212022;"Kozielice (2)";13,3;12,2;8,8;8,4;7,4;6,8;8,2;6,4;6,7;5,8;5,9;6,7;
3212033;"Lipiany (3)";13,4;11,5;10,6;7,7;7,9;8,1;10,6;8,8;9,3;8,7;8,6;8,9;
3212034;"Lipiany - miasto (4)";0,0;0,0;0,0;0,0;0,0;8,2;10,2;8,7;9,1;8,2;8,4;8,7;
3212035;"Lipiany - obszar wiejski (5)";0,0;0,0;0,0;0,0;0,0;8,0;11,4;8,8;9,7;9,7;9,1;9,5;
3212042;"Przelewice (2)";14,7;12,7;10,9;9,2;8,8;6,9;7,9;7,6;7,0;5,7;6,2;6,6;
3212053;"Pyrzyce (3)";9,6;8,1;6,7;5,1;4,4;4,2;4,9;4,6;4,6;4,3;4,5;5,0;
3212054;"Pyrzyce - miasto (4)";0,0;0,0;0,0;0,0;0,0;4,0;4,7;4,4;4,5;4,1;4,6;4,8;
3212055;"Pyrzyce - obszar wiejski (5)";0,0;0,0;0,0;0,0;0,0;4,4;5,3;5,0;4,8;4,7;4,5;5,4;
3212062;"Warnice (2)";10,8;8,3;6,8;5,8;5,4;4,0;5,2;4,3;4,7;5,0;5,4;6,0;
3213000;"Powiat sławieński";11,4;10,2;9,1;8,0;7,3;6,9;7,9;6,8;6,8;6,7;6,9;8,1;
3213011;"Darłowo (1)";11,2;10,7;9,3;7,6;7,2;6,4;7,4;6,5;6,4;5,8;6,1;7,1;
3213021;"Sławno (1)";11,0;9,3;8,4;7,6;7,1;7,2;8,3;7,0;6,8;6,5;7,3;8,2;
3213032;"Darłowo (2)";10,8;10,2;8,9;7,5;6,7;5,7;7,5;6,0;6,1;6,0;5,6;6,5;
3213042;"Malechowo (2)";10,6;9,0;9,5;8,5;7,9;8,0;8,7;7,3;7,2;7,2;6,7;8,4;
3213052;"Postomino (2)";10,5;9,4;8,0;7,9;6,8;6,3;7,1;5,8;6,7;6,9;7,1;8,7;
3213062;"Sławno (2)";13,6;11,8;10,6;9,3;8,4;8,1;8,7;8,2;7,7;8,4;8,5;9,8;
3214000;"Powiat stargardzki";8,2;6,8;5,3;4,4;4,0;3,9;4,4;3,9;3,9;3,9;3,7;4,3;
3214011;"Stargard (1)";7,1;6,0;4,7;3,9;3,6;3,5;4,0;3,6;3,6;3,6;3,5;4,1;
3214023;"Chociwel (3)";10,6;8,6;6,9;5,4;5,1;4,9;5,6;4,7;4,6;5,1;4,6;5,4;
3214024;"Chociwel - miasto (4)";0,0;0,0;0,0;0,0;0,0;3,6;4,1;3,9;3,8;4,6;4,6;5,5;
3214025;"Chociwel - obszar wiejski (5)";0,0;0,0;0,0;0,0;0,0;6,4;7,4;5,7;5,4;5,5;4,7;5,2;
3214033;"Dobrzany (3)";10,8;8,8;6,2;5,0;4,9;5,2;6,1;5,2;4,9;5,7;4,8;5,9;
3214034;"Dobrzany - miasto (4)";0,0;0,0;0,0;0,0;0,0;0,8;0,9;0,5;0,5;0,4;0,3;0,5;
3214035;"Dobrzany - obszar wiejski (5)";0,0;0,0;0,0;0,0;0,0;9,2;10,9;9,5;9,0;10,6;8,9;10,8;
3214042;"Dolice (2)";10,5;8,3;6,8;5,5;5,2;4,6;5,2;5,0;5,3;5,1;4,5;5,1;
3214053;"Ińsko (3)";10,7;8,6;7,2;6,3;5,2;5,0;5,8;4,7;5,3;5,1;4,7;4,6;
3214054;"Ińsko - miasto (4)";0,0;0,0;0,0;0,0;0,0;3,9;4,9;3,4;3,5;3,9;3,5;4,2;
3214055;"Ińsko - obszar wiejski (5)";0,0;0,0;0,0;0,0;0,0;6,5;7,0;6,5;7,6;6,7;6,3;5,1;
3214062;"Kobylanka (2)";5,9;5,0;4,1;3,3;2,9;2,9;3,0;3,0;2,9;2,8;2,5;3,0;
3214082;"Marianowo (2)";10,6;8,3;7,7;5,4;4,5;4,2;5,6;4,4;3,7;4,1;4,2;5,3;
3214092;"Stara Dąbrowa (2)";12,9;10,3;7,9;6,6;6,4;6,8;6,2;5,6;5,3;5,4;4,9;5,5;
3214102;"Stargard (2)";8,2;6,7;5,4;4,2;3,7;3,7;4,0;3,5;3,4;3,4;3,2;4,1;
3214113;"Suchań (3)";10,1;8,1;5,9;5,6;4,7;4,2;4,3;4,6;4,5;4,0;4,4;4,9;
3214114;"Suchań - miasto (4)";0,0;0,0;0,0;0,0;0,0;3,3;4,6;5,0;3,9;2,9;3,4;4,2;
3214115;"Suchań - obszar wiejski (5)";0,0;0,0;0,0;0,0;0,0;4,6;4,2;4,3;4,8;4,5;4,9;5,3;
3215000;"Powiat szczecinecki";13,1;11,6;10,6;8,7;8,1;7,9;9,7;8,1;8,4;8,0;7,5;7,9;
3215011;"Szczecinek (1)";10,4;9,2;8,4;6,7;6,1;5,9;7,7;6,0;6,8;6,2;5,7;6,2;
3215023;"Barwice (3)";19,4;17,3;15,9;14,2;14,2;13,9;14,7;13,1;13,5;14,0;12,4;12,5;
3215024;"Barwice - miasto (4)";0,0;0,0;0,0;0,0;0,0;11,5;11,9;10,1;11,3;11,1;9,8;10,3;
3215025;"Barwice - obszar wiejski (5)";0,0;0,0;0,0;0,0;0,0;15,6;16,8;15,4;15,1;16,1;14,4;14,1;
3215033;"Biały Bór (3)";16,3;14,5;14,1;11,8;12,2;11,1;12,9;11,9;11,7;10,3;9,0;9,9;
3215034;"Biały Bór - miasto (4)";0,0;0,0;0,0;0,0;0,0;8,5;10,2;9,4;10,8;8,6;6,1;7,3;
3215035;"Biały Bór - obszar wiejski (5)";0,0;0,0;0,0;0,0;0,0;12,7;14,7;13,5;12,2;11,3;10,6;11,6;
3215043;"Borne Sulinowo (3)";12,5;11,5;10,0;7,8;7,5;6,9;8,9;7,7;7,2;7,2;7,2;8,2;
3215044;"Borne Sulinowo - miasto (4)";0,0;0,0;0,0;0,0;0,0;5,5;6,8;6,0;5,8;6,5;6,4;7,6;
3215045;"Borne Sulinowo - obszar wiejski (5)";0,0;0,0;0,0;0,0;0,0;8,2;11,0;9,6;8,6;8,0;8,2;8,8;
3215052;"Grzmiąca (2)";16,9;14,1;12,3;10,9;9,8;9,1;12,8;11,1;10,8;10,5;10,4;10,5;
3215062;"Szczecinek (2)";15,5;13,7;12,5;10,0;8,4;9,0;11,2;9,2;8,9;8,4;8,2;8,1;
3216000;"Powiat świdwiński";11,9;10,5;8,6;7,9;7,1;6,0;7,7;6,0;6,3;6,6;6,8;7,7;
3216011;"Świdwin (1)";9,8;8,1;6,0;6,2;5,6;4,9;6,2;4,8;5,1;5,4;5,2;6,5;
3216022;"Brzeżno (2)";13,8;11,9;11,2;8,8;8,7;6,7;8,2;5,9;6,3;7,5;7,8;8,0;
3216033;"Połczyn-Zdrój (3)";11,9;10,8;9,2;8,6;8,1;6,6;9,1;6,6;7,0;7,3;7,4;8,3;
3216034;"Połczyn-Zdrój - miasto (4)";0,0;0,0;0,0;0,0;0,0;6,2;9,0;6,3;6,7;7,5;7,1;8,2;
3216035;"Połczyn-Zdrój - obszar wiejski (5)";0,0;0,0;0,0;0,0;0,0;7,0;9,2;6,9;7,2;7,1;7,6;8,5;
3216042;"Rąbino (2)";14,4;13,8;10,8;9,4;7,8;6,8;7,9;6,8;7,1;7,2;7,6;8,9;
3216052;"Sławoborze (2)";12,3;11,3;8,4;7,4;7,1;5,7;7,4;6,6;6,1;6,5;6,8;8,2;
3216062;"Świdwin (2)";14,4;13,0;10,9;9,5;7,2;6,9;8,0;7,0;7,5;7,8;8,3;8,2;
3217000;"Powiat wałecki";8,2;7,1;6,0;4,7;4,2;4,2;5,0;4,2;4,3;4,6;5,0;5,7;
3217011;"Wałcz (1)";7,1;6,0;5,2;3,9;3,6;3,4;4,7;3,6;4,1;4,1;4,4;5,5;
3217023;"Człopa (3)";9,6;8,8;7,6;6,5;5,1;5,0;5,4;5,1;4,5;5,6;5,1;5,8;
3217024;"Człopa - miasto (4)";0,0;0,0;0,0;0,0;0,0;4,7;4,2;4,1;3,8;4,3;4,0;5,8;
3217025;"Człopa - obszar wiejski (5)";0,0;0,0;0,0;0,0;0,0;5,3;6,5;6,0;5,1;6,7;6,1;5,8;
3217033;"Mirosławiec (3)";9,1;8,1;7,0;5,6;4,9;4,5;5,1;4,4;4,4;4,2;4,4;5,4;
3217034;"Mirosławiec - miasto (4)";0,0;0,0;0,0;0,0;0,0;4,1;4,6;3,9;3,7;3,3;4,0;4,7;
3217035;"Mirosławiec - obszar wiejski (5)";0,0;0,0;0,0;0,0;0,0;5,2;5,7;5,1;5,3;5,2;5,1;6,3;
3217043;"Tuczno (3)";7,1;6,5;5,7;5,6;4,3;4,8;4,6;4,3;3,9;4,9;5,5;6,1;
3217044;"Tuczno - miasto (4)";0,0;0,0;0,0;0,0;0,0;3,2;3,3;2,7;2,9;3,2;5,1;5,1;
3217045;"Tuczno - obszar wiejski (5)";0,0;0,0;0,0;0,0;0,0;5,8;5,4;5,4;4,5;6,0;5,8;6,7;
3217052;"Wałcz (2)";9,9;8,2;6,8;4,9;4,8;4,9;5,7;4,9;4,9;5,1;5,9;5,9;
3218000;"Powiat łobeski";11,8;11,1;11,0;10,0;9,5;9,2;9,3;7,6;7,7;8,2;7,7;8,0;
3218013;"Dobra (3)";11,9;10,3;10,4;9,2;9,2;8,0;8,8;6,7;7,5;8,0;7,2;7,7;
3218014;"Dobra - miasto (4)";0,0;0,0;0,0;0,0;0,0;8,7;9,1;6,5;7,4;7,0;6,5;7,4;
3218015;"Dobra - obszar wiejski (5)";0,0;0,0;0,0;0,0;0,0;7,4;8,6;6,9;7,7;9,0;7,8;7,9;
3218023;"Łobez (3)";10,3;9,4;9,0;8,5;7,8;7,9;8,2;6,7;6,4;6,8;6,5;7,2;
3218024;"Łobez - miasto (4)";0,0;0,0;0,0;0,0;0,0;6,7;7,1;5,6;5,4;5,4;5,1;5,9;
3218025;"Łobez - obszar wiejski (5)";0,0;0,0;0,0;0,0;0,0;10,9;11,2;9,5;9,2;10,4;10,3;10,5;
3218032;"Radowo Małe (2)";11,3;11,5;11,1;11,6;11,2;11,6;10,1;8,2;7,9;8,9;8,7;7,6;
3218043;"Resko (3)";14,5;14,6;14,5;12,0;11,9;11,6;12,1;9,9;10,1;10,6;10,0;9,8;
3218044;"Resko - miasto (4)";0,0;0,0;0,0;0,0;0,0;9,9;10,3;7,8;7,8;8,7;7,6;7,9;
3218045;"Resko - obszar wiejski (5)";0,0;0,0;0,0;0,0;0,0;13,4;14,1;12,3;12,6;12,6;12,6;11,8;
3218053;"Węgorzyno (3)";12,0;11,0;11,3;10,2;9,3;8,3;8,2;7,1;7,7;8,3;7,1;7,9;
3218054;"Węgorzyno - miasto (4)";0,0;0,0;0,0;0,0;0,0;5,3;6,3;5,6;5,3;5,9;5,1;5,8;
3218055;"Węgorzyno - obszar wiejski (5)";0,0;0,0;0,0;0,0;0,0;10,2;9,5;8,1;9,3;10,0;8,5;9,4;
3261000;"Powiat m. Koszalin";7,5;6,3;5,3;4,2;4,0;3,6;5,2;4,7;4,3;3,5;3,9;4,6;
3261011;"Koszalin (1)";7,5;6,3;5,3;4,2;4,0;3,6;5,2;4,7;4,3;3,5;3,9;4,6;
3262000;"Powiat m. Szczecin";6,4;4,6;3,3;2,3;1,9;1,8;3,1;2,6;2,4;2,8;2,6;3,2;
3262011;"Szczecin (1)";6,4;4,6;3,3;2,3;1,9;1,8;3,1;2,6;2,4;2,8;2,6;3,2;
3263000;"Powiat m. Świnoujście";4,5;3,8;3,1;2,9;2,5;2,0;3,0;2,4;2,3;2,5;2,7;3,2;
3263011;"Świnoujście (1)";4,5;3,8;3,1;2,9;2,5;2,0;3,0;2,4;2,3;2,5;2,7;3,2;
